Customer_ID,Cluster_ID,Cluster_Name,Is_Outlier,Outlier_Label,PC1_32.8pct,PC2_24.6pct,Seasonality_Segment_Score,EA_Segment_Score,Revenue_Bucket_Score,Profit_Bucket_Score,Market_Share_Segment_Score,Casino_Size_Segment_Score,Market_Potential_Segment_Score,Churn_Segment_Score,Competitiveness_Flag_Score,Volume_Segment_Score,Density_Segment_Score,Propensity_Score,Seasonality_Segment,EA_Segment,Revenue_Bucket,Profit_Bucket,Market_Share_Segment,Casino_Size_Segment,Market_Potential_Segment,Churn_Segment,Competitiveness_Flag,Volume_Segment,Density_Segment,Propensity
Accoount 1,0,Standard / Low-Engagement Base,0,Normal,1.0117,0.0513,1.0,2.0,0.0,3.0,2.0,0.0,2.0,0.0,1.0,3.0,3.0,2.0,None,None,None,None,None,None,None,None,Yes,High,High,-
Accoount 2,2,Lean High-Margin Accounts,0,Normal,-0.2325,-0.5294,1.0,2.0,0.0,3.0,2.0,0.0,2.0,0.0,1.0,2.0,2.0,2.0,Unknown,None,None,None,None,None,None,None,-,Medium,Medium,-
Accoount 3,2,Lean High-Margin Accounts,0,Normal,-0.2325,-0.5294,1.0,2.0,0.0,3.0,2.0,0.0,2.0,0.0,1.0,2.0,2.0,2.0,None,None,None,None,None,None,None,None,-,Medium,Medium,-
Accoount 4,0,Standard / Low-Engagement Base,0,Normal,1.0117,0.0513,1.0,2.0,0.0,3.0,2.0,0.0,2.0,0.0,1.0,3.0,3.0,2.0,None,None,None,None,None,None,None,None,Yes,High,High,-
Accoount 5,0,Standard / Low-Engagement Base,0,Normal,1.0117,0.0513,1.0,2.0,0.0,3.0,2.0,0.0,2.0,0.0,1.0,3.0,3.0,2.0,None,None,None,None,None,None,None,None,Yes,High,High,-
Accoount 6,0,Standard / Low-Engagement Base,0,Normal,1.0117,0.0513,1.0,2.0,0.0,3.0,2.0,0.0,2.0,0.0,1.0,3.0,3.0,2.0,None,None,None,None,None,None,None,None,Yes,High,High,-
Accoount 7,2,Lean High-Margin Accounts,0,Normal,-0.2325,-0.5294,1.0,2.0,0.0,3.0,2.0,0.0,2.0,0.0,1.0,2.0,2.0,2.0,None,None,None,None,None,None,None,None,-,Medium,Medium,-
Accoount 8,0,Standard / Low-Engagement Base,0,Normal,1.0117,0.0513,1.0,2.0,0.0,3.0,2.0,0.0,2.0,0.0,1.0,3.0,3.0,2.0,None,None,None,None,None,None,None,None,-,-,-,-
Accoount 9,0,Standard / Low-Engagement Base,0,Normal,1.0117,0.0513,1.0,2.0,0.0,3.0,2.0,0.0,2.0,0.0,1.0,3.0,3.0,2.0,None,None,None,None,None,None,None,None,Yes,High,High,-
Accoount 10,0,Standard / Low-Engagement Base,0,Normal,0.6386,0.4002,3.0,1.0,0.0,3.0,0.0,0.0,2.0,0.0,1.0,3.0,3.0,2.0,Highly Seasonal,Unknown,Low,High,Low,Low,Medium,Minimal Change,Yes,High,High,Medium
Accoount 11,2,Lean High-Margin Accounts,0,Normal,-0.2325,-0.5294,1.0,2.0,0.0,3.0,2.0,0.0,2.0,0.0,1.0,2.0,2.0,2.0,Unknown,None,Low,High,Medium,Low,Medium,Minimal Change,-,Medium,Medium,Medium
Accoount 12,3,High-Growth Potential Early Adopters,0,Normal,-1.641,1.5643,2.0,3.0,0.0,3.0,2.0,2.0,3.0,0.0,1.0,3.0,0.0,2.0,Potentially Seasonal,Early Adopter,Low,High,Medium,Medium,High,Minimal Change,Yes,High,Low,Medium
Accoount 13,0,Standard / Low-Engagement Base,0,Normal,1.0117,0.0513,1.0,2.0,0.0,3.0,2.0,0.0,2.0,0.0,1.0,3.0,3.0,2.0,Unknown,None,None,None,None,None,None,None,Yes,High,High,-
Accoount 14,3,High-Growth Potential Early Adopters,0,Normal,-0.5369,2.9926,2.0,3.0,2.0,3.0,0.0,2.0,3.0,0.0,1.0,3.0,3.0,3.0,Potentially Seasonal,Early Adopter,Medium,High,Low,Medium,High,Minimal Change,Yes,High,High,High
Accoount 15,2,Lean High-Margin Accounts,0,Normal,-1.5675,1.2822,2.0,3.0,3.0,3.0,2.0,0.0,2.0,0.0,1.0,3.0,0.0,2.0,Potentially Seasonal,Early Adopter,High,High,None,None,None,Minimal Change,Yes,High,Low,Medium
Accoount 16,3,High-Growth Potential Early Adopters,0,Normal,-0.165,2.4422,0.0,1.0,2.0,3.0,2.0,2.0,3.0,0.0,1.0,3.0,3.0,3.0,Non Seasonal,Unknown,Medium,High,Medium,Medium,High,Minimal Change,Yes,High,High,High
Accoount 17,0,Standard / Low-Engagement Base,0,Normal,1.3877,-0.8699,1.0,2.0,0.0,3.0,3.0,0.0,0.0,0.0,1.0,3.0,3.0,2.0,Unknown,None,Low,High,High,Low,Low,Minimal Change,-,High,High,Medium
Accoount 18,1,High-Volume Competitive Accounts,0,Normal,-2.1574,-1.6777,1.0,1.0,0.0,3.0,2.0,0.0,2.0,0.0,1.0,0.0,1.0,2.0,Unknown,Unknown,Low,High,Medium,Low,Medium,Minimal Change,Yes,Low,Unknown,Medium
Accoount 19,0,Standard / Low-Engagement Base,0,Normal,1.3877,-0.8699,1.0,2.0,0.0,3.0,3.0,0.0,0.0,0.0,1.0,3.0,3.0,2.0,Unknown,None,Low,High,High,Low,Low,Minimal Change,Yes,High,High,Medium
Accoount 20,3,High-Growth Potential Early Adopters,1,Outlier,-2.4113,3.1742,0.0,1.0,2.0,3.0,0.0,3.0,4.0,0.0,1.0,3.0,0.0,2.0,Non Seasonal,Unknown,Medium,High,Low,High,Very High,Minimal Change,-,High,Low,Medium
Accoount 21,1,High-Volume Competitive Accounts,0,Normal,-2.9721,-0.1188,1.0,1.0,0.0,3.0,2.0,2.0,3.0,0.0,1.0,0.0,1.0,2.0,Unknown,Unknown,Low,High,Medium,Medium,High,Minimal Change,-,Low,Unknown,Medium
Accoount 22,3,High-Growth Potential Early Adopters,1,Outlier,-2.895,1.8733,2.0,0.0,2.0,3.0,0.0,2.0,3.0,0.0,1.0,2.0,0.0,2.0,Potentially Seasonal,Late Adopter,Medium,High,Low,Medium,High,Minimal Change,Yes,Medium,Low,Medium
Accoount 23,3,High-Growth Potential Early Adopters,0,Normal,-2.7581,3.1615,2.0,3.0,2.0,3.0,2.0,3.0,4.0,0.0,1.0,2.0,1.0,3.0,Potentially Seasonal,Early Adopter,Medium,High,Medium,High,Very High,Minimal Change,Yes,Medium,Unknown,High
Accoount 24,1,High-Volume Competitive Accounts,0,Normal,-1.781,-2.5317,1.0,2.0,0.0,3.0,3.0,0.0,0.0,0.0,1.0,0.0,1.0,2.0,Unknown,None,Low,High,High,Low,Low,Minimal Change,-,Low,Unknown,-
Accoount 25,3,High-Growth Potential Early Adopters,0,Normal,-1.7883,1.6924,3.0,3.0,0.0,3.0,2.0,2.0,3.0,0.0,1.0,3.0,0.0,2.0,Highly Seasonal,Early Adopter,Low,High,Medium,Medium,High,Minimal Change,Yes,High,Low,Medium
Accoount 26,1,High-Volume Competitive Accounts,0,Normal,-3.119,0.0766,2.0,2.0,0.0,3.0,2.0,2.0,3.0,0.0,1.0,0.0,1.0,2.0,Potentially Seasonal,None,Low,High,Medium,Medium,High,Minimal Change,-,Low,Unknown,Medium
Accoount 27,0,Standard / Low-Engagement Base,0,Normal,0.3313,-0.449,1.0,2.0,0.0,3.0,2.0,0.0,2.0,0.0,1.0,2.0,3.0,2.0,Unknown,None,None,None,Medium,Low,Medium,None,-,Medium,High,-
Accoount 28,0,Standard / Low-Engagement Base,0,Normal,1.0109,-0.083,1.0,0.0,0.0,3.0,2.0,0.0,2.0,0.0,1.0,3.0,3.0,2.0,Unknown,Late Adopter,Low,High,Medium,Low,Medium,Minimal Change,Yes,High,High,Medium
Accoount 29,1,High-Volume Competitive Accounts,0,Normal,-1.5933,-1.5301,1.0,2.0,0.0,3.0,2.0,0.0,2.0,0.0,1.0,0.0,2.0,2.0,Unknown,None,Low,High,Medium,Low,Medium,Minimal Change,Yes,Low,Medium,Medium
Accoount 30,1,High-Volume Competitive Accounts,0,Normal,-1.0296,-1.4496,1.0,2.0,0.0,3.0,2.0,0.0,2.0,0.0,1.0,0.0,3.0,2.0,Unknown,None,None,None,Medium,Low,Medium,None,Yes,Low,High,-
Accoount 31,3,High-Growth Potential Early Adopters,0,Normal,-0.5411,2.8551,2.0,2.0,2.0,3.0,2.0,2.0,3.0,2.0,1.0,3.0,3.0,3.0,Potentially Seasonal,Trend Follower,Medium,High,Medium,Medium,High,Encouraging,Yes,High,High,High
Accoount 32,0,Standard / Low-Engagement Base,0,Normal,-0.3104,0.4633,2.0,1.0,2.0,3.0,2.0,0.0,2.0,0.0,1.0,2.0,3.0,2.0,Potentially Seasonal,Unknown,Medium,High,Medium,Low,Medium,Minimal Change,Yes,Medium,High,Medium
Accoount 33,3,High-Growth Potential Early Adopters,0,Normal,-1.3546,1.7398,0.0,3.0,2.0,3.0,3.0,2.0,3.0,0.0,1.0,2.0,2.0,2.0,Non Seasonal,Early Adopter,Medium,High,High,Medium,High,Minimal Change,-,Medium,Medium,Medium
Accoount 34,2,Lean High-Margin Accounts,0,Normal,0.824,-0.9503,1.0,2.0,0.0,3.0,3.0,0.0,0.0,0.0,1.0,3.0,2.0,2.0,None,None,None,None,High,Low,Low,None,Yes,High,Medium,-
Accoount 35,1,High-Volume Competitive Accounts,0,Normal,-2.9459,-0.57,3.0,1.0,2.0,3.0,2.0,0.0,2.0,0.0,1.0,0.0,1.0,2.0,Highly Seasonal,Unknown,Medium,High,Medium,Low,Medium,Minimal Change,-,Low,Unknown,Medium
Accoount 36,1,High-Volume Competitive Accounts,1,Outlier,-2.0469,-2.7618,3.0,0.0,0.0,3.0,3.0,0.0,0.0,0.0,1.0,0.0,1.0,0.0,Highly Seasonal,Late Adopter,Low,High,High,Low,Low,Minimal Change,-,Low,Unknown,Low
Accoount 37,0,Standard / Low-Engagement Base,0,Normal,0.2081,-0.315,1.0,2.0,0.0,3.0,2.0,0.0,2.0,3.0,1.0,2.0,3.0,2.0,Unknown,None,Low,High,None,None,None,Concerning,-,Medium,High,-
Accoount 38,0,Standard / Low-Engagement Base,0,Normal,0.7165,0.1734,3.0,0.0,0.0,3.0,2.0,0.0,2.0,0.0,1.0,3.0,3.0,2.0,Highly Seasonal,Late Adopter,Low,High,Medium,Low,Medium,Minimal Change,Yes,High,High,Medium
Accoount 39,3,High-Growth Potential Early Adopters,1,Outlier,-1.507,1.5568,0.0,3.0,0.0,3.0,0.0,2.0,3.0,2.0,1.0,3.0,0.0,2.0,Non Seasonal,Early Adopter,Low,High,Low,Medium,High,Encouraging,Yes,High,Low,Medium
Accoount 40,3,High-Growth Potential Early Adopters,1,Outlier,-3.0357,4.1352,3.0,3.0,3.0,3.0,2.0,3.0,4.0,0.0,1.0,3.0,0.0,3.0,Highly Seasonal,Early Adopter,High,High,Medium,High,Very High,Minimal Change,-,High,Low,High
Accoount 41,0,Standard / Low-Engagement Base,0,Normal,1.0117,0.0513,1.0,2.0,0.0,3.0,2.0,0.0,2.0,0.0,1.0,3.0,3.0,2.0,Unknown,None,Low,High,None,None,None,None,Yes,High,High,-
Accoount 42,0,Standard / Low-Engagement Base,0,Normal,1.0117,0.0513,1.0,2.0,0.0,3.0,2.0,0.0,2.0,0.0,1.0,3.0,3.0,2.0,None,None,None,None,None,None,None,None,Yes,High,High,-
Accoount 43,0,Standard / Low-Engagement Base,0,Normal,1.0117,0.0513,1.0,2.0,0.0,3.0,2.0,0.0,2.0,0.0,1.0,3.0,3.0,2.0,None,None,None,None,None,None,None,None,Yes,High,High,-
Accoount 44,0,Standard / Low-Engagement Base,0,Normal,1.0117,0.0513,1.0,2.0,0.0,3.0,2.0,0.0,2.0,0.0,1.0,3.0,3.0,2.0,None,None,None,None,None,None,None,None,Yes,High,High,-
Accoount 45,2,Lean High-Margin Accounts,0,Normal,-0.2325,-0.5294,1.0,2.0,0.0,3.0,2.0,0.0,2.0,0.0,1.0,2.0,2.0,2.0,None,None,None,None,None,None,None,None,-,Medium,Medium,-
Accoount 46,0,Standard / Low-Engagement Base,0,Normal,1.0117,0.0513,1.0,2.0,0.0,3.0,2.0,0.0,2.0,0.0,1.0,3.0,3.0,2.0,None,None,None,None,None,None,None,None,Yes,High,High,-
Accoount 47,0,Standard / Low-Engagement Base,0,Normal,1.0117,0.0513,1.0,2.0,0.0,3.0,2.0,0.0,2.0,0.0,1.0,3.0,3.0,2.0,None,None,None,None,None,None,None,None,Yes,High,High,-
Accoount 48,0,Standard / Low-Engagement Base,0,Normal,0.3313,-0.449,1.0,2.0,0.0,3.0,2.0,0.0,2.0,0.0,1.0,2.0,3.0,2.0,Unknown,None,None,None,Medium,Low,Medium,None,Yes,Medium,High,Medium
Accoount 49,2,Lean High-Margin Accounts,0,Normal,0.448,-0.0291,1.0,2.0,0.0,3.0,2.0,0.0,2.0,0.0,1.0,3.0,2.0,2.0,None,None,None,None,None,None,None,None,Yes,High,Medium,-
Accoount 50,1,High-Volume Competitive Accounts,1,Outlier,-2.1289,-2.4989,3.0,0.0,0.0,0.0,3.0,0.0,0.0,0.0,1.0,0.0,1.0,2.0,Highly Seasonal,Late Adopter,Low,Low,High,Low,Low,Minimal Change,-,Low,Unknown,Medium
Accoount 51,0,Standard / Low-Engagement Base,0,Normal,0.0372,-0.1254,3.0,3.0,0.0,3.0,2.0,0.0,2.0,0.0,1.0,2.0,3.0,2.0,Highly Seasonal,Early Adopter,Low,High,Medium,Low,Medium,Minimal Change,-,Medium,High,-
Accoount 52,3,High-Growth Potential Early Adopters,0,Normal,-1.8415,2.0248,0.0,1.0,2.0,3.0,2.0,2.0,3.0,0.0,1.0,3.0,0.0,2.0,Non Seasonal,Unknown,Medium,High,Medium,Medium,High,Minimal Change,Yes,High,Low,Medium
Accoount 53,0,Standard / Low-Engagement Base,0,Normal,0.7073,-1.3702,1.0,2.0,0.0,3.0,3.0,0.0,0.0,0.0,1.0,2.0,3.0,2.0,None,None,None,None,High,Low,Low,None,-,Medium,High,-
Accoount 54,1,High-Volume Competitive Accounts,0,Normal,-2.8126,-0.3878,2.0,3.0,2.0,3.0,2.0,0.0,2.0,0.0,1.0,0.0,1.0,3.0,Potentially Seasonal,Early Adopter,Medium,High,Medium,Low,Medium,Minimal Change,-,Low,Unknown,High
Accoount 55,1,High-Volume Competitive Accounts,0,Normal,-2.157,-1.6105,1.0,2.0,0.0,3.0,2.0,0.0,2.0,0.0,1.0,0.0,1.0,2.0,Unknown,None,Low,High,Medium,Low,Medium,Minimal Change,Yes,Low,Unknown,-
Accoount 56,0,Standard / Low-Engagement Base,0,Normal,1.0117,0.0513,1.0,2.0,0.0,3.0,2.0,0.0,2.0,0.0,1.0,3.0,3.0,2.0,None,None,None,None,None,None,None,None,Yes,High,High,-
Accoount 57,0,Standard / Low-Engagement Base,0,Normal,0.8645,0.1795,2.0,2.0,0.0,3.0,2.0,0.0,2.0,0.0,1.0,3.0,3.0,2.0,Potentially Seasonal,None,Low,High,None,None,None,Minimal Change,Yes,High,High,-
Accoount 58,1,High-Volume Competitive Accounts,0,Normal,-1.7405,-1.4019,2.0,2.0,0.0,3.0,2.0,0.0,2.0,0.0,1.0,0.0,2.0,2.0,Potentially Seasonal,None,Low,High,Medium,Low,Medium,Minimal Change,-,Low,Medium,Medium
Accoount 59,1,High-Volume Competitive Accounts,0,Normal,-1.781,-2.5317,1.0,2.0,0.0,3.0,3.0,0.0,0.0,0.0,1.0,0.0,1.0,2.0,Unknown,None,Low,High,High,Low,Low,Minimal Change,-,Low,Unknown,-
Accoount 60,2,Lean High-Margin Accounts,0,Normal,0.3008,0.0991,2.0,2.0,0.0,3.0,2.0,0.0,2.0,0.0,1.0,3.0,2.0,2.0,Potentially Seasonal,None,Low,High,Medium,Low,Medium,Minimal Change,Yes,High,Medium,-
Accoount 61,0,Standard / Low-Engagement Base,0,Normal,1.0117,0.0513,1.0,2.0,0.0,3.0,2.0,0.0,2.0,0.0,1.0,3.0,3.0,2.0,Unknown,None,None,None,None,None,None,None,Yes,High,High,-
Accoount 62,0,Standard / Low-Engagement Base,0,Normal,1.0117,0.0513,1.0,2.0,0.0,3.0,2.0,0.0,2.0,0.0,1.0,3.0,3.0,2.0,None,None,None,None,None,None,None,None,-,-,-,-
Accoount 63,0,Standard / Low-Engagement Base,0,Normal,1.0117,0.0513,1.0,2.0,0.0,3.0,2.0,0.0,2.0,0.0,1.0,3.0,3.0,2.0,None,None,None,None,None,None,None,None,-,-,-,-
Accoount 64,0,Standard / Low-Engagement Base,0,Normal,1.0117,0.0513,1.0,2.0,0.0,3.0,2.0,0.0,2.0,0.0,1.0,3.0,3.0,2.0,Unknown,None,None,None,None,None,None,None,-,-,-,-
Accoount 65,0,Standard / Low-Engagement Base,0,Normal,1.0117,0.0513,1.0,2.0,0.0,3.0,2.0,0.0,2.0,0.0,1.0,3.0,3.0,2.0,None,None,None,None,None,None,None,None,-,-,-,-
Accoount 66,0,Standard / Low-Engagement Base,0,Normal,1.0117,0.0513,1.0,2.0,0.0,3.0,2.0,0.0,2.0,0.0,1.0,3.0,3.0,2.0,None,None,None,None,None,None,None,None,-,-,-,-
Accoount 67,2,Lean High-Margin Accounts,0,Normal,0.824,-0.9503,1.0,2.0,0.0,3.0,3.0,0.0,0.0,0.0,1.0,3.0,2.0,2.0,None,None,None,None,High,Low,Low,None,Yes,High,Medium,-
Accoount 68,0,Standard / Low-Engagement Base,0,Normal,1.0117,0.0513,1.0,2.0,0.0,3.0,2.0,0.0,2.0,0.0,1.0,3.0,3.0,2.0,None,None,None,None,None,None,None,None,-,-,-,-
Accoount 69,0,Standard / Low-Engagement Base,0,Normal,1.1585,-0.144,0.0,1.0,0.0,3.0,2.0,0.0,2.0,0.0,1.0,3.0,3.0,2.0,Non Seasonal,Unknown,Low,High,Medium,Low,Medium,Minimal Change,-,High,High,Medium
Accoount 70,0,Standard / Low-Engagement Base,0,Normal,1.0117,0.0513,1.0,2.0,0.0,3.0,2.0,0.0,2.0,0.0,1.0,3.0,3.0,2.0,None,None,None,None,None,None,None,None,-,High,High,-
Accoount 71,0,Standard / Low-Engagement Base,0,Normal,1.0117,0.0513,1.0,2.0,0.0,3.0,2.0,0.0,2.0,0.0,1.0,3.0,3.0,2.0,None,None,None,None,None,None,None,None,-,-,-,-
Accoount 72,0,Standard / Low-Engagement Base,0,Normal,1.0117,0.0513,1.0,2.0,0.0,3.0,2.0,0.0,2.0,0.0,1.0,3.0,3.0,2.0,None,None,None,None,None,None,None,None,-,-,-,-
Accoount 73,0,Standard / Low-Engagement Base,0,Normal,1.0117,0.0513,1.0,2.0,0.0,3.0,2.0,0.0,2.0,0.0,1.0,3.0,3.0,2.0,None,None,None,None,None,None,None,None,-,-,-,-
Accoount 74,0,Standard / Low-Engagement Base,0,Normal,1.0117,0.0513,1.0,2.0,0.0,3.0,2.0,0.0,2.0,0.0,1.0,3.0,3.0,2.0,None,None,None,None,None,None,None,None,-,-,-,-
Accoount 75,0,Standard / Low-Engagement Base,0,Normal,1.0117,0.0513,1.0,2.0,0.0,3.0,2.0,0.0,2.0,0.0,1.0,3.0,3.0,2.0,None,None,None,None,None,None,None,None,-,-,-,-
Accoount 76,0,Standard / Low-Engagement Base,0,Normal,1.0117,0.0513,1.0,2.0,0.0,3.0,2.0,0.0,2.0,0.0,1.0,3.0,3.0,2.0,None,None,None,None,None,None,None,None,-,-,-,-
Accoount 77,2,Lean High-Margin Accounts,0,Normal,-0.7962,-0.6099,1.0,2.0,0.0,3.0,2.0,0.0,2.0,0.0,1.0,2.0,1.0,2.0,None,None,None,None,None,None,None,None,Yes,Medium,Unknown,-
Accoount 78,2,Lean High-Margin Accounts,0,Normal,-0.2325,-0.5294,1.0,2.0,0.0,3.0,2.0,0.0,2.0,0.0,1.0,2.0,2.0,2.0,Unknown,None,None,None,None,None,None,None,-,Medium,Medium,-
Accoount 79,0,Standard / Low-Engagement Base,0,Normal,1.0117,0.0513,1.0,2.0,0.0,3.0,2.0,0.0,2.0,0.0,1.0,3.0,3.0,2.0,None,None,None,None,None,None,None,None,Yes,High,High,-
Accoount 80,0,Standard / Low-Engagement Base,0,Normal,1.0117,0.0513,1.0,2.0,0.0,3.0,2.0,0.0,2.0,0.0,1.0,3.0,3.0,2.0,None,None,None,None,None,None,None,None,-,-,-,-
Accoount 81,3,High-Growth Potential Early Adopters,0,Normal,-2.6414,3.5814,2.0,3.0,2.0,3.0,2.0,3.0,4.0,0.0,1.0,3.0,0.0,3.0,Potentially Seasonal,Early Adopter,Medium,High,Medium,High,Very High,Minimal Change,Yes,High,Low,High
Accoount 82,0,Standard / Low-Engagement Base,0,Normal,1.0117,0.0513,1.0,2.0,0.0,3.0,2.0,0.0,2.0,0.0,1.0,3.0,3.0,2.0,None,None,None,None,None,None,None,None,-,-,-,-
Accoount 83,2,Lean High-Margin Accounts,0,Normal,-0.6795,-0.19,1.0,2.0,0.0,3.0,2.0,0.0,2.0,0.0,1.0,3.0,0.0,2.0,Unknown,None,None,None,None,None,None,None,Yes,High,Low,-
Accoount 84,0,Standard / Low-Engagement Base,0,Normal,1.0117,0.0513,1.0,2.0,0.0,3.0,2.0,0.0,2.0,0.0,1.0,3.0,3.0,2.0,Unknown,None,Low,High,None,None,None,None,Yes,High,High,-
Accoount 85,1,High-Volume Competitive Accounts,0,Normal,-1.5933,-1.5301,1.0,2.0,0.0,3.0,2.0,0.0,2.0,0.0,1.0,0.0,2.0,2.0,Unknown,None,None,None,None,None,None,None,-,Low,Medium,-
Accoount 86,0,Standard / Low-Engagement Base,0,Normal,1.0117,0.0513,1.0,2.0,0.0,3.0,2.0,0.0,2.0,0.0,1.0,3.0,3.0,2.0,Unknown,None,None,None,None,None,None,None,Yes,High,High,-
Accoount 87,2,Lean High-Margin Accounts,0,Normal,-0.2325,-0.5294,1.0,2.0,0.0,3.0,2.0,0.0,2.0,0.0,1.0,2.0,2.0,2.0,None,None,None,None,None,None,None,None,-,Medium,Medium,-
Accoount 88,1,High-Volume Competitive Accounts,0,Normal,-2.157,-1.6105,1.0,2.0,0.0,3.0,2.0,0.0,2.0,0.0,1.0,0.0,1.0,2.0,None,None,None,None,None,None,None,None,-,Low,Unknown,-
Accoount 89,2,Lean High-Margin Accounts,0,Normal,-0.6795,-0.19,1.0,2.0,0.0,3.0,2.0,0.0,2.0,0.0,1.0,3.0,0.0,2.0,None,None,None,None,None,None,None,None,Yes,High,Low,-
Accoount 90,0,Standard / Low-Engagement Base,0,Normal,1.0117,0.0513,1.0,2.0,0.0,3.0,2.0,0.0,2.0,0.0,1.0,3.0,3.0,2.0,Unknown,None,None,None,None,None,None,None,Yes,High,High,-
Accoount 91,0,Standard / Low-Engagement Base,0,Normal,1.0117,0.0513,1.0,2.0,0.0,3.0,2.0,0.0,2.0,0.0,1.0,3.0,3.0,2.0,None,None,None,None,None,None,None,None,Yes,High,High,-
Accoount 92,0,Standard / Low-Engagement Base,0,Normal,1.0117,0.0513,1.0,2.0,0.0,3.0,2.0,0.0,2.0,0.0,1.0,3.0,3.0,2.0,None,None,None,None,None,None,None,None,Yes,High,High,-
Accoount 93,0,Standard / Low-Engagement Base,0,Normal,1.0117,0.0513,1.0,2.0,0.0,3.0,2.0,0.0,2.0,0.0,1.0,3.0,3.0,2.0,None,None,None,None,None,None,None,None,Yes,High,High,-
Accoount 94,0,Standard / Low-Engagement Base,0,Normal,1.041,-0.3009,1.0,2.0,0.0,3.0,2.0,0.0,2.0,0.0,1.0,3.0,3.0,0.0,None,None,None,None,None,None,None,None,Yes,High,High,Low
Accoount 95,0,Standard / Low-Engagement Base,0,Normal,1.0117,0.0513,1.0,2.0,0.0,3.0,2.0,0.0,2.0,0.0,1.0,3.0,3.0,2.0,None,None,None,None,None,None,None,None,Yes,High,High,-
Accoount 96,3,High-Growth Potential Early Adopters,0,Normal,-0.8529,3.3867,3.0,3.0,3.0,3.0,2.0,2.0,3.0,0.0,1.0,3.0,3.0,3.0,Highly Seasonal,Early Adopter,High,High,Medium,Medium,High,Minimal Change,Yes,High,High,High
Accoount 97,1,High-Volume Competitive Accounts,0,Normal,-2.7207,-1.6909,1.0,2.0,0.0,3.0,2.0,0.0,2.0,0.0,1.0,0.0,0.0,2.0,Unknown,None,Low,High,Medium,Low,Medium,Minimal Change,-,Low,Low,Medium
Accoount 98,0,Standard / Low-Engagement Base,0,Normal,0.8645,0.1795,2.0,2.0,0.0,3.0,2.0,0.0,2.0,0.0,1.0,3.0,3.0,2.0,Potentially Seasonal,Trend Follower,Low,High,Medium,Low,Medium,Minimal Change,Yes,High,High,Medium
Accoount 99,3,High-Growth Potential Early Adopters,0,Normal,-0.4903,1.6199,2.0,0.0,0.0,3.0,3.0,2.0,3.0,0.0,1.0,3.0,2.0,3.0,Potentially Seasonal,Late Adopter,Low,High,High,Medium,High,Minimal Change,Yes,High,Medium,High
Accoount 100,1,High-Volume Competitive Accounts,0,Normal,-2.0102,-1.8059,0.0,1.0,0.0,3.0,2.0,0.0,2.0,0.0,1.0,0.0,1.0,2.0,Non Seasonal,Unknown,Low,High,Medium,Low,Medium,Minimal Change,-,Low,Unknown,Medium
Accoount 101,3,High-Growth Potential Early Adopters,0,Normal,-1.2195,3.4859,0.0,3.0,2.0,3.0,2.0,3.0,4.0,0.0,1.0,3.0,2.0,3.0,Non Seasonal,Early Adopter,Medium,High,Medium,High,Very High,Minimal Change,-,High,Medium,High
Accoount 102,1,High-Volume Competitive Accounts,0,Normal,-1.966,-1.114,3.0,2.0,0.0,3.0,0.0,0.0,2.0,0.0,1.0,0.0,2.0,2.0,Highly Seasonal,None,Low,High,Low,Low,Medium,Minimal Change,-,Low,Medium,Medium
Accoount 103,1,High-Volume Competitive Accounts,0,Normal,-2.157,-1.6105,1.0,2.0,0.0,3.0,2.0,0.0,2.0,0.0,1.0,0.0,1.0,2.0,Unknown,None,Low,High,Medium,Low,Medium,Minimal Change,-,Low,Unknown,-
Accoount 104,3,High-Growth Potential Early Adopters,0,Normal,-3.1381,3.472,3.0,2.0,3.0,3.0,2.0,3.0,4.0,0.0,1.0,2.0,1.0,2.0,Highly Seasonal,Trend Follower,High,High,Medium,High,Very High,Minimal Change,Yes,Medium,Unknown,Medium
Accoount 105,3,High-Growth Potential Early Adopters,0,Normal,-2.1363,2.214,2.0,0.0,2.0,3.0,2.0,2.0,3.0,0.0,1.0,3.0,0.0,2.0,Potentially Seasonal,Late Adopter,Medium,High,Medium,Medium,High,Minimal Change,Yes,High,Low,Medium
Accoount 106,0,Standard / Low-Engagement Base,0,Normal,0.3313,-0.449,1.0,2.0,0.0,3.0,2.0,0.0,2.0,0.0,1.0,2.0,3.0,2.0,None,None,None,None,None,None,None,None,-,Medium,High,-
Accoount 107,0,Standard / Low-Engagement Base,0,Normal,0.2355,-0.3191,1.0,2.0,0.0,2.0,0.0,0.0,2.0,0.0,1.0,2.0,3.0,2.0,Unknown,None,Low,Medium,Low,Low,Medium,Minimal Change,Yes,Medium,High,Medium
Accoount 108,3,High-Growth Potential Early Adopters,0,Normal,0.1187,1.7699,1.0,2.0,0.0,3.0,0.0,2.0,3.0,0.0,1.0,3.0,3.0,2.0,Unknown,None,Low,High,Low,Medium,High,Minimal Change,Yes,High,High,Medium
Accoount 109,0,Standard / Low-Engagement Base,0,Normal,0.8637,0.0452,2.0,0.0,0.0,3.0,2.0,0.0,2.0,0.0,1.0,3.0,3.0,2.0,Potentially Seasonal,Late Adopter,Low,High,Medium,Low,Medium,Minimal Change,Yes,High,High,Medium
Accoount 110,3,High-Growth Potential Early Adopters,0,Normal,-1.6881,2.076,2.0,3.0,2.0,3.0,2.0,2.0,3.0,0.0,1.0,2.0,2.0,2.0,Potentially Seasonal,Early Adopter,Medium,High,Medium,Medium,High,Minimal Change,-,Medium,Medium,Medium
Accoount 111,0,Standard / Low-Engagement Base,0,Normal,1.0117,0.0513,1.0,2.0,0.0,3.0,2.0,0.0,2.0,0.0,1.0,3.0,3.0,2.0,None,None,None,None,None,None,None,None,Yes,High,High,-
Accoount 112,1,High-Volume Competitive Accounts,0,Normal,-3.3479,0.3612,3.0,3.0,0.0,3.0,2.0,2.0,3.0,2.0,1.0,0.0,1.0,2.0,Highly Seasonal,Early Adopter,Low,High,Medium,Medium,High,Encouraging,Yes,Low,Unknown,Medium
Accoount 113,1,High-Volume Competitive Accounts,0,Normal,-2.157,-1.6105,1.0,2.0,0.0,3.0,2.0,0.0,2.0,0.0,1.0,0.0,1.0,2.0,Unknown,None,Low,High,Medium,Low,Medium,Minimal Change,-,Low,Unknown,Medium
Accoount 114,0,Standard / Low-Engagement Base,0,Normal,1.1585,-0.144,0.0,1.0,0.0,3.0,2.0,0.0,2.0,0.0,1.0,3.0,3.0,2.0,Non Seasonal,Unknown,Low,High,Medium,Low,Medium,Minimal Change,Yes,High,High,Medium
Accoount 115,3,High-Growth Potential Early Adopters,0,Normal,-3.6913,1.0875,2.0,2.0,2.0,3.0,0.0,2.0,3.0,0.0,1.0,0.0,1.0,2.0,Potentially Seasonal,None,Medium,High,Low,Medium,High,Minimal Change,Yes,Low,Unknown,Medium
Accoount 116,1,High-Volume Competitive Accounts,0,Normal,-1.5933,-1.5301,1.0,2.0,0.0,3.0,2.0,0.0,2.0,0.0,1.0,0.0,2.0,2.0,Unknown,None,Low,High,None,None,None,None,-,Low,Medium,-
Accoount 117,1,High-Volume Competitive Accounts,0,Normal,-2.799,-1.5313,1.0,2.0,0.0,3.0,0.0,0.0,2.0,0.0,1.0,0.0,0.0,2.0,Unknown,None,None,None,Low,Low,Medium,None,-,Low,Low,-
Accoount 118,3,High-Growth Potential Early Adopters,1,Outlier,-1.5432,1.1763,1.0,2.0,0.0,3.0,0.0,2.0,3.0,0.0,1.0,3.0,0.0,0.0,Unknown,None,None,None,Low,Medium,High,None,Yes,High,Low,Low
Accoount 119,0,Standard / Low-Engagement Base,0,Normal,1.0117,0.0513,1.0,2.0,0.0,3.0,2.0,0.0,2.0,0.0,1.0,3.0,3.0,2.0,Unknown,None,None,None,None,None,None,None,Yes,High,High,-
Accoount 120,0,Standard / Low-Engagement Base,0,Normal,1.0117,0.0513,1.0,2.0,0.0,3.0,2.0,0.0,2.0,0.0,1.0,3.0,3.0,2.0,None,None,None,None,None,None,None,None,Yes,High,High,-
Accoount 121,0,Standard / Low-Engagement Base,0,Normal,0.9941,0.0216,1.0,2.0,0.0,2.0,2.0,0.0,2.0,0.0,1.0,3.0,3.0,2.0,Unknown,None,Low,Medium,None,None,None,Minimal Change,Yes,High,High,-
Accoount 122,0,Standard / Low-Engagement Base,0,Normal,1.0117,0.0513,1.0,2.0,0.0,3.0,2.0,0.0,2.0,0.0,1.0,3.0,3.0,2.0,None,None,None,None,None,None,None,None,Yes,High,High,Medium
Accoount 123,2,Lean High-Margin Accounts,0,Normal,-0.7962,-0.6099,1.0,2.0,0.0,3.0,2.0,0.0,2.0,0.0,1.0,2.0,1.0,2.0,None,None,None,None,None,None,None,None,Yes,Medium,Unknown,-
Accoount 124,0,Standard / Low-Engagement Base,0,Normal,1.0117,0.0513,1.0,2.0,0.0,3.0,2.0,0.0,2.0,0.0,1.0,3.0,3.0,2.0,Unknown,None,None,None,None,None,None,None,Yes,High,High,-
Accoount 125,1,High-Volume Competitive Accounts,1,Outlier,-1.0416,-3.066,0.0,0.0,0.0,3.0,3.0,0.0,0.0,0.0,1.0,0.0,2.0,0.0,Non Seasonal,Late Adopter,Low,High,High,Low,Low,Minimal Change,-,Low,Medium,Low
Accoount 126,3,High-Growth Potential Early Adopters,0,Normal,-1.0864,1.8752,2.0,0.0,2.0,3.0,3.0,2.0,3.0,0.0,1.0,2.0,3.0,2.0,Potentially Seasonal,Late Adopter,Medium,High,High,Medium,High,Minimal Change,-,Medium,High,Medium
Accoount 127,0,Standard / Low-Engagement Base,0,Normal,0.1841,-0.3208,2.0,2.0,0.0,3.0,2.0,0.0,2.0,0.0,1.0,2.0,3.0,2.0,Potentially Seasonal,None,Low,High,None,None,None,Minimal Change,-,Medium,High,-
Accoount 128,1,High-Volume Competitive Accounts,0,Normal,-1.3641,-2.2559,2.0,3.0,0.0,3.0,3.0,0.0,0.0,0.0,1.0,0.0,2.0,2.0,Potentially Seasonal,Early Adopter,Low,High,High,Low,Low,Minimal Change,-,Low,Medium,Medium
Accoount 129,0,Standard / Low-Engagement Base,0,Normal,1.0117,0.0513,1.0,2.0,0.0,3.0,2.0,0.0,2.0,0.0,1.0,3.0,3.0,2.0,None,None,None,None,None,None,None,None,Yes,High,High,-
Accoount 130,0,Standard / Low-Engagement Base,0,Normal,0.3313,-0.449,1.0,2.0,0.0,3.0,2.0,0.0,2.0,0.0,1.0,2.0,3.0,2.0,Unknown,None,None,None,Medium,Low,Medium,None,-,Medium,High,-
Accoount 131,0,Standard / Low-Engagement Base,0,Normal,0.3313,-0.449,1.0,2.0,0.0,3.0,2.0,0.0,2.0,0.0,1.0,2.0,3.0,2.0,Unknown,None,Low,High,Medium,Low,Medium,Minimal Change,-,Medium,High,-
Accoount 132,0,Standard / Low-Engagement Base,0,Normal,0.3313,-0.449,1.0,2.0,0.0,3.0,2.0,0.0,2.0,0.0,1.0,2.0,3.0,2.0,Unknown,None,Low,High,Medium,Low,Medium,Minimal Change,-,Medium,High,Medium
Accoount 133,2,Lean High-Margin Accounts,1,Outlier,-0.0865,-1.3674,2.0,0.0,0.0,3.0,3.0,0.0,0.0,2.0,1.0,2.0,2.0,2.0,Potentially Seasonal,Late Adopter,Low,High,High,Low,Low,Encouraging,-,Medium,Medium,Medium
Accoount 134,0,Standard / Low-Engagement Base,0,Normal,1.0117,0.0513,1.0,2.0,0.0,3.0,2.0,0.0,2.0,0.0,1.0,3.0,3.0,2.0,Unknown,None,Low,High,None,None,None,Minimal Change,Yes,High,High,-
Accoount 135,0,Standard / Low-Engagement Base,0,Normal,0.3313,-0.449,1.0,2.0,0.0,3.0,2.0,0.0,2.0,0.0,1.0,2.0,3.0,2.0,Unknown,None,None,None,None,None,None,None,-,Medium,High,-
Accoount 136,3,High-Growth Potential Early Adopters,0,Normal,-0.3672,1.4626,1.0,1.0,0.0,3.0,2.0,2.0,3.0,0.0,1.0,3.0,2.0,2.0,Unknown,Unknown,Low,High,Medium,Medium,High,Minimal Change,Yes,High,Medium,Medium
Accoount 137,3,High-Growth Potential Early Adopters,0,Normal,-0.4835,1.1099,1.0,2.0,0.0,3.0,2.0,2.0,3.0,0.0,1.0,2.0,3.0,2.0,Unknown,None,Low,High,Medium,Medium,High,Minimal Change,-,Medium,High,Medium
Accoount 138,0,Standard / Low-Engagement Base,0,Normal,1.0117,0.0513,1.0,2.0,0.0,3.0,2.0,0.0,2.0,0.0,1.0,3.0,3.0,2.0,None,None,None,None,None,None,None,None,-,-,-,-
Accoount 139,0,Standard / Low-Engagement Base,0,Normal,1.0117,0.0513,1.0,2.0,0.0,3.0,2.0,0.0,2.0,0.0,1.0,3.0,3.0,2.0,None,None,None,None,None,None,None,None,-,-,-,-
Accoount 140,0,Standard / Low-Engagement Base,0,Normal,1.0117,0.0513,1.0,2.0,0.0,3.0,2.0,0.0,2.0,0.0,1.0,3.0,3.0,2.0,None,None,None,None,None,None,None,None,-,-,-,-
Accoount 141,0,Standard / Low-Engagement Base,0,Normal,1.0117,0.0513,1.0,2.0,0.0,3.0,2.0,0.0,2.0,0.0,1.0,3.0,3.0,2.0,None,None,None,None,None,None,None,None,-,-,-,-
Accoount 142,0,Standard / Low-Engagement Base,0,Normal,1.0117,0.0513,1.0,2.0,0.0,3.0,2.0,0.0,2.0,0.0,1.0,3.0,3.0,2.0,None,None,None,None,None,None,None,None,-,-,-,-
Accoount 143,0,Standard / Low-Engagement Base,0,Normal,1.0117,0.0513,1.0,2.0,0.0,3.0,2.0,0.0,2.0,0.0,1.0,3.0,3.0,2.0,None,None,None,None,None,None,None,None,-,-,-,-
Accoount 144,0,Standard / Low-Engagement Base,0,Normal,1.0117,0.0513,1.0,2.0,0.0,3.0,2.0,0.0,2.0,0.0,1.0,3.0,3.0,2.0,None,None,None,None,None,None,None,None,-,-,-,-
Accoount 145,0,Standard / Low-Engagement Base,0,Normal,1.0117,0.0513,1.0,2.0,0.0,3.0,2.0,0.0,2.0,0.0,1.0,3.0,3.0,2.0,None,None,None,None,None,None,None,None,-,-,-,-
Accoount 146,0,Standard / Low-Engagement Base,0,Normal,1.0117,0.0513,1.0,2.0,0.0,3.0,2.0,0.0,2.0,0.0,1.0,3.0,3.0,2.0,None,None,None,None,None,None,None,None,-,-,-,-
Accoount 147,0,Standard / Low-Engagement Base,0,Normal,0.4125,-1.181,3.0,1.0,0.0,3.0,3.0,0.0,0.0,0.0,1.0,2.0,3.0,2.0,Highly Seasonal,Unknown,Low,High,High,Low,Low,Minimal Change,-,Medium,High,-
Accoount 148,0,Standard / Low-Engagement Base,0,Normal,0.8649,0.2467,2.0,3.0,0.0,3.0,2.0,0.0,2.0,0.0,1.0,3.0,3.0,2.0,Potentially Seasonal,Early Adopter,None,None,None,None,None,None,-,-,-,Medium
Accoount 149,0,Standard / Low-Engagement Base,0,Normal,0.3313,-0.449,1.0,2.0,0.0,3.0,2.0,0.0,2.0,0.0,1.0,2.0,3.0,2.0,None,None,None,None,None,None,None,None,Yes,Medium,High,-
Accoount 150,1,High-Volume Competitive Accounts,0,Normal,-2.157,-1.6105,1.0,2.0,0.0,3.0,2.0,0.0,2.0,0.0,1.0,0.0,1.0,2.0,None,None,None,None,None,None,None,None,Yes,Low,Unknown,-
Accoount 151,0,Standard / Low-Engagement Base,0,Normal,1.0117,0.0513,1.0,2.0,0.0,3.0,2.0,0.0,2.0,0.0,1.0,3.0,3.0,2.0,None,None,None,None,None,None,None,None,-,-,-,-
Accoount 152,0,Standard / Low-Engagement Base,0,Normal,1.0117,0.0513,1.0,2.0,0.0,3.0,2.0,0.0,2.0,0.0,1.0,3.0,3.0,2.0,None,None,None,None,None,None,None,None,-,-,-,-
Accoount 153,0,Standard / Low-Engagement Base,0,Normal,1.0117,0.0513,1.0,2.0,0.0,3.0,2.0,0.0,2.0,0.0,1.0,3.0,3.0,2.0,Unknown,None,None,None,None,None,None,None,-,-,-,-
Accoount 154,0,Standard / Low-Engagement Base,0,Normal,1.0117,0.0513,1.0,2.0,0.0,3.0,2.0,0.0,2.0,0.0,1.0,3.0,3.0,2.0,None,None,None,None,None,None,None,None,-,-,-,-
Accoount 155,0,Standard / Low-Engagement Base,0,Normal,1.0117,0.0513,1.0,2.0,0.0,3.0,2.0,0.0,2.0,0.0,1.0,3.0,3.0,2.0,None,None,None,None,None,None,None,None,-,-,-,-
Accoount 156,1,High-Volume Competitive Accounts,0,Normal,-2.157,-1.6105,1.0,2.0,0.0,3.0,2.0,0.0,2.0,0.0,1.0,0.0,1.0,2.0,None,None,None,None,None,None,None,None,-,Low,Unknown,-
Accoount 157,0,Standard / Low-Engagement Base,0,Normal,1.0117,0.0513,1.0,2.0,0.0,3.0,2.0,0.0,2.0,0.0,1.0,3.0,3.0,2.0,Unknown,None,None,None,None,None,None,None,Yes,High,High,-
Accoount 158,0,Standard / Low-Engagement Base,0,Normal,1.0117,0.0513,1.0,2.0,0.0,3.0,2.0,0.0,2.0,0.0,1.0,3.0,3.0,2.0,None,None,None,None,None,None,None,None,-,-,-,-
Accoount 159,2,Lean High-Margin Accounts,0,Normal,0.448,-0.0291,1.0,2.0,0.0,3.0,2.0,0.0,2.0,0.0,1.0,3.0,2.0,2.0,Unknown,None,None,None,None,None,None,None,Yes,High,Medium,-
Accoount 160,1,High-Volume Competitive Accounts,0,Normal,-2.157,-1.6105,1.0,2.0,0.0,3.0,2.0,0.0,2.0,0.0,1.0,0.0,1.0,2.0,Unknown,None,None,None,None,None,None,None,-,Low,Unknown,-
Accoount 161,1,High-Volume Competitive Accounts,0,Normal,-1.2002,-1.7629,2.0,2.0,0.0,0.0,2.0,0.0,2.0,0.0,1.0,0.0,3.0,0.0,Potentially Seasonal,None,Low,Low,None,None,None,Minimal Change,-,Low,High,Low
Accoount 162,2,Lean High-Margin Accounts,0,Normal,-0.7962,-0.6099,1.0,2.0,0.0,3.0,2.0,0.0,2.0,0.0,1.0,2.0,1.0,2.0,None,None,None,None,None,None,None,None,-,Medium,Unknown,-
Accoount 163,1,High-Volume Competitive Accounts,0,Normal,-1.5933,-1.5301,1.0,2.0,0.0,3.0,2.0,0.0,2.0,0.0,1.0,0.0,2.0,2.0,Unknown,None,Low,High,None,None,None,None,-,Low,Medium,-
Accoount 164,2,Lean High-Margin Accounts,0,Normal,0.448,-0.0291,1.0,2.0,0.0,3.0,2.0,0.0,2.0,0.0,1.0,3.0,2.0,2.0,Unknown,None,None,None,None,None,None,None,Yes,High,Medium,-
Accoount 165,1,High-Volume Competitive Accounts,0,Normal,-2.157,-1.6105,1.0,2.0,0.0,3.0,2.0,0.0,2.0,0.0,1.0,0.0,1.0,2.0,None,None,None,None,None,None,None,None,-,Low,Unknown,-
Accoount 166,1,High-Volume Competitive Accounts,0,Normal,-2.3042,-1.4823,2.0,2.0,0.0,3.0,2.0,0.0,2.0,0.0,1.0,0.0,1.0,2.0,Potentially Seasonal,None,Low,High,None,None,None,Minimal Change,-,Low,Unknown,Medium
Accoount 167,0,Standard / Low-Engagement Base,0,Normal,1.0117,0.0513,1.0,2.0,0.0,3.0,2.0,0.0,2.0,0.0,1.0,3.0,3.0,2.0,Unknown,None,None,None,None,None,None,None,Yes,High,High,-
Accoount 168,0,Standard / Low-Engagement Base,0,Normal,1.0117,0.0513,1.0,2.0,0.0,3.0,2.0,0.0,2.0,0.0,1.0,3.0,3.0,2.0,Unknown,None,Low,High,None,None,None,Minimal Change,Yes,High,High,Medium
Accoount 169,0,Standard / Low-Engagement Base,0,Normal,1.0117,0.0513,1.0,2.0,0.0,3.0,2.0,0.0,2.0,0.0,1.0,3.0,3.0,2.0,None,None,None,None,None,None,None,None,Yes,High,High,-
Accoount 170,0,Standard / Low-Engagement Base,0,Normal,1.0117,0.0513,1.0,2.0,0.0,3.0,2.0,0.0,2.0,0.0,1.0,3.0,3.0,2.0,None,None,None,None,None,None,None,None,Yes,High,High,-
Accoount 171,0,Standard / Low-Engagement Base,0,Normal,1.0117,0.0513,1.0,2.0,0.0,3.0,2.0,0.0,2.0,0.0,1.0,3.0,3.0,2.0,None,None,None,None,None,None,None,None,Yes,High,High,-
Accoount 172,2,Lean High-Margin Accounts,0,Normal,-0.2325,-0.5294,1.0,2.0,0.0,3.0,2.0,0.0,2.0,0.0,1.0,2.0,2.0,2.0,None,None,None,None,None,None,None,None,Yes,Medium,Medium,-
Accoount 173,0,Standard / Low-Engagement Base,0,Normal,1.0117,0.0513,1.0,2.0,0.0,3.0,2.0,0.0,2.0,0.0,1.0,3.0,3.0,2.0,Unknown,None,Low,High,None,None,None,None,Yes,High,High,-
Accoount 174,0,Standard / Low-Engagement Base,0,Normal,1.0117,0.0513,1.0,2.0,0.0,3.0,2.0,0.0,2.0,0.0,1.0,3.0,3.0,2.0,Unknown,None,Low,High,None,None,None,None,Yes,High,High,-
Accoount 175,2,Lean High-Margin Accounts,0,Normal,-0.2325,-0.5294,1.0,2.0,0.0,3.0,2.0,0.0,2.0,0.0,1.0,2.0,2.0,2.0,Unknown,None,None,None,None,None,None,None,-,Medium,Medium,-
Accoount 176,0,Standard / Low-Engagement Base,0,Normal,1.0117,0.0513,1.0,2.0,0.0,3.0,2.0,0.0,2.0,0.0,1.0,3.0,3.0,2.0,None,None,None,None,None,None,None,None,Yes,High,High,-
Accoount 177,0,Standard / Low-Engagement Base,0,Normal,1.0117,0.0513,1.0,2.0,0.0,3.0,2.0,0.0,2.0,0.0,1.0,3.0,3.0,2.0,None,None,None,None,None,None,None,None,Yes,High,High,-
Accoount 178,0,Standard / Low-Engagement Base,0,Normal,1.041,-0.3009,1.0,2.0,0.0,3.0,2.0,0.0,2.0,0.0,1.0,3.0,3.0,0.0,None,None,None,None,None,None,None,None,Yes,High,High,Low
Accoount 179,2,Lean High-Margin Accounts,0,Normal,0.448,-0.0291,1.0,2.0,0.0,3.0,2.0,0.0,2.0,0.0,1.0,3.0,2.0,2.0,None,None,None,None,None,None,None,None,-,High,Medium,-
Accoount 180,0,Standard / Low-Engagement Base,0,Normal,1.0117,0.0513,1.0,2.0,0.0,3.0,2.0,0.0,2.0,0.0,1.0,3.0,3.0,2.0,None,None,None,None,None,None,None,None,Yes,High,High,Medium
Accoount 181,2,Lean High-Margin Accounts,0,Normal,-1.3599,-0.6903,1.0,2.0,0.0,3.0,2.0,0.0,2.0,0.0,1.0,2.0,0.0,2.0,None,None,None,None,None,None,None,None,-,Medium,Low,-
Accoount 182,2,Lean High-Margin Accounts,0,Normal,-0.3038,-1.1783,1.0,1.0,0.0,3.0,3.0,0.0,0.0,0.0,1.0,3.0,0.0,2.0,Unknown,Unknown,Low,High,High,Low,Low,Minimal Change,Yes,High,Low,Medium
Accoount 183,3,High-Growth Potential Early Adopters,0,Normal,-0.8537,3.2524,3.0,1.0,3.0,3.0,2.0,2.0,3.0,0.0,1.0,3.0,3.0,3.0,Highly Seasonal,Unknown,High,High,Medium,Medium,High,Minimal Change,Yes,High,High,High
Accoount 184,0,Standard / Low-Engagement Base,0,Normal,0.8645,0.1795,2.0,2.0,0.0,3.0,2.0,0.0,2.0,0.0,1.0,3.0,3.0,2.0,Potentially Seasonal,None,Low,High,Medium,Low,Medium,Minimal Change,-,High,High,-
Accoount 185,1,High-Volume Competitive Accounts,0,Normal,-2.422,-1.4851,2.0,3.0,2.0,3.0,3.0,0.0,0.0,0.0,1.0,0.0,1.0,2.0,Potentially Seasonal,Early Adopter,Medium,High,High,Low,Low,Minimal Change,-,Low,Unknown,Medium
Accoount 186,3,High-Growth Potential Early Adopters,0,Normal,-2.3577,2.9374,2.0,3.0,3.0,3.0,3.0,2.0,3.0,0.0,1.0,3.0,0.0,3.0,Potentially Seasonal,Early Adopter,High,High,High,Medium,High,Minimal Change,Yes,High,Low,High
Accoount 187,0,Standard / Low-Engagement Base,0,Normal,0.9334,0.211,1.0,2.0,0.0,3.0,0.0,0.0,2.0,0.0,1.0,3.0,3.0,2.0,Unknown,None,None,None,Low,Low,Medium,None,Yes,High,High,-
Accoount 188,3,High-Growth Potential Early Adopters,0,Normal,-0.5373,2.9254,2.0,2.0,2.0,3.0,0.0,2.0,3.0,0.0,1.0,3.0,3.0,3.0,Potentially Seasonal,Trend Follower,Medium,High,Low,Medium,High,Minimal Change,Yes,High,High,High
Accoount 189,0,Standard / Low-Engagement Base,0,Normal,0.8645,0.1795,2.0,2.0,0.0,3.0,2.0,0.0,2.0,0.0,1.0,3.0,3.0,2.0,Potentially Seasonal,None,Low,High,Medium,Low,Medium,Minimal Change,-,High,High,Medium
Accoount 190,1,High-Volume Competitive Accounts,0,Normal,-1.9282,-2.4035,2.0,2.0,0.0,3.0,3.0,0.0,0.0,0.0,1.0,0.0,1.0,2.0,Potentially Seasonal,Trend Follower,Low,High,High,Low,Low,Minimal Change,-,Low,Unknown,Medium
Accoount 191,3,High-Growth Potential Early Adopters,0,Normal,-0.6311,1.1709,2.0,1.0,0.0,3.0,2.0,2.0,3.0,0.0,1.0,2.0,3.0,2.0,Potentially Seasonal,Unknown,Low,High,Medium,Medium,High,Minimal Change,-,Medium,High,Medium
Accoount 192,0,Standard / Low-Engagement Base,0,Normal,0.6352,0.397,3.0,2.0,0.0,3.0,2.0,0.0,2.0,2.0,1.0,3.0,3.0,2.0,Highly Seasonal,None,Low,High,Medium,Low,Medium,Encouraging,Yes,High,High,Medium
Accoount 193,0,Standard / Low-Engagement Base,0,Normal,0.7069,-1.4373,1.0,1.0,0.0,3.0,3.0,0.0,0.0,0.0,1.0,2.0,3.0,2.0,Unknown,Unknown,Low,High,High,Low,Low,None,Yes,Medium,High,Medium
Accoount 194,3,High-Growth Potential Early Adopters,0,Normal,-0.9364,3.5123,2.0,1.0,2.0,3.0,2.0,3.0,4.0,0.0,1.0,3.0,3.0,2.0,Potentially Seasonal,Unknown,Medium,High,Medium,High,Very High,Minimal Change,Yes,High,High,Medium
Accoount 195,0,Standard / Low-Engagement Base,0,Normal,0.1844,-0.2536,2.0,3.0,0.0,3.0,2.0,0.0,2.0,0.0,1.0,2.0,3.0,2.0,Potentially Seasonal,Early Adopter,Low,High,Medium,Low,Medium,Minimal Change,Yes,Medium,High,Medium
Accoount 196,3,High-Growth Potential Early Adopters,0,Normal,-2.0249,3.8762,3.0,3.0,3.0,3.0,2.0,3.0,4.0,0.0,1.0,2.0,3.0,3.0,Highly Seasonal,Early Adopter,High,High,Medium,High,Very High,Minimal Change,-,Medium,High,High
Accoount 197,3,High-Growth Potential Early Adopters,0,Normal,-3.6135,0.8606,2.0,1.0,2.0,3.0,2.0,2.0,3.0,0.0,1.0,0.0,1.0,2.0,Potentially Seasonal,Unknown,Medium,High,Medium,Medium,High,Minimal Change,Yes,Low,Unknown,Medium
Accoount 198,3,High-Growth Potential Early Adopters,0,Normal,-3.049,1.0754,2.0,3.0,2.0,3.0,2.0,2.0,3.0,0.0,1.0,0.0,2.0,2.0,Potentially Seasonal,Early Adopter,Medium,High,Medium,Medium,High,Minimal Change,Yes,Low,Medium,Medium
Accoount 199,2,Lean High-Margin Accounts,0,Normal,-0.2325,-0.5294,1.0,2.0,0.0,3.0,2.0,0.0,2.0,0.0,1.0,2.0,2.0,2.0,Unknown,None,Low,High,Medium,Low,Medium,Minimal Change,-,Medium,Medium,-
Accoount 200,1,High-Volume Competitive Accounts,0,Normal,-1.8195,-1.3765,2.0,0.0,0.0,3.0,0.0,0.0,2.0,0.0,1.0,0.0,2.0,2.0,Potentially Seasonal,Late Adopter,Low,High,Low,Low,Medium,Minimal Change,-,Low,Medium,Medium
Accoount 201,1,High-Volume Competitive Accounts,0,Normal,-1.0292,-1.3825,1.0,3.0,0.0,3.0,2.0,0.0,2.0,0.0,1.0,0.0,3.0,2.0,Unknown,Early Adopter,Low,High,Medium,Low,Medium,Minimal Change,Yes,Low,High,Medium
Accoount 202,0,Standard / Low-Engagement Base,0,Normal,-0.0156,0.2741,0.0,2.0,2.0,3.0,2.0,0.0,2.0,0.0,1.0,2.0,3.0,2.0,Non Seasonal,Trend Follower,Medium,High,Medium,Low,Medium,Minimal Change,-,Medium,High,Medium
Accoount 203,0,Standard / Low-Engagement Base,0,Normal,0.3313,-0.449,1.0,2.0,0.0,3.0,2.0,0.0,2.0,0.0,1.0,2.0,3.0,2.0,Unknown,None,None,None,None,None,None,None,-,Medium,High,-
Accoount 204,0,Standard / Low-Engagement Base,0,Normal,0.9334,0.211,1.0,2.0,0.0,3.0,0.0,0.0,2.0,0.0,1.0,3.0,3.0,2.0,Unknown,None,Low,High,Low,Low,Medium,None,Yes,High,High,-
Accoount 205,0,Standard / Low-Engagement Base,0,Normal,0.8645,0.1795,2.0,2.0,0.0,3.0,2.0,0.0,2.0,0.0,1.0,3.0,3.0,2.0,Potentially Seasonal,Trend Follower,Low,High,Medium,Low,Medium,Minimal Change,Yes,High,High,Medium
Accoount 206,0,Standard / Low-Engagement Base,0,Normal,0.8645,0.1795,2.0,2.0,0.0,3.0,2.0,0.0,2.0,0.0,1.0,3.0,3.0,2.0,Potentially Seasonal,None,Low,High,None,None,None,Minimal Change,Yes,High,High,Medium
Accoount 207,1,High-Volume Competitive Accounts,0,Normal,-3.05,0.108,1.0,2.0,0.0,3.0,0.0,2.0,3.0,0.0,1.0,0.0,1.0,2.0,Unknown,None,None,None,Low,Medium,High,None,Yes,Low,Unknown,-
Accoount 208,0,Standard / Low-Engagement Base,0,Normal,1.0117,0.0513,1.0,2.0,0.0,3.0,2.0,0.0,2.0,0.0,1.0,3.0,3.0,2.0,Unknown,None,None,None,None,None,None,None,Yes,High,High,-
Accoount 209,0,Standard / Low-Engagement Base,0,Normal,1.0117,0.0513,1.0,2.0,0.0,3.0,2.0,0.0,2.0,0.0,1.0,3.0,3.0,2.0,Unknown,None,Low,High,None,None,None,None,Yes,High,High,-
Accoount 210,0,Standard / Low-Engagement Base,0,Normal,1.0117,0.0513,1.0,2.0,0.0,3.0,2.0,0.0,2.0,0.0,1.0,3.0,3.0,2.0,None,None,None,None,None,None,None,None,Yes,High,High,-
Accoount 211,0,Standard / Low-Engagement Base,0,Normal,1.0117,0.0513,1.0,2.0,0.0,3.0,2.0,0.0,2.0,0.0,1.0,3.0,3.0,2.0,None,None,None,None,None,None,None,None,Yes,High,High,-
Accoount 212,2,Lean High-Margin Accounts,0,Normal,-0.3504,-0.7534,2.0,2.0,0.0,3.0,2.0,0.0,2.0,0.0,1.0,2.0,2.0,0.0,Potentially Seasonal,Trend Follower,Low,High,None,None,None,Minimal Change,-,Medium,Medium,Low
Accoount 213,0,Standard / Low-Engagement Base,0,Normal,0.2823,-0.6415,1.0,2.0,0.0,3.0,0.0,0.0,2.0,0.0,1.0,2.0,3.0,0.0,Unknown,None,None,None,Low,Low,Medium,None,Yes,Medium,High,Low
Accoount 214,3,High-Growth Potential Early Adopters,0,Normal,-0.3668,1.5298,1.0,2.0,0.0,3.0,2.0,2.0,3.0,0.0,1.0,3.0,2.0,2.0,None,None,None,None,Medium,Medium,High,None,Yes,High,Medium,-
Accoount 215,1,High-Volume Competitive Accounts,0,Normal,-1.0296,-1.4496,1.0,2.0,0.0,3.0,2.0,0.0,2.0,0.0,1.0,0.0,3.0,2.0,Unknown,None,Low,High,Medium,Low,Medium,Minimal Change,-,Low,High,Medium
Accoount 216,0,Standard / Low-Engagement Base,0,Normal,1.0117,0.0513,1.0,2.0,0.0,3.0,2.0,0.0,2.0,0.0,1.0,3.0,3.0,2.0,None,None,None,None,None,None,None,None,Yes,High,High,-
Accoount 217,0,Standard / Low-Engagement Base,0,Normal,0.8645,0.1795,2.0,2.0,0.0,3.0,2.0,0.0,2.0,0.0,1.0,3.0,3.0,2.0,Potentially Seasonal,None,Low,High,Medium,Low,Medium,Minimal Change,Yes,High,High,Medium
Accoount 218,0,Standard / Low-Engagement Base,0,Normal,1.0117,0.0513,1.0,2.0,0.0,3.0,2.0,0.0,2.0,0.0,1.0,3.0,3.0,2.0,None,None,None,None,None,None,None,None,Yes,High,High,-
Accoount 219,0,Standard / Low-Engagement Base,0,Normal,1.0117,0.0513,1.0,2.0,0.0,3.0,2.0,0.0,2.0,0.0,1.0,3.0,3.0,2.0,None,None,None,None,None,None,None,None,Yes,High,High,-
Accoount 220,0,Standard / Low-Engagement Base,0,Normal,0.3313,-0.449,1.0,2.0,0.0,3.0,2.0,0.0,2.0,0.0,1.0,2.0,3.0,2.0,Unknown,None,Low,High,Medium,Low,Medium,Minimal Change,-,Medium,High,-
Accoount 221,0,Standard / Low-Engagement Base,0,Normal,1.0117,0.0513,1.0,2.0,0.0,3.0,2.0,0.0,2.0,0.0,1.0,3.0,3.0,2.0,None,None,None,None,None,None,None,None,Yes,High,High,-
Accoount 222,0,Standard / Low-Engagement Base,0,Normal,1.0117,0.0513,1.0,2.0,0.0,3.0,2.0,0.0,2.0,0.0,1.0,3.0,3.0,2.0,None,None,None,None,None,None,None,None,Yes,High,High,-
Accoount 223,1,High-Volume Competitive Accounts,0,Normal,-2.305,-1.6166,2.0,0.0,0.0,3.0,2.0,0.0,2.0,0.0,1.0,0.0,1.0,2.0,Potentially Seasonal,Late Adopter,Low,High,Medium,Low,Medium,Minimal Change,-,Low,Unknown,Medium
Accoount 224,3,High-Growth Potential Early Adopters,1,Outlier,-1.024,1.9071,1.0,2.0,0.0,3.0,0.0,3.0,4.0,0.0,1.0,2.0,3.0,0.0,Unknown,None,None,None,Low,High,Very High,None,Yes,Medium,High,Low
Accoount 225,3,High-Growth Potential Early Adopters,0,Normal,-3.6127,0.995,2.0,3.0,2.0,3.0,2.0,2.0,3.0,0.0,1.0,0.0,1.0,2.0,Potentially Seasonal,Early Adopter,Medium,High,Medium,Medium,High,Minimal Change,-,Low,Unknown,-
Accoount 226,2,Lean High-Margin Accounts,0,Normal,0.8236,-1.0175,1.0,1.0,0.0,3.0,3.0,0.0,0.0,0.0,1.0,3.0,2.0,2.0,Unknown,Unknown,Low,High,High,Low,Low,Minimal Change,Yes,High,Medium,Medium
Accoount 227,1,High-Volume Competitive Accounts,0,Normal,-1.5933,-1.5301,1.0,2.0,0.0,3.0,2.0,0.0,2.0,0.0,1.0,0.0,2.0,2.0,Unknown,None,None,None,None,None,None,None,-,Low,Medium,-
Accoount 228,0,Standard / Low-Engagement Base,0,Normal,1.0117,0.0513,1.0,2.0,0.0,3.0,2.0,0.0,2.0,0.0,1.0,3.0,3.0,2.0,None,None,None,None,None,None,None,None,Yes,High,High,-
Accoount 229,0,Standard / Low-Engagement Base,0,Normal,0.959,-0.0379,1.0,2.0,0.0,0.0,2.0,0.0,2.0,0.0,1.0,3.0,3.0,2.0,Unknown,None,Low,Low,None,None,None,Minimal Change,-,-,-,-
Accoount 230,0,Standard / Low-Engagement Base,0,Normal,0.3313,-0.449,1.0,2.0,0.0,3.0,2.0,0.0,2.0,0.0,1.0,2.0,3.0,2.0,None,None,None,None,None,None,None,None,-,Medium,High,-
Accoount 231,0,Standard / Low-Engagement Base,0,Normal,1.0117,0.0513,1.0,2.0,0.0,3.0,2.0,0.0,2.0,0.0,1.0,3.0,3.0,2.0,None,None,None,None,None,None,None,None,-,-,-,-
Accoount 232,0,Standard / Low-Engagement Base,0,Normal,1.0117,0.0513,1.0,2.0,0.0,3.0,2.0,0.0,2.0,0.0,1.0,3.0,3.0,2.0,None,None,None,None,None,None,None,None,-,-,-,-
Accoount 233,0,Standard / Low-Engagement Base,0,Normal,1.0117,0.0513,1.0,2.0,0.0,3.0,2.0,0.0,2.0,0.0,1.0,3.0,3.0,2.0,None,None,None,None,None,None,None,None,Yes,High,High,-
Accoount 234,0,Standard / Low-Engagement Base,0,Normal,1.0117,0.0513,1.0,2.0,0.0,3.0,2.0,0.0,2.0,0.0,1.0,3.0,3.0,2.0,None,None,None,None,None,None,None,None,-,-,-,-
Accoount 235,0,Standard / Low-Engagement Base,0,Normal,1.0117,0.0513,1.0,2.0,0.0,3.0,2.0,0.0,2.0,0.0,1.0,3.0,3.0,2.0,None,None,None,None,None,None,None,None,-,-,-,-
Accoount 236,0,Standard / Low-Engagement Base,0,Normal,1.0117,0.0513,1.0,2.0,0.0,3.0,2.0,0.0,2.0,0.0,1.0,3.0,3.0,2.0,None,None,None,None,None,None,None,None,-,-,-,-
Accoount 237,0,Standard / Low-Engagement Base,0,Normal,1.0117,0.0513,1.0,2.0,0.0,3.0,2.0,0.0,2.0,0.0,1.0,3.0,3.0,2.0,None,None,None,None,None,None,None,None,-,-,-,-
Accoount 238,0,Standard / Low-Engagement Base,0,Normal,1.0117,0.0513,1.0,2.0,0.0,3.0,2.0,0.0,2.0,0.0,1.0,3.0,3.0,2.0,None,None,None,None,None,None,None,None,-,-,-,-
Accoount 239,0,Standard / Low-Engagement Base,1,Outlier,0.689,0.2914,2.0,3.0,0.0,0.0,2.0,0.0,2.0,3.0,1.0,3.0,3.0,2.0,Potentially Seasonal,Early Adopter,Low,Low,None,None,None,Concerning,Yes,High,High,Medium
Accoount 240,0,Standard / Low-Engagement Base,0,Normal,1.0117,0.0513,1.0,2.0,0.0,3.0,2.0,0.0,2.0,0.0,1.0,3.0,3.0,2.0,None,None,None,None,None,None,None,None,-,-,-,-
Accoount 241,0,Standard / Low-Engagement Base,0,Normal,1.0117,0.0513,1.0,2.0,0.0,3.0,2.0,0.0,2.0,0.0,1.0,3.0,3.0,2.0,None,None,None,None,None,None,None,None,-,-,-,-
Accoount 242,0,Standard / Low-Engagement Base,0,Normal,1.0117,0.0513,1.0,2.0,0.0,3.0,2.0,0.0,2.0,0.0,1.0,3.0,3.0,2.0,None,None,None,None,None,None,None,None,-,-,-,-
Accoount 243,1,High-Volume Competitive Accounts,0,Normal,-2.157,-1.6105,1.0,2.0,0.0,3.0,2.0,0.0,2.0,0.0,1.0,0.0,1.0,2.0,None,None,None,None,None,None,None,None,-,Low,Unknown,-
Accoount 244,2,Lean High-Margin Accounts,0,Normal,0.824,-0.9503,1.0,2.0,0.0,3.0,3.0,0.0,0.0,0.0,1.0,3.0,2.0,2.0,Unknown,None,Low,High,High,Low,Low,Minimal Change,Yes,High,Medium,-
Accoount 245,2,Lean High-Margin Accounts,0,Normal,0.448,-0.0291,1.0,2.0,0.0,3.0,2.0,0.0,2.0,0.0,1.0,3.0,2.0,2.0,Unknown,None,Low,High,None,None,None,Minimal Change,Yes,High,Medium,Medium
Accoount 246,2,Lean High-Margin Accounts,0,Normal,0.4483,0.0381,1.0,3.0,0.0,3.0,2.0,0.0,2.0,0.0,1.0,3.0,2.0,2.0,Unknown,Early Adopter,Low,High,Medium,Low,Medium,Minimal Change,Yes,High,Medium,Medium
Accoount 247,0,Standard / Low-Engagement Base,0,Normal,0.0368,-0.1926,3.0,2.0,0.0,3.0,2.0,0.0,2.0,0.0,1.0,2.0,3.0,2.0,Highly Seasonal,None,Low,High,None,None,None,Minimal Change,-,Medium,High,-
Accoount 248,0,Standard / Low-Engagement Base,0,Normal,1.0117,0.0513,1.0,2.0,0.0,3.0,2.0,0.0,2.0,0.0,1.0,3.0,3.0,2.0,None,None,None,None,None,None,None,None,-,-,-,-
Accoount 249,0,Standard / Low-Engagement Base,0,Normal,0.2133,-0.673,2.0,2.0,0.0,3.0,2.0,0.0,2.0,0.0,1.0,2.0,3.0,0.0,Potentially Seasonal,None,Low,High,None,None,None,Minimal Change,-,Medium,High,Low
Accoount 250,0,Standard / Low-Engagement Base,0,Normal,1.0117,0.0513,1.0,2.0,0.0,3.0,2.0,0.0,2.0,0.0,1.0,3.0,3.0,2.0,None,None,None,None,None,None,None,None,-,-,-,-
Accoount 251,3,High-Growth Potential Early Adopters,0,Normal,-2.9053,3.2897,3.0,3.0,2.0,3.0,2.0,3.0,4.0,0.0,1.0,2.0,1.0,3.0,Highly Seasonal,Early Adopter,Medium,High,Medium,High,Very High,Minimal Change,-,Medium,Unknown,High
Accoount 252,2,Lean High-Margin Accounts,0,Normal,0.448,-0.0291,1.0,2.0,0.0,3.0,2.0,0.0,2.0,0.0,1.0,3.0,2.0,2.0,Unknown,None,None,None,Medium,Low,Medium,None,Yes,High,Medium,Medium
Accoount 253,0,Standard / Low-Engagement Base,0,Normal,0.3313,-0.449,1.0,2.0,0.0,3.0,2.0,0.0,2.0,0.0,1.0,2.0,3.0,2.0,None,None,None,None,None,None,None,None,-,Medium,High,-
Accoount 254,2,Lean High-Margin Accounts,0,Normal,-0.6795,-0.19,1.0,2.0,0.0,3.0,2.0,0.0,2.0,0.0,1.0,3.0,0.0,2.0,None,None,None,None,None,None,None,None,Yes,High,Low,-
Accoount 255,0,Standard / Low-Engagement Base,0,Normal,0.3707,1.0979,2.0,3.0,2.0,3.0,2.0,0.0,2.0,0.0,1.0,3.0,3.0,2.0,Potentially Seasonal,Early Adopter,Medium,High,None,None,None,Minimal Change,-,-,-,Medium
Accoount 256,1,High-Volume Competitive Accounts,0,Normal,-2.157,-1.6105,1.0,2.0,0.0,3.0,2.0,0.0,2.0,0.0,1.0,0.0,1.0,2.0,None,None,None,None,None,None,None,None,-,Low,Unknown,-
Accoount 257,0,Standard / Low-Engagement Base,0,Normal,1.0117,0.0513,1.0,2.0,0.0,3.0,2.0,0.0,2.0,0.0,1.0,3.0,3.0,2.0,None,None,None,None,None,None,None,None,Yes,High,High,-
Accoount 258,0,Standard / Low-Engagement Base,0,Normal,1.0117,0.0513,1.0,2.0,0.0,3.0,2.0,0.0,2.0,0.0,1.0,3.0,3.0,2.0,Unknown,None,None,None,None,None,None,None,Yes,High,High,-
Accoount 259,0,Standard / Low-Engagement Base,0,Normal,1.0117,0.0513,1.0,2.0,0.0,3.0,2.0,0.0,2.0,0.0,1.0,3.0,3.0,2.0,Unknown,None,Low,High,None,None,None,Minimal Change,Yes,High,High,-
Accoount 260,0,Standard / Low-Engagement Base,0,Normal,0.3313,-0.449,1.0,2.0,0.0,3.0,2.0,0.0,2.0,0.0,1.0,2.0,3.0,2.0,Unknown,None,Low,High,None,None,None,Minimal Change,Yes,Medium,High,Medium
Accoount 261,0,Standard / Low-Engagement Base,0,Normal,1.041,-0.3009,1.0,2.0,0.0,3.0,2.0,0.0,2.0,0.0,1.0,3.0,3.0,0.0,Unknown,None,Low,High,None,None,None,Minimal Change,Yes,High,High,Low
Accoount 262,0,Standard / Low-Engagement Base,0,Normal,1.0117,0.0513,1.0,2.0,0.0,3.0,2.0,0.0,2.0,0.0,1.0,3.0,3.0,2.0,Unknown,None,Low,High,None,None,None,Minimal Change,Yes,High,High,Medium
Accoount 263,0,Standard / Low-Engagement Base,0,Normal,1.0117,0.0513,1.0,2.0,0.0,3.0,2.0,0.0,2.0,0.0,1.0,3.0,3.0,2.0,Unknown,None,Low,High,None,None,None,None,Yes,High,High,-
Accoount 264,2,Lean High-Margin Accounts,0,Normal,-0.7962,-0.6099,1.0,2.0,0.0,3.0,2.0,0.0,2.0,0.0,1.0,2.0,1.0,2.0,Unknown,None,None,None,None,None,None,None,Yes,Medium,Unknown,-
Accoount 265,0,Standard / Low-Engagement Base,0,Normal,1.0117,0.0513,1.0,2.0,0.0,3.0,2.0,0.0,2.0,0.0,1.0,3.0,3.0,2.0,Unknown,None,Low,High,None,None,None,None,Yes,High,High,-
Accoount 266,0,Standard / Low-Engagement Base,0,Normal,1.041,-0.3009,1.0,2.0,0.0,3.0,2.0,0.0,2.0,0.0,1.0,3.0,3.0,0.0,Unknown,None,None,None,None,None,None,None,-,-,-,Low
Accoount 267,0,Standard / Low-Engagement Base,0,Normal,1.0117,0.0513,1.0,2.0,0.0,3.0,2.0,0.0,2.0,0.0,1.0,3.0,3.0,2.0,None,None,None,None,None,None,None,None,Yes,High,High,-
Accoount 268,0,Standard / Low-Engagement Base,0,Normal,1.0117,0.0513,1.0,2.0,0.0,3.0,2.0,0.0,2.0,0.0,1.0,3.0,3.0,2.0,None,None,None,None,None,None,None,None,Yes,High,High,-
Accoount 269,0,Standard / Low-Engagement Base,0,Normal,1.0117,0.0513,1.0,2.0,0.0,3.0,2.0,0.0,2.0,0.0,1.0,3.0,3.0,2.0,Unknown,None,None,None,None,None,None,None,Yes,High,High,-
Accoount 270,0,Standard / Low-Engagement Base,0,Normal,1.0117,0.0513,1.0,2.0,0.0,3.0,2.0,0.0,2.0,0.0,1.0,3.0,3.0,2.0,Unknown,None,Low,High,None,None,None,None,Yes,High,High,-
Accoount 271,0,Standard / Low-Engagement Base,0,Normal,1.0117,0.0513,1.0,2.0,0.0,3.0,2.0,0.0,2.0,0.0,1.0,3.0,3.0,2.0,Unknown,None,Low,High,None,None,None,None,Yes,High,High,-
Accoount 272,2,Lean High-Margin Accounts,0,Normal,-0.2325,-0.5294,1.0,2.0,0.0,3.0,2.0,0.0,2.0,0.0,1.0,2.0,2.0,2.0,Unknown,None,None,None,None,None,None,None,-,Medium,Medium,-
Accoount 273,2,Lean High-Margin Accounts,0,Normal,-0.2325,-0.5294,1.0,2.0,0.0,3.0,2.0,0.0,2.0,0.0,1.0,2.0,2.0,2.0,None,None,None,None,None,None,None,None,Yes,Medium,Medium,-
Accoount 274,2,Lean High-Margin Accounts,0,Normal,-0.2325,-0.5294,1.0,2.0,0.0,3.0,2.0,0.0,2.0,0.0,1.0,2.0,2.0,2.0,None,None,None,None,None,None,None,None,-,Medium,Medium,-
Accoount 275,0,Standard / Low-Engagement Base,0,Normal,1.0117,0.0513,1.0,2.0,0.0,3.0,2.0,0.0,2.0,0.0,1.0,3.0,3.0,2.0,None,None,None,None,None,None,None,None,Yes,High,High,-
Accoount 276,0,Standard / Low-Engagement Base,0,Normal,1.0117,0.0513,1.0,2.0,0.0,3.0,2.0,0.0,2.0,0.0,1.0,3.0,3.0,2.0,None,None,None,None,None,None,None,None,Yes,High,High,-
Accoount 277,0,Standard / Low-Engagement Base,0,Normal,1.0117,0.0513,1.0,2.0,0.0,3.0,2.0,0.0,2.0,0.0,1.0,3.0,3.0,2.0,None,None,None,None,None,None,None,None,Yes,High,High,-
Accoount 278,2,Lean High-Margin Accounts,0,Normal,0.448,-0.0291,1.0,2.0,0.0,3.0,2.0,0.0,2.0,0.0,1.0,3.0,2.0,2.0,None,None,None,None,None,None,None,None,Yes,High,Medium,-
Accoount 279,0,Standard / Low-Engagement Base,0,Normal,1.0117,0.0513,1.0,2.0,0.0,3.0,2.0,0.0,2.0,0.0,1.0,3.0,3.0,2.0,None,None,None,None,None,None,None,None,-,-,-,-
Accoount 280,3,High-Growth Potential Early Adopters,0,Normal,-1.526,1.5824,1.0,3.0,0.0,2.0,2.0,2.0,3.0,0.0,1.0,3.0,0.0,3.0,Unknown,Early Adopter,Low,Medium,Medium,Medium,High,Minimal Change,Yes,High,Low,High
Accoount 281,0,Standard / Low-Engagement Base,0,Normal,0.3561,1.274,2.0,3.0,2.0,3.0,2.0,0.0,2.0,0.0,1.0,3.0,3.0,3.0,Potentially Seasonal,Early Adopter,Medium,High,None,None,None,Minimal Change,Yes,High,High,High
Accoount 282,3,High-Growth Potential Early Adopters,0,Normal,-3.4634,0.9382,1.0,2.0,0.0,3.0,2.0,3.0,4.0,0.0,1.0,0.0,1.0,2.0,Unknown,None,Low,High,Medium,High,Very High,Minimal Change,-,Low,Unknown,-
Accoount 283,3,High-Growth Potential Early Adopters,0,Normal,-0.459,2.7658,2.0,2.0,2.0,3.0,2.0,2.0,3.0,0.0,1.0,3.0,3.0,3.0,Potentially Seasonal,Trend Follower,Medium,High,Medium,Medium,High,Minimal Change,Yes,High,High,High
Accoount 284,0,Standard / Low-Engagement Base,0,Normal,1.0117,0.0513,1.0,2.0,0.0,3.0,2.0,0.0,2.0,0.0,1.0,3.0,3.0,2.0,Unknown,None,Low,High,Medium,Low,Medium,Minimal Change,Yes,High,High,Medium
Accoount 285,3,High-Growth Potential Early Adopters,1,Outlier,-1.4249,1.4675,0.0,3.0,0.0,3.0,0.0,2.0,3.0,0.0,1.0,3.0,0.0,2.0,Non Seasonal,Early Adopter,Low,High,Low,Medium,High,Minimal Change,Yes,High,Low,Medium
Accoount 286,3,High-Growth Potential Early Adopters,0,Normal,-3.8744,1.5967,2.0,3.0,3.0,3.0,2.0,2.0,3.0,0.0,1.0,0.0,1.0,3.0,Potentially Seasonal,Early Adopter,High,High,Medium,Medium,High,Minimal Change,Yes,Low,Unknown,High
Accoount 287,3,High-Growth Potential Early Adopters,0,Normal,-1.1703,1.1634,1.0,2.0,0.0,3.0,2.0,2.0,3.0,3.0,1.0,2.0,2.0,2.0,Unknown,None,Low,High,Medium,Medium,High,Concerning,-,Medium,Medium,-
Accoount 288,2,Lean High-Margin Accounts,0,Normal,0.6768,-0.8221,2.0,2.0,0.0,3.0,3.0,0.0,0.0,0.0,1.0,3.0,2.0,2.0,Potentially Seasonal,None,Low,High,High,Low,Low,Minimal Change,Yes,High,Medium,-
Accoount 289,3,High-Growth Potential Early Adopters,0,Normal,-3.7746,1.2993,3.0,3.0,2.0,3.0,2.0,2.0,3.0,0.0,1.0,0.0,1.0,3.0,Highly Seasonal,Early Adopter,Medium,High,Medium,Medium,High,Minimal Change,Yes,Low,Unknown,High
Accoount 290,3,High-Growth Potential Early Adopters,0,Normal,-2.9905,3.411,2.0,3.0,3.0,3.0,2.0,3.0,4.0,0.0,1.0,2.0,1.0,2.0,Potentially Seasonal,Early Adopter,High,High,Medium,High,Very High,Minimal Change,-,Medium,Unknown,Medium
Accoount 291,1,High-Volume Competitive Accounts,0,Normal,-2.2353,-1.4509,1.0,2.0,0.0,3.0,0.0,0.0,2.0,0.0,1.0,0.0,1.0,2.0,Unknown,None,Low,High,Low,Low,Medium,Minimal Change,-,Low,Unknown,-
Accoount 292,0,Standard / Low-Engagement Base,0,Normal,0.3704,1.0308,2.0,2.0,2.0,3.0,2.0,0.0,2.0,0.0,1.0,3.0,3.0,2.0,Potentially Seasonal,Trend Follower,Medium,High,Medium,Low,Medium,Minimal Change,Yes,High,High,Medium
Accoount 293,1,High-Volume Competitive Accounts,0,Normal,-2.6515,-0.8264,1.0,1.0,2.0,3.0,2.0,0.0,2.0,0.0,1.0,0.0,1.0,2.0,Unknown,Unknown,Medium,High,Medium,Low,Medium,Minimal Change,Yes,Low,Unknown,Medium
Accoount 294,1,High-Volume Competitive Accounts,0,Normal,-1.5937,-1.5972,1.0,1.0,0.0,3.0,2.0,0.0,2.0,0.0,1.0,0.0,2.0,2.0,Unknown,Unknown,Low,High,Medium,Low,Medium,Minimal Change,-,Low,Medium,Medium
Accoount 295,1,High-Volume Competitive Accounts,0,Normal,-1.6338,-2.6599,0.0,2.0,0.0,3.0,3.0,0.0,0.0,0.0,1.0,0.0,1.0,2.0,Non Seasonal,Trend Follower,Low,High,High,Low,Low,Minimal Change,-,Low,Unknown,Medium
Accoount 296,2,Lean High-Margin Accounts,0,Normal,-0.4579,-0.2416,2.0,2.0,0.0,3.0,0.0,0.0,2.0,0.0,1.0,2.0,2.0,2.0,Potentially Seasonal,None,Low,High,Low,Low,Medium,Minimal Change,Yes,Medium,Medium,Medium
Accoount 297,0,Standard / Low-Engagement Base,0,Normal,0.1837,-0.388,2.0,1.0,0.0,3.0,2.0,0.0,2.0,0.0,1.0,2.0,3.0,2.0,Potentially Seasonal,Unknown,Low,High,None,None,None,None,Yes,Medium,High,-
Accoount 298,1,High-Volume Competitive Accounts,0,Normal,-2.3825,-1.3227,2.0,2.0,0.0,3.0,0.0,0.0,2.0,0.0,1.0,0.0,1.0,2.0,Potentially Seasonal,None,Low,High,Low,Low,Medium,Minimal Change,-,Low,Unknown,Medium
Accoount 299,0,Standard / Low-Engagement Base,0,Normal,1.2405,-0.7417,2.0,2.0,0.0,3.0,3.0,0.0,0.0,0.0,1.0,3.0,3.0,2.0,Potentially Seasonal,None,Low,High,High,Low,Low,Minimal Change,-,High,High,-
Accoount 300,0,Standard / Low-Engagement Base,0,Normal,0.9334,0.211,1.0,2.0,0.0,3.0,0.0,0.0,2.0,0.0,1.0,3.0,3.0,2.0,None,None,None,None,Low,Low,Medium,None,Yes,High,High,-
Accoount 301,2,Lean High-Margin Accounts,0,Normal,0.448,-0.0291,1.0,2.0,0.0,3.0,2.0,0.0,2.0,0.0,1.0,3.0,2.0,2.0,None,None,None,None,None,None,None,None,Yes,High,Medium,-
Accoount 302,0,Standard / Low-Engagement Base,0,Normal,1.0117,0.0513,1.0,2.0,0.0,3.0,2.0,0.0,2.0,0.0,1.0,3.0,3.0,2.0,None,None,None,None,None,None,None,None,Yes,High,High,-
Accoount 303,3,High-Growth Potential Early Adopters,1,Outlier,-0.8042,3.493,1.0,0.0,2.0,3.0,2.0,3.0,4.0,0.0,1.0,3.0,3.0,3.0,Unknown,Late Adopter,Medium,High,Medium,High,Very High,Minimal Change,Yes,High,High,High
Accoount 304,3,High-Growth Potential Early Adopters,0,Normal,0.0501,1.8056,2.0,3.0,0.0,3.0,2.0,2.0,3.0,0.0,1.0,3.0,3.0,2.0,Potentially Seasonal,Early Adopter,Low,High,Medium,Medium,High,Minimal Change,Yes,High,High,Medium
Accoount 305,3,High-Growth Potential Early Adopters,0,Normal,-0.6062,2.8939,3.0,2.0,2.0,3.0,2.0,2.0,3.0,0.0,1.0,3.0,3.0,3.0,Highly Seasonal,None,Medium,High,Medium,Medium,High,Minimal Change,Yes,High,High,High
Accoount 306,0,Standard / Low-Engagement Base,0,Normal,1.0117,0.0513,1.0,2.0,0.0,3.0,2.0,0.0,2.0,0.0,1.0,3.0,3.0,2.0,None,None,None,None,None,None,None,None,Yes,High,High,-
Accoount 307,0,Standard / Low-Engagement Base,0,Normal,1.041,-0.3009,1.0,2.0,0.0,3.0,2.0,0.0,2.0,0.0,1.0,3.0,3.0,0.0,Unknown,None,Low,High,None,None,None,None,Yes,High,High,Low
Accoount 308,0,Standard / Low-Engagement Base,0,Normal,1.0117,0.0513,1.0,2.0,0.0,3.0,2.0,0.0,2.0,0.0,1.0,3.0,3.0,2.0,Unknown,None,None,None,None,None,None,None,Yes,High,High,-
Accoount 309,1,High-Volume Competitive Accounts,0,Normal,-2.157,-1.6105,1.0,2.0,0.0,3.0,2.0,0.0,2.0,0.0,1.0,0.0,1.0,2.0,None,None,None,None,None,None,None,None,-,Low,Unknown,-
Accoount 310,1,High-Volume Competitive Accounts,0,Normal,-1.7818,-2.666,1.0,0.0,0.0,3.0,3.0,0.0,0.0,0.0,1.0,0.0,1.0,2.0,Unknown,Late Adopter,Low,High,High,Low,Low,Minimal Change,-,Low,Unknown,-
Accoount 311,0,Standard / Low-Engagement Base,0,Normal,0.3313,-0.449,1.0,2.0,0.0,3.0,2.0,0.0,2.0,0.0,1.0,2.0,3.0,2.0,None,None,None,None,None,None,None,None,-,Medium,High,-
Accoount 312,0,Standard / Low-Engagement Base,0,Normal,1.0117,0.0513,1.0,2.0,0.0,3.0,2.0,0.0,2.0,0.0,1.0,3.0,3.0,2.0,None,None,None,None,None,None,None,None,Yes,High,High,-
Accoount 313,3,High-Growth Potential Early Adopters,0,Normal,-1.1252,2.0222,2.0,1.0,2.0,3.0,2.0,2.0,3.0,0.0,1.0,2.0,3.0,2.0,Potentially Seasonal,Unknown,Medium,High,Medium,Medium,High,Minimal Change,-,Medium,High,Medium
Accoount 314,0,Standard / Low-Engagement Base,0,Normal,1.0117,0.0513,1.0,2.0,0.0,3.0,2.0,0.0,2.0,0.0,1.0,3.0,3.0,2.0,None,None,None,None,None,None,None,None,-,-,-,-
Accoount 315,1,High-Volume Competitive Accounts,0,Normal,-2.3046,-1.5495,2.0,1.0,0.0,3.0,2.0,0.0,2.0,0.0,1.0,0.0,1.0,2.0,Potentially Seasonal,Unknown,Low,High,Medium,Low,Medium,Minimal Change,-,Low,Unknown,-
Accoount 316,0,Standard / Low-Engagement Base,0,Normal,1.0117,0.0513,1.0,2.0,0.0,3.0,2.0,0.0,2.0,0.0,1.0,3.0,3.0,2.0,None,None,None,None,None,None,None,None,Yes,High,High,-
Accoount 317,0,Standard / Low-Engagement Base,0,Normal,1.0117,0.0513,1.0,2.0,0.0,3.0,2.0,0.0,2.0,0.0,1.0,3.0,3.0,2.0,None,None,None,None,None,None,None,None,Yes,High,High,-
Accoount 318,0,Standard / Low-Engagement Base,0,Normal,1.0117,0.0513,1.0,2.0,0.0,3.0,2.0,0.0,2.0,0.0,1.0,3.0,3.0,2.0,None,None,None,None,None,None,None,None,Yes,High,High,-
Accoount 319,0,Standard / Low-Engagement Base,0,Normal,1.0117,0.0513,1.0,2.0,0.0,3.0,2.0,0.0,2.0,0.0,1.0,3.0,3.0,2.0,None,None,None,None,None,None,None,None,Yes,High,High,-
Accoount 320,0,Standard / Low-Engagement Base,0,Normal,1.0117,0.0513,1.0,2.0,0.0,3.0,2.0,0.0,2.0,0.0,1.0,3.0,3.0,2.0,None,None,None,None,None,None,None,None,Yes,High,High,-
Accoount 321,0,Standard / Low-Engagement Base,0,Normal,1.0117,0.0513,1.0,2.0,0.0,3.0,2.0,0.0,2.0,0.0,1.0,3.0,3.0,2.0,Unknown,None,None,None,None,None,None,None,-,-,-,-
Accoount 322,0,Standard / Low-Engagement Base,0,Normal,1.0117,0.0513,1.0,2.0,0.0,3.0,2.0,0.0,2.0,0.0,1.0,3.0,3.0,2.0,None,None,None,None,None,None,None,None,-,-,-,-
Accoount 323,0,Standard / Low-Engagement Base,0,Normal,1.0117,0.0513,1.0,2.0,0.0,3.0,2.0,0.0,2.0,0.0,1.0,3.0,3.0,2.0,Unknown,None,None,None,None,None,None,None,-,-,-,-
Accoount 324,0,Standard / Low-Engagement Base,0,Normal,1.0117,0.0513,1.0,2.0,0.0,3.0,2.0,0.0,2.0,0.0,1.0,3.0,3.0,2.0,None,None,None,None,None,None,None,None,-,-,-,-
Accoount 325,2,Lean High-Margin Accounts,0,Normal,-1.3599,-0.6903,1.0,2.0,0.0,3.0,2.0,0.0,2.0,0.0,1.0,2.0,0.0,2.0,None,None,None,None,None,None,None,None,-,Medium,Low,-
Accoount 326,0,Standard / Low-Engagement Base,0,Normal,1.0117,0.0513,1.0,2.0,0.0,3.0,2.0,0.0,2.0,0.0,1.0,3.0,3.0,2.0,None,None,None,None,None,None,None,None,-,-,-,-
Accoount 327,0,Standard / Low-Engagement Base,0,Normal,1.0117,0.0513,1.0,2.0,0.0,3.0,2.0,0.0,2.0,0.0,1.0,3.0,3.0,2.0,None,None,None,None,None,None,None,None,-,-,-,-
Accoount 328,0,Standard / Low-Engagement Base,0,Normal,0.959,-0.0379,1.0,2.0,0.0,0.0,2.0,0.0,2.0,0.0,1.0,3.0,3.0,2.0,Unknown,None,Low,Low,None,None,None,Minimal Change,-,-,-,-
Accoount 329,2,Lean High-Margin Accounts,0,Normal,0.448,-0.0291,1.0,2.0,0.0,3.0,2.0,0.0,2.0,0.0,1.0,3.0,2.0,2.0,Unknown,None,None,None,None,None,None,None,Yes,High,Medium,-
Accoount 330,0,Standard / Low-Engagement Base,0,Normal,1.0117,0.0513,1.0,2.0,0.0,3.0,2.0,0.0,2.0,0.0,1.0,3.0,3.0,2.0,None,None,None,None,None,None,None,None,-,-,-,-
Accoount 331,0,Standard / Low-Engagement Base,0,Normal,1.0117,0.0513,1.0,2.0,0.0,3.0,2.0,0.0,2.0,0.0,1.0,3.0,3.0,2.0,None,None,None,None,None,None,None,None,-,-,-,-
Accoount 332,0,Standard / Low-Engagement Base,0,Normal,1.0117,0.0513,1.0,2.0,0.0,3.0,2.0,0.0,2.0,0.0,1.0,3.0,3.0,2.0,Unknown,None,None,None,None,None,None,None,-,-,-,-
Accoount 333,0,Standard / Low-Engagement Base,0,Normal,1.0117,0.0513,1.0,2.0,0.0,3.0,2.0,0.0,2.0,0.0,1.0,3.0,3.0,2.0,None,None,None,None,None,None,None,None,Yes,High,High,-
Accoount 334,2,Lean High-Margin Accounts,0,Normal,-0.7962,-0.6099,1.0,2.0,0.0,3.0,2.0,0.0,2.0,0.0,1.0,2.0,1.0,2.0,None,None,None,None,None,None,None,None,-,Medium,Unknown,-
Accoount 335,0,Standard / Low-Engagement Base,0,Normal,1.0117,0.0513,1.0,2.0,0.0,3.0,2.0,0.0,2.0,0.0,1.0,3.0,3.0,2.0,None,None,None,None,None,None,None,None,-,-,-,-
Accoount 336,2,Lean High-Margin Accounts,0,Normal,-0.3797,-0.4012,2.0,2.0,0.0,3.0,2.0,0.0,2.0,0.0,1.0,2.0,2.0,2.0,Potentially Seasonal,None,Low,High,Medium,Low,Medium,Minimal Change,-,Medium,Medium,Medium
Accoount 337,0,Standard / Low-Engagement Base,0,Normal,1.0117,0.0513,1.0,2.0,0.0,3.0,2.0,0.0,2.0,0.0,1.0,3.0,3.0,2.0,Unknown,None,None,None,None,None,None,None,Yes,High,High,Medium
Accoount 338,0,Standard / Low-Engagement Base,0,Normal,1.0117,0.0513,1.0,2.0,0.0,3.0,2.0,0.0,2.0,0.0,1.0,3.0,3.0,2.0,None,None,None,None,None,None,None,None,Yes,High,High,-
Accoount 339,0,Standard / Low-Engagement Base,0,Normal,1.0117,0.0513,1.0,2.0,0.0,3.0,2.0,0.0,2.0,0.0,1.0,3.0,3.0,2.0,None,None,None,None,None,None,None,None,-,-,-,-
Accoount 340,0,Standard / Low-Engagement Base,0,Normal,1.0113,-0.0158,1.0,1.0,0.0,3.0,2.0,0.0,2.0,0.0,1.0,3.0,3.0,2.0,Unknown,Unknown,None,None,None,None,None,Minimal Change,Yes,High,High,-
Accoount 341,0,Standard / Low-Engagement Base,0,Normal,1.0117,0.0513,1.0,2.0,0.0,3.0,2.0,0.0,2.0,0.0,1.0,3.0,3.0,2.0,None,None,None,None,None,None,None,None,-,-,-,-
Accoount 342,0,Standard / Low-Engagement Base,0,Normal,1.0117,0.0513,1.0,2.0,0.0,3.0,2.0,0.0,2.0,0.0,1.0,3.0,3.0,2.0,None,None,None,None,None,None,None,None,-,-,-,-
Accoount 343,0,Standard / Low-Engagement Base,0,Normal,1.0117,0.0513,1.0,2.0,0.0,3.0,2.0,0.0,2.0,0.0,1.0,3.0,3.0,2.0,None,None,None,None,None,None,None,None,-,-,-,-
Accoount 344,2,Lean High-Margin Accounts,0,Normal,0.448,-0.0291,1.0,2.0,0.0,3.0,2.0,0.0,2.0,0.0,1.0,3.0,2.0,2.0,None,None,None,None,None,None,None,None,-,High,Medium,-
Accoount 345,1,High-Volume Competitive Accounts,0,Normal,-1.0296,-1.4496,1.0,2.0,0.0,3.0,2.0,0.0,2.0,0.0,1.0,0.0,3.0,2.0,None,None,None,None,None,None,None,None,-,Low,High,-
Accoount 346,1,High-Volume Competitive Accounts,0,Normal,-2.5042,-1.4434,3.0,2.0,0.0,0.0,2.0,0.0,2.0,0.0,1.0,0.0,1.0,2.0,Highly Seasonal,Trend Follower,Low,Low,None,None,None,Minimal Change,-,Low,Unknown,-
Accoount 347,0,Standard / Low-Engagement Base,0,Normal,1.0117,0.0513,1.0,2.0,0.0,3.0,2.0,0.0,2.0,0.0,1.0,3.0,3.0,2.0,None,None,None,None,None,None,None,None,-,-,-,-
Accoount 348,0,Standard / Low-Engagement Base,0,Normal,1.0117,0.0513,1.0,2.0,0.0,3.0,2.0,0.0,2.0,0.0,1.0,3.0,3.0,2.0,None,None,None,None,None,None,None,None,-,-,-,-
Accoount 349,1,High-Volume Competitive Accounts,0,Normal,-1.6338,-2.6599,0.0,2.0,0.0,3.0,3.0,0.0,0.0,0.0,1.0,0.0,1.0,2.0,Non Seasonal,None,Low,High,High,Low,Low,Minimal Change,-,Low,Unknown,Medium
Accoount 350,0,Standard / Low-Engagement Base,0,Normal,1.0117,0.0513,1.0,2.0,0.0,3.0,2.0,0.0,2.0,0.0,1.0,3.0,3.0,2.0,Unknown,None,Low,High,None,None,None,Minimal Change,Yes,High,High,-
Accoount 351,2,Lean High-Margin Accounts,0,Normal,0.448,-0.0291,1.0,2.0,0.0,3.0,2.0,0.0,2.0,0.0,1.0,3.0,2.0,2.0,None,None,None,None,None,None,None,None,Yes,High,Medium,-
Accoount 352,0,Standard / Low-Engagement Base,0,Normal,1.0117,0.0513,1.0,2.0,0.0,3.0,2.0,0.0,2.0,0.0,1.0,3.0,3.0,2.0,Unknown,None,Low,High,None,None,None,None,Yes,High,High,-
Accoount 353,1,High-Volume Competitive Accounts,0,Normal,-1.5933,-1.5301,1.0,2.0,0.0,3.0,2.0,0.0,2.0,0.0,1.0,0.0,2.0,2.0,Unknown,None,Low,High,None,None,None,None,-,Low,Medium,-
Accoount 354,0,Standard / Low-Engagement Base,0,Normal,1.0117,0.0513,1.0,2.0,0.0,3.0,2.0,0.0,2.0,0.0,1.0,3.0,3.0,2.0,Unknown,None,Low,High,None,None,None,None,Yes,High,High,-
Accoount 355,1,High-Volume Competitive Accounts,0,Normal,-1.4466,-2.2338,2.0,2.0,0.0,3.0,3.0,0.0,0.0,2.0,1.0,0.0,2.0,2.0,Potentially Seasonal,None,None,None,High,Low,Low,Encouraging,-,Low,Medium,-
Accoount 356,2,Lean High-Margin Accounts,0,Normal,0.448,-0.0291,1.0,2.0,0.0,3.0,2.0,0.0,2.0,0.0,1.0,3.0,2.0,2.0,Unknown,None,None,None,None,None,None,None,Yes,High,Medium,-
Accoount 357,0,Standard / Low-Engagement Base,0,Normal,1.0117,0.0513,1.0,2.0,0.0,3.0,2.0,0.0,2.0,0.0,1.0,3.0,3.0,2.0,Unknown,None,None,None,None,None,None,None,Yes,High,High,-
Accoount 358,2,Lean High-Margin Accounts,0,Normal,-0.2325,-0.5294,1.0,2.0,0.0,3.0,2.0,0.0,2.0,0.0,1.0,2.0,2.0,2.0,Unknown,None,Low,High,None,None,None,None,-,Medium,Medium,-
Accoount 359,0,Standard / Low-Engagement Base,0,Normal,1.1593,-0.0097,0.0,3.0,0.0,3.0,2.0,0.0,2.0,0.0,1.0,3.0,3.0,2.0,Non Seasonal,Early Adopter,Low,High,None,None,None,Minimal Change,-,-,-,Medium
Accoount 360,0,Standard / Low-Engagement Base,0,Normal,1.0117,0.0513,1.0,2.0,0.0,3.0,2.0,0.0,2.0,0.0,1.0,3.0,3.0,2.0,None,None,None,None,None,None,None,None,-,-,-,-
Accoount 361,0,Standard / Low-Engagement Base,0,Normal,1.0117,0.0513,1.0,2.0,0.0,3.0,2.0,0.0,2.0,0.0,1.0,3.0,3.0,2.0,None,None,None,None,None,None,None,None,Yes,High,High,-
Accoount 362,0,Standard / Low-Engagement Base,0,Normal,1.0117,0.0513,1.0,2.0,0.0,3.0,2.0,0.0,2.0,0.0,1.0,3.0,3.0,2.0,None,None,None,None,None,None,None,None,-,-,-,-
Accoount 363,0,Standard / Low-Engagement Base,0,Normal,1.0117,0.0513,1.0,2.0,0.0,3.0,2.0,0.0,2.0,0.0,1.0,3.0,3.0,2.0,None,None,None,None,None,None,None,None,-,-,-,Medium
Accoount 364,0,Standard / Low-Engagement Base,0,Normal,1.0117,0.0513,1.0,2.0,0.0,3.0,2.0,0.0,2.0,0.0,1.0,3.0,3.0,2.0,None,None,None,None,None,None,None,None,-,-,-,-
Accoount 365,0,Standard / Low-Engagement Base,0,Normal,1.0117,0.0513,1.0,2.0,0.0,3.0,2.0,0.0,2.0,0.0,1.0,3.0,3.0,2.0,None,None,None,None,None,None,None,None,Yes,High,High,-
Accoount 366,0,Standard / Low-Engagement Base,0,Normal,1.0117,0.0513,1.0,2.0,0.0,3.0,2.0,0.0,2.0,0.0,1.0,3.0,3.0,2.0,Unknown,None,None,None,None,None,None,None,Yes,High,High,Medium
Accoount 367,0,Standard / Low-Engagement Base,0,Normal,1.0117,0.0513,1.0,2.0,0.0,3.0,2.0,0.0,2.0,0.0,1.0,3.0,3.0,2.0,None,None,None,None,None,None,None,None,Yes,High,High,-
Accoount 368,1,High-Volume Competitive Accounts,0,Normal,-1.5933,-1.5301,1.0,2.0,0.0,3.0,2.0,0.0,2.0,0.0,1.0,0.0,2.0,2.0,None,None,None,None,None,None,None,None,Yes,Low,Medium,-
Accoount 369,0,Standard / Low-Engagement Base,0,Normal,1.0117,0.0513,1.0,2.0,0.0,3.0,2.0,0.0,2.0,0.0,1.0,3.0,3.0,2.0,None,None,None,None,None,None,None,None,-,-,-,-
Accoount 370,0,Standard / Low-Engagement Base,0,Normal,1.0117,0.0513,1.0,2.0,0.0,3.0,2.0,0.0,2.0,0.0,1.0,3.0,3.0,2.0,None,None,None,None,None,None,None,None,Yes,High,High,Medium
Accoount 371,0,Standard / Low-Engagement Base,0,Normal,1.0117,0.0513,1.0,2.0,0.0,3.0,2.0,0.0,2.0,0.0,1.0,3.0,3.0,2.0,None,None,None,None,None,None,None,None,-,-,-,-
Accoount 372,3,High-Growth Potential Early Adopters,0,Normal,-2.297,2.7198,3.0,3.0,2.0,3.0,2.0,2.0,3.0,0.0,1.0,3.0,0.0,3.0,Highly Seasonal,Early Adopter,Medium,High,Medium,Medium,High,Minimal Change,Yes,High,Low,High
Accoount 373,0,Standard / Low-Engagement Base,0,Normal,0.9334,0.211,1.0,2.0,0.0,3.0,0.0,0.0,2.0,0.0,1.0,3.0,3.0,2.0,Unknown,None,Low,High,Low,Low,Medium,Minimal Change,Yes,High,High,-
Accoount 374,1,High-Volume Competitive Accounts,0,Normal,-1.5933,-1.5301,1.0,2.0,0.0,3.0,2.0,0.0,2.0,0.0,1.0,0.0,2.0,2.0,Unknown,None,Low,High,Medium,Low,Medium,Minimal Change,Yes,Low,Medium,Medium
Accoount 375,0,Standard / Low-Engagement Base,0,Normal,1.0117,0.0513,1.0,2.0,0.0,3.0,2.0,0.0,2.0,0.0,1.0,3.0,3.0,2.0,None,None,None,None,None,None,None,None,Yes,High,High,-
Accoount 376,3,High-Growth Potential Early Adopters,0,Normal,-0.592,2.6507,3.0,1.0,2.0,3.0,2.0,2.0,3.0,0.0,1.0,3.0,3.0,2.0,Highly Seasonal,Unknown,Medium,High,Medium,Medium,High,Minimal Change,Yes,High,High,Medium
Accoount 377,2,Lean High-Margin Accounts,0,Normal,-0.3107,-0.3698,1.0,2.0,0.0,3.0,0.0,0.0,2.0,0.0,1.0,2.0,2.0,2.0,Unknown,None,Low,High,Low,Low,Medium,Minimal Change,Yes,Medium,Medium,-
Accoount 378,2,Lean High-Margin Accounts,0,Normal,-0.3804,-0.5355,2.0,0.0,0.0,3.0,2.0,0.0,2.0,0.0,1.0,2.0,2.0,2.0,Potentially Seasonal,Late Adopter,Low,High,Medium,Low,Medium,Minimal Change,-,Medium,Medium,Medium
Accoount 379,0,Standard / Low-Engagement Base,0,Normal,0.3313,-0.449,1.0,2.0,0.0,3.0,2.0,0.0,2.0,0.0,1.0,2.0,3.0,2.0,None,None,None,None,None,None,None,None,Yes,Medium,High,-
Accoount 380,3,High-Growth Potential Early Adopters,0,Normal,-0.3668,1.5298,1.0,2.0,0.0,3.0,2.0,2.0,3.0,0.0,1.0,3.0,2.0,2.0,Unknown,None,Low,High,Medium,Medium,High,Minimal Change,-,High,Medium,Medium
Accoount 381,3,High-Growth Potential Early Adopters,0,Normal,-1.9248,2.7346,0.0,3.0,3.0,3.0,3.0,3.0,3.0,0.0,1.0,2.0,2.0,2.0,Non Seasonal,Early Adopter,High,High,High,High,High,Minimal Change,-,Medium,Medium,Medium
Accoount 382,2,Lean High-Margin Accounts,0,Normal,-0.2325,-0.5294,1.0,2.0,0.0,3.0,2.0,0.0,2.0,0.0,1.0,2.0,2.0,2.0,None,None,None,None,None,None,None,None,-,Medium,Medium,-
Accoount 383,1,High-Volume Competitive Accounts,0,Normal,-2.157,-1.6105,1.0,2.0,0.0,3.0,2.0,0.0,2.0,0.0,1.0,0.0,1.0,2.0,Unknown,None,Low,High,None,None,None,Minimal Change,-,Low,Unknown,-
Accoount 384,0,Standard / Low-Engagement Base,0,Normal,0.4132,-1.0466,3.0,3.0,0.0,3.0,3.0,0.0,0.0,0.0,1.0,2.0,3.0,2.0,Highly Seasonal,Early Adopter,Low,High,High,Low,Low,Minimal Change,-,Medium,High,Medium
Accoount 385,1,High-Volume Competitive Accounts,0,Normal,-2.157,-1.6105,1.0,2.0,0.0,3.0,2.0,0.0,2.0,0.0,1.0,0.0,1.0,2.0,None,None,None,None,None,None,None,None,-,Low,Unknown,-
Accoount 386,0,Standard / Low-Engagement Base,0,Normal,1.0117,0.0513,1.0,2.0,0.0,3.0,2.0,0.0,2.0,0.0,1.0,3.0,3.0,2.0,Unknown,None,Low,High,Medium,Low,Medium,Minimal Change,Yes,High,High,Medium
Accoount 387,0,Standard / Low-Engagement Base,0,Normal,0.1973,1.6774,1.0,3.0,0.0,3.0,2.0,2.0,3.0,0.0,1.0,3.0,3.0,2.0,Unknown,Early Adopter,Low,High,Medium,Medium,High,Minimal Change,Yes,High,High,Medium
Accoount 388,0,Standard / Low-Engagement Base,0,Normal,0.8641,0.1124,2.0,1.0,0.0,3.0,2.0,0.0,2.0,0.0,1.0,3.0,3.0,2.0,Potentially Seasonal,Unknown,Low,High,Medium,Low,Medium,Minimal Change,Yes,High,High,Medium
Accoount 389,0,Standard / Low-Engagement Base,0,Normal,1.0117,0.0513,1.0,2.0,0.0,3.0,2.0,0.0,2.0,0.0,1.0,3.0,3.0,2.0,None,None,None,None,None,None,None,None,Yes,High,High,-
Accoount 390,0,Standard / Low-Engagement Base,0,Normal,1.0117,0.0513,1.0,2.0,0.0,3.0,2.0,0.0,2.0,0.0,1.0,3.0,3.0,2.0,None,None,None,None,None,None,None,None,Yes,High,High,-
Accoount 391,2,Lean High-Margin Accounts,0,Normal,-0.2325,-0.5294,1.0,2.0,0.0,3.0,2.0,0.0,2.0,0.0,1.0,2.0,2.0,2.0,None,None,None,None,None,None,None,None,-,Medium,Medium,-
Accoount 392,0,Standard / Low-Engagement Base,0,Normal,0.3313,-0.449,1.0,2.0,0.0,3.0,2.0,0.0,2.0,0.0,1.0,2.0,3.0,2.0,Unknown,None,Low,High,Medium,Low,Medium,Minimal Change,-,Medium,High,-
Accoount 393,0,Standard / Low-Engagement Base,0,Normal,-0.3104,0.4633,2.0,1.0,2.0,3.0,2.0,0.0,2.0,0.0,1.0,2.0,3.0,2.0,Potentially Seasonal,Unknown,Medium,High,Medium,Low,Medium,Minimal Change,Yes,Medium,High,Medium
Accoount 394,1,High-Volume Competitive Accounts,0,Normal,-2.9452,-0.4357,3.0,3.0,2.0,3.0,2.0,0.0,2.0,0.0,1.0,0.0,1.0,2.0,Highly Seasonal,Early Adopter,Medium,High,Medium,Low,Medium,Minimal Change,-,Low,Unknown,Medium
Accoount 395,2,Lean High-Margin Accounts,0,Normal,-0.9434,-0.4817,2.0,2.0,0.0,3.0,2.0,0.0,2.0,0.0,1.0,2.0,1.0,2.0,Potentially Seasonal,Trend Follower,Low,High,Medium,Low,Medium,Minimal Change,Yes,Medium,Unknown,Medium
Accoount 396,1,High-Volume Competitive Accounts,0,Normal,-1.0296,-1.4496,1.0,2.0,0.0,3.0,2.0,0.0,2.0,0.0,1.0,0.0,3.0,2.0,Unknown,None,Low,High,Medium,Low,Medium,Minimal Change,Yes,Low,High,-
Accoount 397,0,Standard / Low-Engagement Base,0,Normal,1.0117,0.0513,1.0,2.0,0.0,3.0,2.0,0.0,2.0,0.0,1.0,3.0,3.0,2.0,Unknown,None,None,None,None,None,None,None,Yes,High,High,-
Accoount 398,2,Lean High-Margin Accounts,0,Normal,0.448,-0.0291,1.0,2.0,0.0,3.0,2.0,0.0,2.0,0.0,1.0,3.0,2.0,2.0,Unknown,None,None,None,None,None,None,Minimal Change,-,High,Medium,-
Accoount 399,2,Lean High-Margin Accounts,0,Normal,0.448,-0.0291,1.0,2.0,0.0,3.0,2.0,0.0,2.0,0.0,1.0,3.0,2.0,2.0,None,None,None,None,None,None,None,None,Yes,High,Medium,-
Accoount 400,0,Standard / Low-Engagement Base,0,Normal,1.0117,0.0513,1.0,2.0,0.0,3.0,2.0,0.0,2.0,0.0,1.0,3.0,3.0,2.0,Unknown,None,None,None,None,None,None,None,Yes,High,High,-
Accoount 401,0,Standard / Low-Engagement Base,0,Normal,1.0117,0.0513,1.0,2.0,0.0,3.0,2.0,0.0,2.0,0.0,1.0,3.0,3.0,2.0,None,None,None,None,None,None,None,None,-,-,-,-
Accoount 402,0,Standard / Low-Engagement Base,0,Normal,1.0117,0.0513,1.0,2.0,0.0,3.0,2.0,0.0,2.0,0.0,1.0,3.0,3.0,2.0,None,None,None,None,None,None,None,None,-,-,-,-
Accoount 403,0,Standard / Low-Engagement Base,0,Normal,1.0117,0.0513,1.0,2.0,0.0,3.0,2.0,0.0,2.0,0.0,1.0,3.0,3.0,2.0,None,None,None,None,None,None,None,None,-,-,-,-
Accoount 404,0,Standard / Low-Engagement Base,0,Normal,1.0117,0.0513,1.0,2.0,0.0,3.0,2.0,0.0,2.0,0.0,1.0,3.0,3.0,2.0,None,None,None,None,None,None,None,None,-,-,-,-
Accoount 405,0,Standard / Low-Engagement Base,0,Normal,1.0117,0.0513,1.0,2.0,0.0,3.0,2.0,0.0,2.0,0.0,1.0,3.0,3.0,2.0,None,None,None,None,None,None,None,None,-,-,-,-
Accoount 406,0,Standard / Low-Engagement Base,0,Normal,1.0117,0.0513,1.0,2.0,0.0,3.0,2.0,0.0,2.0,0.0,1.0,3.0,3.0,2.0,Unknown,None,None,None,None,None,None,None,-,-,-,-
Accoount 407,1,High-Volume Competitive Accounts,0,Normal,-2.157,-1.6105,1.0,2.0,0.0,3.0,2.0,0.0,2.0,0.0,1.0,0.0,1.0,2.0,None,None,None,None,None,None,None,None,-,Low,Unknown,-
Accoount 408,0,Standard / Low-Engagement Base,0,Normal,1.0117,0.0513,1.0,2.0,0.0,3.0,2.0,0.0,2.0,0.0,1.0,3.0,3.0,2.0,None,None,None,None,None,None,None,None,Yes,High,High,-
Accoount 409,0,Standard / Low-Engagement Base,0,Normal,1.0117,0.0513,1.0,2.0,0.0,3.0,2.0,0.0,2.0,0.0,1.0,3.0,3.0,2.0,None,None,None,None,None,None,None,None,Yes,High,High,-
Accoount 410,0,Standard / Low-Engagement Base,0,Normal,1.0117,0.0513,1.0,2.0,0.0,3.0,2.0,0.0,2.0,0.0,1.0,3.0,3.0,2.0,None,None,None,None,None,None,None,None,-,-,-,-
Accoount 411,0,Standard / Low-Engagement Base,0,Normal,1.0117,0.0513,1.0,2.0,0.0,3.0,2.0,0.0,2.0,0.0,1.0,3.0,3.0,2.0,Unknown,None,None,None,None,None,None,Minimal Change,-,-,-,-
Accoount 412,2,Lean High-Margin Accounts,0,Normal,0.448,-0.0291,1.0,2.0,0.0,3.0,2.0,0.0,2.0,0.0,1.0,3.0,2.0,2.0,Unknown,None,None,None,None,None,None,None,Yes,High,Medium,-
Accoount 413,0,Standard / Low-Engagement Base,0,Normal,0.8122,0.1575,2.0,3.0,0.0,0.0,2.0,0.0,2.0,0.0,1.0,3.0,3.0,2.0,Potentially Seasonal,Early Adopter,Low,Low,None,None,None,Minimal Change,-,-,-,Medium
Accoount 414,0,Standard / Low-Engagement Base,0,Normal,1.0117,0.0513,1.0,2.0,0.0,3.0,2.0,0.0,2.0,0.0,1.0,3.0,3.0,2.0,None,None,None,None,None,None,None,None,-,-,-,-
Accoount 415,0,Standard / Low-Engagement Base,0,Normal,1.0117,0.0513,1.0,2.0,0.0,3.0,2.0,0.0,2.0,0.0,1.0,3.0,3.0,2.0,None,None,None,None,None,None,None,None,-,-,-,-
Accoount 416,0,Standard / Low-Engagement Base,0,Normal,1.0117,0.0513,1.0,2.0,0.0,3.0,2.0,0.0,2.0,0.0,1.0,3.0,3.0,2.0,None,None,None,None,None,None,None,None,-,-,-,-
Accoount 417,0,Standard / Low-Engagement Base,0,Normal,1.0117,0.0513,1.0,2.0,0.0,3.0,2.0,0.0,2.0,0.0,1.0,3.0,3.0,2.0,None,None,None,None,None,None,None,None,-,-,-,-
Accoount 418,0,Standard / Low-Engagement Base,0,Normal,1.0117,0.0513,1.0,2.0,0.0,3.0,2.0,0.0,2.0,0.0,1.0,3.0,3.0,2.0,None,None,None,None,None,None,None,None,-,-,-,-
Accoount 419,0,Standard / Low-Engagement Base,0,Normal,1.0117,0.0513,1.0,2.0,0.0,3.0,2.0,0.0,2.0,0.0,1.0,3.0,3.0,2.0,None,None,None,None,None,None,None,None,-,-,-,-
Accoount 420,0,Standard / Low-Engagement Base,0,Normal,1.0117,0.0513,1.0,2.0,0.0,3.0,2.0,0.0,2.0,0.0,1.0,3.0,3.0,2.0,None,None,None,None,None,None,None,None,Yes,High,High,-
Accoount 421,0,Standard / Low-Engagement Base,0,Normal,1.0117,0.0513,1.0,2.0,0.0,3.0,2.0,0.0,2.0,0.0,1.0,3.0,3.0,2.0,None,None,None,None,None,None,None,None,-,-,-,-
Accoount 422,2,Lean High-Margin Accounts,0,Normal,0.3008,0.0991,2.0,2.0,0.0,3.0,2.0,0.0,2.0,0.0,1.0,3.0,2.0,2.0,Potentially Seasonal,None,Low,High,None,None,None,Minimal Change,Yes,High,Medium,Medium
Accoount 423,0,Standard / Low-Engagement Base,0,Normal,1.0117,0.0513,1.0,2.0,0.0,3.0,2.0,0.0,2.0,0.0,1.0,3.0,3.0,2.0,None,None,None,None,None,None,None,None,-,-,-,-
Accoount 424,0,Standard / Low-Engagement Base,0,Normal,1.0117,0.0513,1.0,2.0,0.0,3.0,2.0,0.0,2.0,0.0,1.0,3.0,3.0,2.0,None,None,None,None,None,None,None,None,Yes,High,High,-
Accoount 425,0,Standard / Low-Engagement Base,0,Normal,1.0117,0.0513,1.0,2.0,0.0,3.0,2.0,0.0,2.0,0.0,1.0,3.0,3.0,2.0,Unknown,None,Low,High,None,None,None,None,Yes,High,High,-
Accoount 426,3,High-Growth Potential Early Adopters,0,Normal,-0.328,1.3828,1.0,1.0,0.0,3.0,3.0,2.0,3.0,0.0,1.0,3.0,2.0,2.0,Unknown,Unknown,Low,High,High,Medium,High,Minimal Change,-,High,Medium,Medium
Accoount 427,2,Lean High-Margin Accounts,0,Normal,-1.4518,0.6128,2.0,3.0,2.0,3.0,2.0,0.0,2.0,0.0,1.0,2.0,1.0,3.0,Potentially Seasonal,Early Adopter,Medium,High,None,None,None,Minimal Change,Yes,Medium,Unknown,High
Accoount 428,0,Standard / Low-Engagement Base,0,Normal,0.9582,-0.1722,1.0,0.0,0.0,0.0,2.0,0.0,2.0,0.0,1.0,3.0,3.0,2.0,Unknown,Late Adopter,Low,Low,None,None,None,None,-,-,-,-
Accoount 429,0,Standard / Low-Engagement Base,0,Normal,1.0117,0.0513,1.0,2.0,0.0,3.0,2.0,0.0,2.0,0.0,1.0,3.0,3.0,2.0,None,None,None,None,None,None,None,None,-,-,-,-
Accoount 430,0,Standard / Low-Engagement Base,0,Normal,1.0117,0.0513,1.0,2.0,0.0,3.0,2.0,0.0,2.0,0.0,1.0,3.0,3.0,2.0,None,None,None,None,None,None,None,None,-,-,-,-
Accoount 431,0,Standard / Low-Engagement Base,0,Normal,1.0117,0.0513,1.0,2.0,0.0,3.0,2.0,0.0,2.0,0.0,1.0,3.0,3.0,2.0,None,None,None,None,None,None,None,None,-,-,-,-
Accoount 432,0,Standard / Low-Engagement Base,0,Normal,1.0117,0.0513,1.0,2.0,0.0,3.0,2.0,0.0,2.0,0.0,1.0,3.0,3.0,2.0,None,None,None,None,None,None,None,None,-,-,-,-
Accoount 433,0,Standard / Low-Engagement Base,0,Normal,1.0117,0.0513,1.0,2.0,0.0,3.0,2.0,0.0,2.0,0.0,1.0,3.0,3.0,2.0,None,None,None,None,None,None,None,None,-,-,-,-
Accoount 434,0,Standard / Low-Engagement Base,0,Normal,1.0121,0.1185,1.0,3.0,0.0,3.0,2.0,0.0,2.0,0.0,1.0,3.0,3.0,2.0,Unknown,Early Adopter,Low,High,None,None,None,None,Yes,High,High,Medium
Accoount 435,0,Standard / Low-Engagement Base,0,Normal,1.041,-0.3009,1.0,2.0,0.0,3.0,2.0,0.0,2.0,0.0,1.0,3.0,3.0,0.0,None,None,None,None,None,None,None,None,Yes,High,High,Low
Accoount 436,0,Standard / Low-Engagement Base,0,Normal,-0.0235,1.6517,3.0,3.0,3.0,3.0,2.0,0.0,2.0,0.0,1.0,3.0,3.0,2.0,Highly Seasonal,Early Adopter,High,High,None,None,None,Minimal Change,Yes,High,High,Medium
Accoount 437,0,Standard / Low-Engagement Base,0,Normal,1.0117,0.0513,1.0,2.0,0.0,3.0,2.0,0.0,2.0,0.0,1.0,3.0,3.0,2.0,None,None,None,None,None,None,None,None,-,-,-,-
Accoount 438,0,Standard / Low-Engagement Base,0,Normal,1.0117,0.0513,1.0,2.0,0.0,3.0,2.0,0.0,2.0,0.0,1.0,3.0,3.0,2.0,Unknown,None,Low,High,None,None,None,None,Yes,High,High,-
Accoount 439,0,Standard / Low-Engagement Base,0,Normal,1.0117,0.0513,1.0,2.0,0.0,3.0,2.0,0.0,2.0,0.0,1.0,3.0,3.0,2.0,Unknown,None,Low,High,None,None,None,None,Yes,High,High,-
Accoount 440,2,Lean High-Margin Accounts,0,Normal,0.448,-0.0291,1.0,2.0,0.0,3.0,2.0,0.0,2.0,0.0,1.0,3.0,2.0,2.0,None,None,None,None,None,None,None,None,Yes,High,Medium,-
Accoount 441,3,High-Growth Potential Early Adopters,1,Outlier,-3.4761,1.1261,0.0,3.0,0.0,3.0,0.0,3.0,4.0,2.0,1.0,0.0,1.0,2.0,Non Seasonal,Early Adopter,None,None,Low,High,Very High,Encouraging,-,Low,Unknown,Medium
Accoount 442,0,Standard / Low-Engagement Base,0,Normal,0.3313,-0.449,1.0,2.0,0.0,3.0,2.0,0.0,2.0,0.0,1.0,2.0,3.0,2.0,None,None,None,None,None,None,None,None,-,Medium,High,-
Accoount 443,1,High-Volume Competitive Accounts,0,Normal,-2.157,-1.6105,1.0,2.0,0.0,3.0,2.0,0.0,2.0,0.0,1.0,0.0,1.0,2.0,None,None,None,None,None,None,None,None,-,Low,Unknown,-
Accoount 444,2,Lean High-Margin Accounts,0,Normal,0.448,-0.0291,1.0,2.0,0.0,3.0,2.0,0.0,2.0,0.0,1.0,3.0,2.0,2.0,Unknown,None,None,None,None,None,None,None,Yes,High,Medium,-
Accoount 445,0,Standard / Low-Engagement Base,0,Normal,1.0117,0.0513,1.0,2.0,0.0,3.0,2.0,0.0,2.0,0.0,1.0,3.0,3.0,2.0,Unknown,None,Low,High,None,None,None,Minimal Change,Yes,High,High,Medium
Accoount 446,0,Standard / Low-Engagement Base,0,Normal,1.0117,0.0513,1.0,2.0,0.0,3.0,2.0,0.0,2.0,0.0,1.0,3.0,3.0,2.0,Unknown,None,Low,High,None,None,None,Minimal Change,Yes,High,High,Medium
Accoount 447,0,Standard / Low-Engagement Base,0,Normal,1.0117,0.0513,1.0,2.0,0.0,3.0,2.0,0.0,2.0,0.0,1.0,3.0,3.0,2.0,Unknown,None,Low,High,None,None,None,Minimal Change,Yes,High,High,Medium
Accoount 448,0,Standard / Low-Engagement Base,0,Normal,1.0117,0.0513,1.0,2.0,0.0,3.0,2.0,0.0,2.0,0.0,1.0,3.0,3.0,2.0,None,None,None,None,None,None,None,None,Yes,High,High,-
Accoount 449,2,Lean High-Margin Accounts,0,Normal,-0.2325,-0.5294,1.0,2.0,0.0,3.0,2.0,0.0,2.0,0.0,1.0,2.0,2.0,2.0,None,None,None,None,None,None,None,None,Yes,Medium,Medium,-
Accoount 450,0,Standard / Low-Engagement Base,0,Normal,1.0117,0.0513,1.0,2.0,0.0,3.0,2.0,0.0,2.0,0.0,1.0,3.0,3.0,2.0,None,None,None,None,None,None,None,None,Yes,High,High,-
Accoount 451,0,Standard / Low-Engagement Base,0,Normal,1.0117,0.0513,1.0,2.0,0.0,3.0,2.0,0.0,2.0,0.0,1.0,3.0,3.0,2.0,None,None,None,None,None,None,None,None,Yes,High,High,-
Accoount 452,0,Standard / Low-Engagement Base,0,Normal,1.0117,0.0513,1.0,2.0,0.0,3.0,2.0,0.0,2.0,0.0,1.0,3.0,3.0,2.0,None,None,None,None,None,None,None,None,Yes,High,High,-
Accoount 453,0,Standard / Low-Engagement Base,0,Normal,1.0117,0.0513,1.0,2.0,0.0,3.0,2.0,0.0,2.0,0.0,1.0,3.0,3.0,2.0,None,None,None,None,None,None,None,None,Yes,High,High,-
Accoount 454,0,Standard / Low-Engagement Base,0,Normal,1.0117,0.0513,1.0,2.0,0.0,3.0,2.0,0.0,2.0,0.0,1.0,3.0,3.0,2.0,None,None,None,None,None,None,None,None,Yes,High,High,-
Accoount 455,0,Standard / Low-Engagement Base,0,Normal,0.959,-0.0379,1.0,2.0,0.0,0.0,2.0,0.0,2.0,0.0,1.0,3.0,3.0,2.0,Unknown,None,Low,Low,None,None,None,None,Yes,High,High,Medium
Accoount 456,0,Standard / Low-Engagement Base,0,Normal,1.0117,0.0513,1.0,2.0,0.0,3.0,2.0,0.0,2.0,0.0,1.0,3.0,3.0,2.0,None,None,None,None,None,None,None,None,Yes,High,High,-
Accoount 457,0,Standard / Low-Engagement Base,0,Normal,1.0117,0.0513,1.0,2.0,0.0,3.0,2.0,0.0,2.0,0.0,1.0,3.0,3.0,2.0,None,None,None,None,None,None,None,None,-,-,-,-
Accoount 458,0,Standard / Low-Engagement Base,0,Normal,1.0117,0.0513,1.0,2.0,0.0,3.0,2.0,0.0,2.0,0.0,1.0,3.0,3.0,2.0,None,None,None,None,None,None,None,None,-,-,-,-
Accoount 459,0,Standard / Low-Engagement Base,0,Normal,0.3313,-0.449,1.0,2.0,0.0,3.0,2.0,0.0,2.0,0.0,1.0,2.0,3.0,2.0,None,None,None,None,None,None,None,None,-,Medium,High,-
Accoount 460,0,Standard / Low-Engagement Base,0,Normal,1.0117,0.0513,1.0,2.0,0.0,3.0,2.0,0.0,2.0,0.0,1.0,3.0,3.0,2.0,None,None,None,None,None,None,None,None,-,-,-,-
Accoount 461,0,Standard / Low-Engagement Base,0,Normal,1.0117,0.0513,1.0,2.0,0.0,3.0,2.0,0.0,2.0,0.0,1.0,3.0,3.0,2.0,None,None,None,None,None,None,None,None,-,-,-,-
Accoount 462,0,Standard / Low-Engagement Base,0,Normal,1.0117,0.0513,1.0,2.0,0.0,3.0,2.0,0.0,2.0,0.0,1.0,3.0,3.0,2.0,Unknown,None,Low,High,None,None,None,None,Yes,High,High,Medium
Accoount 463,0,Standard / Low-Engagement Base,0,Normal,0.3313,-0.449,1.0,2.0,0.0,3.0,2.0,0.0,2.0,0.0,1.0,2.0,3.0,2.0,None,None,None,None,None,None,None,None,Yes,Medium,High,-
Accoount 464,2,Lean High-Margin Accounts,0,Normal,0.448,-0.0291,1.0,2.0,0.0,3.0,2.0,0.0,2.0,0.0,1.0,3.0,2.0,2.0,None,None,None,None,None,None,None,None,-,High,Medium,-
Accoount 465,3,High-Growth Potential Early Adopters,0,Normal,-2.2669,2.1046,2.0,2.0,2.0,3.0,2.0,2.0,3.0,0.0,1.0,2.0,1.0,3.0,Potentially Seasonal,Trend Follower,Medium,High,Medium,Medium,High,Minimal Change,-,Medium,Unknown,High
Accoount 466,0,Standard / Low-Engagement Base,0,Normal,0.2655,1.5745,0.0,1.0,0.0,3.0,0.0,2.0,3.0,0.0,1.0,3.0,3.0,2.0,Non Seasonal,Unknown,Low,High,Low,Medium,High,Minimal Change,Yes,High,High,Medium
Accoount 467,0,Standard / Low-Engagement Base,0,Normal,1.0117,0.0513,1.0,2.0,0.0,3.0,2.0,0.0,2.0,0.0,1.0,3.0,3.0,2.0,Unknown,None,Low,High,Medium,Low,Medium,Minimal Change,Yes,High,High,-
Accoount 468,0,Standard / Low-Engagement Base,0,Normal,0.1837,-0.388,2.0,1.0,0.0,3.0,2.0,0.0,2.0,0.0,1.0,2.0,3.0,2.0,Potentially Seasonal,Unknown,Low,High,Medium,Low,Medium,Minimal Change,Yes,Medium,High,Medium
Accoount 469,3,High-Growth Potential Early Adopters,0,Normal,-1.9879,2.2873,1.0,3.0,2.0,3.0,2.0,2.0,3.0,0.0,1.0,3.0,0.0,2.0,Unknown,Early Adopter,Medium,High,Medium,Medium,High,Minimal Change,-,High,Low,Medium
Accoount 470,0,Standard / Low-Engagement Base,0,Normal,1.0117,0.0513,1.0,2.0,0.0,3.0,2.0,0.0,2.0,0.0,1.0,3.0,3.0,2.0,None,None,None,None,None,None,None,None,Yes,High,High,-
Accoount 471,3,High-Growth Potential Early Adopters,1,Outlier,-0.6953,3.4914,0.0,3.0,3.0,3.0,3.0,3.0,3.0,0.0,1.0,3.0,3.0,3.0,Non Seasonal,Early Adopter,High,High,High,High,High,Minimal Change,Yes,High,High,High
Accoount 472,1,High-Volume Competitive Accounts,0,Normal,-1.7405,-1.4019,2.0,2.0,0.0,3.0,2.0,0.0,2.0,0.0,1.0,0.0,2.0,2.0,Potentially Seasonal,None,Low,High,Medium,Low,Medium,None,-,Low,Medium,Medium
Accoount 473,1,High-Volume Competitive Accounts,0,Normal,-1.0296,-1.4496,1.0,2.0,0.0,3.0,2.0,0.0,2.0,0.0,1.0,0.0,3.0,2.0,None,None,None,None,None,None,None,None,Yes,Low,High,-
Accoount 474,1,High-Volume Competitive Accounts,0,Normal,-1.5929,-1.4629,1.0,3.0,0.0,3.0,2.0,0.0,2.0,0.0,1.0,0.0,2.0,2.0,Unknown,Early Adopter,Low,High,Medium,Low,Medium,Minimal Change,Yes,Low,Medium,Medium
Accoount 475,1,High-Volume Competitive Accounts,0,Normal,-1.5941,-1.6644,1.0,0.0,0.0,3.0,2.0,0.0,2.0,0.0,1.0,0.0,2.0,2.0,Unknown,Late Adopter,Low,High,Medium,Low,Medium,Minimal Change,-,Low,Medium,Medium
Accoount 476,0,Standard / Low-Engagement Base,0,Normal,0.1442,1.521,1.0,2.0,0.0,0.0,2.0,2.0,3.0,0.0,1.0,3.0,3.0,2.0,Unknown,None,Low,Low,Medium,Medium,High,None,Yes,High,High,-
Accoount 477,1,High-Volume Competitive Accounts,0,Normal,-2.157,-1.6105,1.0,2.0,0.0,3.0,2.0,0.0,2.0,0.0,1.0,0.0,1.0,2.0,None,None,None,None,None,None,None,None,-,Low,Unknown,-
Accoount 478,3,High-Growth Potential Early Adopters,1,Outlier,-2.9836,3.4493,3.0,3.0,2.0,3.0,0.0,3.0,4.0,0.0,1.0,2.0,1.0,3.0,Highly Seasonal,Early Adopter,Medium,High,Low,High,Very High,Minimal Change,-,Medium,Unknown,High
Accoount 479,3,High-Growth Potential Early Adopters,1,Outlier,-2.6422,3.4471,2.0,1.0,2.0,3.0,2.0,3.0,4.0,0.0,1.0,3.0,0.0,3.0,Potentially Seasonal,Unknown,Medium,High,Medium,High,Very High,Minimal Change,Yes,High,Low,High
Accoount 480,3,High-Growth Potential Early Adopters,0,Normal,-2.7581,3.1615,2.0,3.0,2.0,3.0,2.0,3.0,4.0,0.0,1.0,2.0,1.0,3.0,Potentially Seasonal,Early Adopter,Medium,High,Medium,High,Very High,Minimal Change,Yes,Medium,Unknown,High
Accoount 481,1,High-Volume Competitive Accounts,1,Outlier,-1.8429,-1.818,2.0,0.0,0.0,0.0,0.0,0.0,2.0,0.0,1.0,0.0,2.0,0.0,Potentially Seasonal,Late Adopter,Low,Low,Low,Low,Medium,Minimal Change,-,Low,Medium,Low
Accoount 482,1,High-Volume Competitive Accounts,0,Normal,-1.4019,-0.9664,3.0,3.0,0.0,3.0,0.0,0.0,2.0,0.0,1.0,0.0,3.0,2.0,Highly Seasonal,Early Adopter,Low,High,Low,Low,Medium,Minimal Change,Yes,Low,High,Medium
Accoount 483,1,High-Volume Competitive Accounts,0,Normal,-1.6715,-1.3704,1.0,2.0,0.0,3.0,0.0,0.0,2.0,0.0,1.0,0.0,2.0,2.0,Unknown,None,Low,High,Low,Low,Medium,Minimal Change,-,Low,Medium,Medium
Accoount 484,0,Standard / Low-Engagement Base,0,Normal,0.8645,0.1795,2.0,2.0,0.0,3.0,2.0,0.0,2.0,0.0,1.0,3.0,3.0,2.0,Potentially Seasonal,None,Low,High,None,None,None,Minimal Change,Yes,High,High,Medium
Accoount 485,0,Standard / Low-Engagement Base,0,Normal,1.0117,0.0513,1.0,2.0,0.0,3.0,2.0,0.0,2.0,0.0,1.0,3.0,3.0,2.0,Unknown,None,Low,High,None,None,None,Minimal Change,Yes,High,High,-
Accoount 486,0,Standard / Low-Engagement Base,0,Normal,1.0117,0.0513,1.0,2.0,0.0,3.0,2.0,0.0,2.0,0.0,1.0,3.0,3.0,2.0,Unknown,None,None,None,None,None,None,None,Yes,High,High,-
Accoount 487,0,Standard / Low-Engagement Base,0,Normal,1.0117,0.0513,1.0,2.0,0.0,3.0,2.0,0.0,2.0,0.0,1.0,3.0,3.0,2.0,None,None,None,None,None,None,None,None,Yes,High,High,-
Accoount 488,0,Standard / Low-Engagement Base,0,Normal,1.0117,0.0513,1.0,2.0,0.0,3.0,2.0,0.0,2.0,0.0,1.0,3.0,3.0,2.0,None,None,None,None,None,None,None,None,Yes,High,High,-
Accoount 489,0,Standard / Low-Engagement Base,0,Normal,1.0117,0.0513,1.0,2.0,0.0,3.0,2.0,0.0,2.0,0.0,1.0,3.0,3.0,2.0,Unknown,None,None,None,None,None,None,None,Yes,High,High,-
Accoount 490,0,Standard / Low-Engagement Base,0,Normal,0.3313,-0.449,1.0,2.0,0.0,3.0,2.0,0.0,2.0,0.0,1.0,2.0,3.0,2.0,None,None,None,None,None,None,None,None,-,Medium,High,-
Accoount 491,0,Standard / Low-Engagement Base,0,Normal,0.4128,-1.1138,3.0,2.0,0.0,3.0,3.0,0.0,0.0,0.0,1.0,2.0,3.0,2.0,Highly Seasonal,None,Low,High,High,Low,Low,Minimal Change,-,Medium,High,Medium
Accoount 492,0,Standard / Low-Engagement Base,0,Normal,0.3313,-0.449,1.0,2.0,0.0,3.0,2.0,0.0,2.0,0.0,1.0,2.0,3.0,2.0,Unknown,None,Low,High,Medium,Low,Medium,None,-,Medium,High,-
Accoount 493,0,Standard / Low-Engagement Base,0,Normal,0.3313,-0.449,1.0,2.0,0.0,3.0,2.0,0.0,2.0,0.0,1.0,2.0,3.0,2.0,Unknown,None,None,None,Medium,Low,Medium,None,-,Medium,High,-
Accoount 494,0,Standard / Low-Engagement Base,0,Normal,0.8645,0.1795,2.0,2.0,0.0,3.0,2.0,0.0,2.0,0.0,1.0,3.0,3.0,2.0,Potentially Seasonal,None,Low,High,None,None,None,Minimal Change,Yes,High,High,Medium
Accoount 495,0,Standard / Low-Engagement Base,0,Normal,0.8641,0.1124,2.0,1.0,0.0,3.0,2.0,0.0,2.0,0.0,1.0,3.0,3.0,2.0,Potentially Seasonal,Unknown,Low,High,Medium,Low,Medium,Minimal Change,Yes,High,High,Medium
Accoount 496,0,Standard / Low-Engagement Base,0,Normal,0.8641,0.1124,2.0,1.0,0.0,3.0,2.0,0.0,2.0,0.0,1.0,3.0,3.0,2.0,Potentially Seasonal,Unknown,Low,High,Medium,Low,Medium,Minimal Change,-,High,High,Medium
Accoount 497,2,Lean High-Margin Accounts,0,Normal,-0.2325,-0.5294,1.0,2.0,0.0,3.0,2.0,0.0,2.0,0.0,1.0,2.0,2.0,2.0,None,None,None,None,None,None,None,None,-,Medium,Medium,-
Accoount 498,1,High-Volume Competitive Accounts,0,Normal,-1.0296,-1.4496,1.0,2.0,0.0,3.0,2.0,0.0,2.0,0.0,1.0,0.0,3.0,2.0,None,None,None,None,None,None,None,None,-,Low,High,-
Accoount 499,2,Lean High-Margin Accounts,0,Normal,0.6764,-0.8893,2.0,1.0,0.0,3.0,3.0,0.0,0.0,0.0,1.0,3.0,2.0,2.0,Potentially Seasonal,Unknown,Low,High,High,Low,Low,Minimal Change,Yes,High,Medium,Medium
Accoount 500,0,Standard / Low-Engagement Base,0,Normal,0.8359,0.0961,1.0,2.0,0.0,0.0,2.0,0.0,2.0,3.0,1.0,3.0,3.0,2.0,Unknown,None,Low,Low,None,None,None,Concerning,-,-,-,Medium
Accoount 501,0,Standard / Low-Engagement Base,0,Normal,1.0117,0.0513,1.0,2.0,0.0,3.0,2.0,0.0,2.0,0.0,1.0,3.0,3.0,2.0,Unknown,None,None,None,None,None,None,None,-,-,-,Medium
Accoount 502,0,Standard / Low-Engagement Base,0,Normal,1.0117,0.0513,1.0,2.0,0.0,3.0,2.0,0.0,2.0,0.0,1.0,3.0,3.0,2.0,Unknown,None,None,None,None,None,None,None,-,-,-,-
Accoount 503,0,Standard / Low-Engagement Base,0,Normal,1.0117,0.0513,1.0,2.0,0.0,3.0,2.0,0.0,2.0,0.0,1.0,3.0,3.0,2.0,None,None,None,None,None,None,None,None,Yes,High,High,-
Accoount 504,0,Standard / Low-Engagement Base,0,Normal,1.0117,0.0513,1.0,2.0,0.0,3.0,2.0,0.0,2.0,0.0,1.0,3.0,3.0,2.0,None,None,None,None,None,None,None,None,-,-,-,-
Accoount 505,0,Standard / Low-Engagement Base,0,Normal,1.0117,0.0513,1.0,2.0,0.0,3.0,2.0,0.0,2.0,0.0,1.0,3.0,3.0,2.0,None,None,None,None,None,None,None,None,-,-,-,-
Accoount 506,0,Standard / Low-Engagement Base,0,Normal,1.0117,0.0513,1.0,2.0,0.0,3.0,2.0,0.0,2.0,0.0,1.0,3.0,3.0,2.0,Unknown,None,None,None,None,None,None,None,-,-,-,Medium
Accoount 507,0,Standard / Low-Engagement Base,0,Normal,1.0117,0.0513,1.0,2.0,0.0,3.0,2.0,0.0,2.0,0.0,1.0,3.0,3.0,2.0,None,None,None,None,None,None,None,None,-,-,-,-
Accoount 508,0,Standard / Low-Engagement Base,0,Normal,1.0117,0.0513,1.0,2.0,0.0,3.0,2.0,0.0,2.0,0.0,1.0,3.0,3.0,2.0,None,None,None,None,None,None,None,None,-,-,-,-
Accoount 509,1,High-Volume Competitive Accounts,0,Normal,-1.0296,-1.4496,1.0,2.0,0.0,3.0,2.0,0.0,2.0,0.0,1.0,0.0,3.0,2.0,None,None,None,None,None,None,None,None,-,Low,High,-
Accoount 510,1,High-Volume Competitive Accounts,0,Normal,-2.3329,-1.5658,1.0,2.0,0.0,0.0,2.0,0.0,2.0,3.0,1.0,0.0,1.0,2.0,Unknown,None,Low,Low,None,None,None,Concerning,-,Low,Unknown,-
Accoount 511,0,Standard / Low-Engagement Base,0,Normal,1.0117,0.0513,1.0,2.0,0.0,3.0,2.0,0.0,2.0,0.0,1.0,3.0,3.0,2.0,None,None,None,None,None,None,None,None,Yes,High,High,-
Accoount 512,0,Standard / Low-Engagement Base,0,Normal,1.0117,0.0513,1.0,2.0,0.0,3.0,2.0,0.0,2.0,0.0,1.0,3.0,3.0,2.0,None,None,None,None,None,None,None,None,Yes,High,High,-
Accoount 513,0,Standard / Low-Engagement Base,0,Normal,1.0117,0.0513,1.0,2.0,0.0,3.0,2.0,0.0,2.0,0.0,1.0,3.0,3.0,2.0,Unknown,None,None,None,Medium,Low,Medium,None,Yes,High,High,Medium
Accoount 514,0,Standard / Low-Engagement Base,0,Normal,1.0117,0.0513,1.0,2.0,0.0,3.0,2.0,0.0,2.0,0.0,1.0,3.0,3.0,2.0,None,None,None,None,None,None,None,None,-,-,-,-
Accoount 515,0,Standard / Low-Engagement Base,0,Normal,0.782,0.2017,2.0,1.0,0.0,3.0,2.0,0.0,2.0,2.0,1.0,3.0,3.0,2.0,Potentially Seasonal,Unknown,Low,High,None,None,None,Encouraging,-,-,-,Medium
Accoount 516,0,Standard / Low-Engagement Base,0,Normal,1.0117,0.0513,1.0,2.0,0.0,3.0,2.0,0.0,2.0,0.0,1.0,3.0,3.0,2.0,None,None,None,None,None,None,None,None,-,-,-,-
Accoount 517,0,Standard / Low-Engagement Base,0,Normal,0.8641,0.1124,2.0,1.0,0.0,3.0,2.0,0.0,2.0,0.0,1.0,3.0,3.0,2.0,Potentially Seasonal,Unknown,Low,High,Medium,Low,Medium,Minimal Change,Yes,High,High,Medium
Accoount 518,0,Standard / Low-Engagement Base,0,Normal,1.0117,0.0513,1.0,2.0,0.0,3.0,2.0,0.0,2.0,0.0,1.0,3.0,3.0,2.0,None,None,None,None,None,None,None,None,-,-,-,-
Accoount 519,0,Standard / Low-Engagement Base,0,Normal,1.0117,0.0513,1.0,2.0,0.0,3.0,2.0,0.0,2.0,0.0,1.0,3.0,3.0,2.0,None,None,None,None,None,None,None,None,-,-,-,-
Accoount 520,0,Standard / Low-Engagement Base,0,Normal,1.0117,0.0513,1.0,2.0,0.0,3.0,2.0,0.0,2.0,0.0,1.0,3.0,3.0,2.0,None,None,None,None,None,None,None,None,-,-,-,-
Accoount 521,1,High-Volume Competitive Accounts,0,Normal,-2.7207,-1.6909,1.0,2.0,0.0,3.0,2.0,0.0,2.0,0.0,1.0,0.0,0.0,2.0,None,None,None,None,None,None,None,None,-,Low,Low,-
Accoount 522,2,Lean High-Margin Accounts,0,Normal,-0.2325,-0.5294,1.0,2.0,0.0,3.0,2.0,0.0,2.0,0.0,1.0,2.0,2.0,2.0,Unknown,None,None,None,None,None,None,None,Yes,Medium,Medium,-
Accoount 523,2,Lean High-Margin Accounts,0,Normal,0.448,-0.0291,1.0,2.0,0.0,3.0,2.0,0.0,2.0,0.0,1.0,3.0,2.0,2.0,Unknown,None,None,None,None,None,None,None,Yes,High,Medium,-
Accoount 524,0,Standard / Low-Engagement Base,0,Normal,1.0117,0.0513,1.0,2.0,0.0,3.0,2.0,0.0,2.0,0.0,1.0,3.0,3.0,2.0,None,None,None,None,None,None,None,None,Yes,High,High,-
Accoount 525,1,High-Volume Competitive Accounts,0,Normal,-2.3042,-1.4823,2.0,2.0,0.0,3.0,2.0,0.0,2.0,0.0,1.0,0.0,1.0,2.0,Potentially Seasonal,Trend Follower,None,None,None,None,None,Minimal Change,-,Low,Unknown,-
Accoount 526,0,Standard / Low-Engagement Base,0,Normal,1.0117,0.0513,1.0,2.0,0.0,3.0,2.0,0.0,2.0,0.0,1.0,3.0,3.0,2.0,Unknown,None,None,None,None,None,None,None,Yes,High,High,-
Accoount 527,0,Standard / Low-Engagement Base,0,Normal,1.0117,0.0513,1.0,2.0,0.0,3.0,2.0,0.0,2.0,0.0,1.0,3.0,3.0,2.0,Unknown,None,Low,High,None,None,None,Minimal Change,Yes,High,High,Medium
Accoount 528,0,Standard / Low-Engagement Base,0,Normal,1.0117,0.0513,1.0,2.0,0.0,3.0,2.0,0.0,2.0,0.0,1.0,3.0,3.0,2.0,Unknown,None,Low,High,None,None,None,None,Yes,High,High,-
Accoount 529,0,Standard / Low-Engagement Base,0,Normal,1.0117,0.0513,1.0,2.0,0.0,3.0,2.0,0.0,2.0,0.0,1.0,3.0,3.0,2.0,Unknown,None,Low,High,None,None,None,None,Yes,High,High,-
Accoount 530,0,Standard / Low-Engagement Base,0,Normal,1.0117,0.0513,1.0,2.0,0.0,3.0,2.0,0.0,2.0,0.0,1.0,3.0,3.0,2.0,Unknown,None,Low,High,None,None,None,None,Yes,High,High,-
Accoount 531,0,Standard / Low-Engagement Base,0,Normal,1.0117,0.0513,1.0,2.0,0.0,3.0,2.0,0.0,2.0,0.0,1.0,3.0,3.0,2.0,None,None,None,None,None,None,None,None,Yes,High,High,-
Accoount 532,0,Standard / Low-Engagement Base,0,Normal,1.0117,0.0513,1.0,2.0,0.0,3.0,2.0,0.0,2.0,0.0,1.0,3.0,3.0,2.0,Unknown,None,Low,High,None,None,None,Minimal Change,Yes,High,High,Medium
Accoount 533,0,Standard / Low-Engagement Base,0,Normal,1.0117,0.0513,1.0,2.0,0.0,3.0,2.0,0.0,2.0,0.0,1.0,3.0,3.0,2.0,Unknown,None,Low,High,None,None,None,None,Yes,High,High,-
Accoount 534,0,Standard / Low-Engagement Base,0,Normal,1.0117,0.0513,1.0,2.0,0.0,3.0,2.0,0.0,2.0,0.0,1.0,3.0,3.0,2.0,Unknown,None,Low,High,None,None,None,None,Yes,High,High,-
Accoount 535,0,Standard / Low-Engagement Base,0,Normal,1.0117,0.0513,1.0,2.0,0.0,3.0,2.0,0.0,2.0,0.0,1.0,3.0,3.0,2.0,Unknown,None,None,None,None,None,None,None,Yes,High,High,-
Accoount 536,0,Standard / Low-Engagement Base,0,Normal,1.041,-0.3009,1.0,2.0,0.0,3.0,2.0,0.0,2.0,0.0,1.0,3.0,3.0,0.0,None,None,None,None,None,None,None,None,-,-,-,Low
Accoount 537,0,Standard / Low-Engagement Base,0,Normal,1.0117,0.0513,1.0,2.0,0.0,3.0,2.0,0.0,2.0,0.0,1.0,3.0,3.0,2.0,None,None,None,None,None,None,None,None,-,-,-,-
Accoount 538,0,Standard / Low-Engagement Base,0,Normal,1.0117,0.0513,1.0,2.0,0.0,3.0,2.0,0.0,2.0,0.0,1.0,3.0,3.0,2.0,None,None,None,None,None,None,None,None,Yes,High,High,-
Accoount 539,0,Standard / Low-Engagement Base,0,Normal,1.0117,0.0513,1.0,2.0,0.0,3.0,2.0,0.0,2.0,0.0,1.0,3.0,3.0,2.0,None,None,None,None,None,None,None,None,Yes,High,High,-
Accoount 540,2,Lean High-Margin Accounts,0,Normal,-0.7962,-0.6099,1.0,2.0,0.0,3.0,2.0,0.0,2.0,0.0,1.0,2.0,1.0,2.0,None,None,None,None,None,None,None,None,Yes,Medium,Unknown,-
Accoount 541,0,Standard / Low-Engagement Base,0,Normal,1.0117,0.0513,1.0,2.0,0.0,3.0,2.0,0.0,2.0,0.0,1.0,3.0,3.0,2.0,None,None,None,None,None,None,None,None,Yes,High,High,-
Accoount 542,0,Standard / Low-Engagement Base,0,Normal,1.0117,0.0513,1.0,2.0,0.0,3.0,2.0,0.0,2.0,0.0,1.0,3.0,3.0,2.0,None,None,None,None,None,None,None,None,Yes,High,High,-
Accoount 543,0,Standard / Low-Engagement Base,0,Normal,1.0117,0.0513,1.0,2.0,0.0,3.0,2.0,0.0,2.0,0.0,1.0,3.0,3.0,2.0,None,None,None,None,None,None,None,None,Yes,High,High,-
Accoount 544,2,Lean High-Margin Accounts,0,Normal,-0.2325,-0.5294,1.0,2.0,0.0,3.0,2.0,0.0,2.0,0.0,1.0,2.0,2.0,2.0,None,None,None,None,None,None,None,None,-,Medium,Medium,-
Accoount 545,0,Standard / Low-Engagement Base,0,Normal,1.0117,0.0513,1.0,2.0,0.0,3.0,2.0,0.0,2.0,0.0,1.0,3.0,3.0,2.0,None,None,None,None,None,None,None,None,Yes,High,High,-
Accoount 546,0,Standard / Low-Engagement Base,0,Normal,1.0117,0.0513,1.0,2.0,0.0,3.0,2.0,0.0,2.0,0.0,1.0,3.0,3.0,2.0,None,None,None,None,None,None,None,None,Yes,High,High,-
Accoount 547,0,Standard / Low-Engagement Base,0,Normal,1.0117,0.0513,1.0,2.0,0.0,3.0,2.0,0.0,2.0,0.0,1.0,3.0,3.0,2.0,None,None,None,None,None,None,None,None,Yes,High,High,-
Accoount 548,0,Standard / Low-Engagement Base,0,Normal,0.1837,-0.388,2.0,1.0,0.0,3.0,2.0,0.0,2.0,0.0,1.0,2.0,3.0,2.0,Potentially Seasonal,Unknown,Low,High,Medium,Low,Medium,Minimal Change,-,Medium,High,Medium
Accoount 549,3,High-Growth Potential Early Adopters,0,Normal,-0.7057,3.2585,2.0,3.0,3.0,3.0,2.0,2.0,3.0,0.0,1.0,3.0,3.0,3.0,Potentially Seasonal,Early Adopter,High,High,Medium,Medium,High,Minimal Change,Yes,High,High,High
Accoount 550,3,High-Growth Potential Early Adopters,0,Normal,-0.592,2.6507,3.0,1.0,2.0,3.0,2.0,2.0,3.0,0.0,1.0,3.0,3.0,2.0,Highly Seasonal,Unknown,Medium,High,Medium,Medium,High,Minimal Change,Yes,High,High,Medium
Accoount 551,3,High-Growth Potential Early Adopters,1,Outlier,-3.1524,3.7153,3.0,3.0,3.0,3.0,2.0,3.0,4.0,0.0,1.0,2.0,1.0,3.0,Highly Seasonal,Early Adopter,High,High,Medium,High,Very High,Minimal Change,-,Medium,Unknown,High
Accoount 552,3,High-Growth Potential Early Adopters,0,Normal,-1.6889,1.9417,2.0,1.0,2.0,3.0,2.0,2.0,3.0,0.0,1.0,2.0,2.0,2.0,Potentially Seasonal,Unknown,Medium,High,Medium,Medium,High,Minimal Change,Yes,Medium,Medium,Medium
Accoount 553,3,High-Growth Potential Early Adopters,0,Normal,-1.0472,1.0295,1.0,2.0,0.0,3.0,2.0,2.0,3.0,0.0,1.0,2.0,2.0,2.0,Unknown,None,None,None,Medium,Medium,High,None,-,Medium,Medium,Medium
Accoount 554,0,Standard / Low-Engagement Base,0,Normal,0.7708,0.381,2.0,0.0,0.0,3.0,0.0,0.0,2.0,0.0,1.0,3.0,3.0,3.0,Potentially Seasonal,Late Adopter,Low,High,Low,Low,Medium,Minimal Change,Yes,High,High,High
Accoount 555,2,Lean High-Margin Accounts,0,Normal,-0.0033,-1.2553,2.0,3.0,0.0,3.0,3.0,0.0,0.0,0.0,1.0,2.0,2.0,2.0,Potentially Seasonal,Early Adopter,Low,High,High,Low,Low,Minimal Change,-,Medium,Medium,Medium
Accoount 556,3,High-Growth Potential Early Adopters,0,Normal,-1.7471,3.8575,2.0,1.0,3.0,3.0,2.0,3.0,4.0,0.0,1.0,3.0,2.0,2.0,Potentially Seasonal,Unknown,High,High,Medium,High,Very High,Minimal Change,-,High,Medium,Medium
Accoount 557,0,Standard / Low-Engagement Base,0,Normal,0.8886,0.1853,1.0,2.0,0.0,3.0,2.0,0.0,2.0,3.0,1.0,3.0,3.0,2.0,Unknown,None,Low,High,Medium,Low,Medium,Concerning,Yes,High,High,Medium
Accoount 558,3,High-Growth Potential Early Adopters,1,Outlier,-1.9236,2.1141,0.0,1.0,2.0,3.0,2.0,2.0,3.0,2.0,1.0,3.0,0.0,2.0,Non Seasonal,Unknown,Medium,High,Medium,Medium,High,Encouraging,Yes,High,Low,Medium
Accoount 559,2,Lean High-Margin Accounts,1,Outlier,0.2083,-1.5566,0.0,1.0,0.0,3.0,3.0,0.0,0.0,2.0,1.0,2.0,2.0,2.0,Non Seasonal,Unknown,Low,High,High,Low,Low,Encouraging,-,Medium,Medium,Medium
Accoount 560,0,Standard / Low-Engagement Base,0,Normal,0.9334,0.211,1.0,2.0,0.0,3.0,0.0,0.0,2.0,0.0,1.0,3.0,3.0,2.0,None,None,None,None,Low,Low,Medium,None,-,High,High,-
Accoount 561,3,High-Growth Potential Early Adopters,0,Normal,-0.4874,2.5991,2.0,2.0,2.0,3.0,3.0,2.0,3.0,2.0,1.0,3.0,3.0,2.0,Potentially Seasonal,None,Medium,High,High,Medium,High,Encouraging,Yes,High,High,Medium
Accoount 562,2,Lean High-Margin Accounts,0,Normal,-1.4688,0.7833,3.0,0.0,2.0,3.0,2.0,0.0,2.0,0.0,1.0,3.0,0.0,2.0,Highly Seasonal,Late Adopter,Medium,High,None,None,None,Minimal Change,-,High,Low,Medium
Accoount 563,1,High-Volume Competitive Accounts,0,Normal,-3.2014,0.0987,2.0,1.0,0.0,3.0,2.0,2.0,3.0,2.0,1.0,0.0,1.0,2.0,Potentially Seasonal,Unknown,Low,High,Medium,Medium,High,Encouraging,Yes,Low,Unknown,Medium
Accoount 564,2,Lean High-Margin Accounts,0,Normal,0.448,-0.0291,1.0,2.0,0.0,3.0,2.0,0.0,2.0,0.0,1.0,3.0,2.0,2.0,None,None,None,None,Medium,Low,Medium,None,-,High,Medium,-
Accoount 565,3,High-Growth Potential Early Adopters,1,Outlier,-3.0872,3.6764,2.0,3.0,3.0,3.0,2.0,3.0,4.0,2.0,1.0,2.0,1.0,3.0,Potentially Seasonal,Early Adopter,High,High,Medium,High,Very High,Encouraging,-,Medium,Unknown,High
Accoount 566,0,Standard / Low-Engagement Base,0,Normal,0.9334,0.211,1.0,2.0,0.0,3.0,0.0,0.0,2.0,0.0,1.0,3.0,3.0,2.0,None,None,None,None,Low,Low,Medium,None,-,High,High,-
Accoount 567,0,Standard / Low-Engagement Base,0,Normal,0.4023,1.2418,0.0,0.0,3.0,3.0,2.0,0.0,2.0,0.0,1.0,3.0,3.0,3.0,Non Seasonal,Late Adopter,High,High,None,None,None,Minimal Change,Yes,High,High,High
Accoount 568,0,Standard / Low-Engagement Base,0,Normal,1.0117,0.0513,1.0,2.0,0.0,3.0,2.0,0.0,2.0,0.0,1.0,3.0,3.0,2.0,Unknown,None,None,None,None,None,None,None,-,-,-,-
Accoount 569,0,Standard / Low-Engagement Base,0,Normal,0.8118,0.0903,2.0,2.0,0.0,0.0,2.0,0.0,2.0,0.0,1.0,3.0,3.0,2.0,Potentially Seasonal,None,Low,Low,None,None,None,None,-,High,High,Medium
Accoount 570,0,Standard / Low-Engagement Base,0,Normal,0.3964,-0.4879,0.0,2.0,0.0,3.0,2.0,0.0,2.0,2.0,1.0,2.0,3.0,2.0,Non Seasonal,Trend Follower,Low,High,Medium,Low,Medium,Encouraging,Yes,Medium,High,Medium
Accoount 571,3,High-Growth Potential Early Adopters,0,Normal,-2.7581,3.1615,2.0,3.0,2.0,3.0,2.0,3.0,4.0,0.0,1.0,2.0,1.0,3.0,Potentially Seasonal,Early Adopter,Medium,High,Medium,High,Very High,Minimal Change,-,Medium,Unknown,High
Accoount 572,2,Lean High-Margin Accounts,0,Normal,-0.5269,-0.273,3.0,2.0,0.0,3.0,2.0,0.0,2.0,0.0,1.0,2.0,2.0,2.0,Highly Seasonal,None,Low,High,Medium,Low,Medium,Minimal Change,-,Medium,Medium,Medium
Accoount 573,1,High-Volume Competitive Accounts,0,Normal,-1.6715,-1.3704,1.0,2.0,0.0,3.0,0.0,0.0,2.0,0.0,1.0,0.0,2.0,2.0,Unknown,None,Low,High,Low,Low,Medium,Minimal Change,-,Low,Medium,-
Accoount 574,2,Lean High-Margin Accounts,0,Normal,-0.8884,0.6261,2.0,2.0,2.0,3.0,2.0,0.0,2.0,0.0,1.0,2.0,2.0,3.0,Potentially Seasonal,Trend Follower,Medium,High,None,None,None,Minimal Change,-,Medium,Medium,High
Accoount 575,2,Lean High-Margin Accounts,0,Normal,-0.9049,0.0979,2.0,2.0,0.0,3.0,0.0,0.0,2.0,0.0,1.0,3.0,0.0,2.0,Potentially Seasonal,None,Low,High,Low,Low,Medium,Minimal Change,Yes,High,Low,Medium
Accoount 576,1,High-Volume Competitive Accounts,0,Normal,-1.6715,-1.3704,1.0,2.0,0.0,3.0,0.0,0.0,2.0,0.0,1.0,0.0,2.0,2.0,Unknown,None,None,None,Low,Low,Medium,None,-,Low,Medium,-
Accoount 577,0,Standard / Low-Engagement Base,0,Normal,0.9334,0.211,1.0,2.0,0.0,3.0,0.0,0.0,2.0,0.0,1.0,3.0,3.0,2.0,Unknown,None,None,None,Low,Low,Medium,None,-,High,High,Medium
Accoount 578,3,High-Growth Potential Early Adopters,0,Normal,-2.2665,2.1717,2.0,3.0,2.0,3.0,2.0,2.0,3.0,0.0,1.0,2.0,1.0,3.0,Potentially Seasonal,Early Adopter,Medium,High,Medium,Medium,High,Minimal Change,Yes,Medium,Unknown,High
Accoount 579,0,Standard / Low-Engagement Base,0,Normal,0.7176,0.3749,3.0,3.0,0.0,3.0,2.0,0.0,2.0,0.0,1.0,3.0,3.0,2.0,Highly Seasonal,Early Adopter,Low,High,Medium,Low,Medium,Minimal Change,Yes,High,High,Medium
Accoount 580,1,High-Volume Competitive Accounts,0,Normal,-2.5045,-1.5105,3.0,1.0,0.0,0.0,2.0,0.0,2.0,0.0,1.0,0.0,1.0,2.0,Highly Seasonal,Unknown,Low,Low,Medium,Low,Medium,Minimal Change,-,Low,Unknown,-
Accoount 581,0,Standard / Low-Engagement Base,0,Normal,1.0117,0.0513,1.0,2.0,0.0,3.0,2.0,0.0,2.0,0.0,1.0,3.0,3.0,2.0,Unknown,None,Low,High,None,None,None,None,Yes,High,High,-
Accoount 582,0,Standard / Low-Engagement Base,0,Normal,1.0117,0.0513,1.0,2.0,0.0,3.0,2.0,0.0,2.0,0.0,1.0,3.0,3.0,2.0,None,None,None,None,None,None,None,None,Yes,High,High,-
Accoount 583,0,Standard / Low-Engagement Base,0,Normal,1.0117,0.0513,1.0,2.0,0.0,3.0,2.0,0.0,2.0,0.0,1.0,3.0,3.0,2.0,None,None,None,None,None,None,None,None,Yes,High,High,-
Accoount 584,0,Standard / Low-Engagement Base,0,Normal,1.0117,0.0513,1.0,2.0,0.0,3.0,2.0,0.0,2.0,0.0,1.0,3.0,3.0,2.0,None,None,None,None,None,None,None,None,Yes,High,High,-
Accoount 585,2,Lean High-Margin Accounts,0,Normal,-0.6795,-0.19,1.0,2.0,0.0,3.0,2.0,0.0,2.0,0.0,1.0,3.0,0.0,2.0,None,None,None,None,None,None,None,None,Yes,High,Low,-
Accoount 586,2,Lean High-Margin Accounts,0,Normal,-0.3797,-0.4012,2.0,2.0,0.0,3.0,2.0,0.0,2.0,0.0,1.0,2.0,2.0,2.0,Potentially Seasonal,Trend Follower,Low,High,None,None,None,Minimal Change,-,Medium,Medium,Medium
Accoount 587,1,High-Volume Competitive Accounts,0,Normal,-2.305,-1.6166,2.0,0.0,0.0,3.0,2.0,0.0,2.0,0.0,1.0,0.0,1.0,2.0,Potentially Seasonal,Late Adopter,Low,High,Medium,Low,Medium,Minimal Change,-,Low,Unknown,-
Accoount 588,0,Standard / Low-Engagement Base,0,Normal,0.8637,0.0452,2.0,0.0,0.0,3.0,2.0,0.0,2.0,0.0,1.0,3.0,3.0,2.0,Potentially Seasonal,Late Adopter,Low,High,None,None,None,None,Yes,High,High,Medium
Accoount 589,1,High-Volume Competitive Accounts,0,Normal,-1.0296,-1.4496,1.0,2.0,0.0,3.0,2.0,0.0,2.0,0.0,1.0,0.0,3.0,2.0,None,None,None,None,Medium,Low,Medium,None,-,Low,High,-
Accoount 590,1,High-Volume Competitive Accounts,0,Normal,-1.7986,-2.5614,1.0,2.0,0.0,2.0,3.0,0.0,0.0,0.0,1.0,0.0,1.0,2.0,Unknown,None,Low,Medium,High,Low,Low,Minimal Change,-,Low,Unknown,-
Accoount 591,2,Lean High-Margin Accounts,0,Normal,-0.2033,-0.7276,0.0,2.0,2.0,3.0,3.0,0.0,0.0,0.0,1.0,2.0,2.0,2.0,Non Seasonal,Trend Follower,Medium,High,High,Low,Low,Minimal Change,-,Medium,Medium,Medium
Accoount 592,2,Lean High-Margin Accounts,0,Normal,-0.9917,0.226,3.0,2.0,2.0,3.0,2.0,0.0,2.0,0.0,1.0,2.0,2.0,0.0,Highly Seasonal,Trend Follower,Medium,High,None,None,None,Minimal Change,-,Medium,Medium,Low
Accoount 593,0,Standard / Low-Engagement Base,0,Normal,0.3313,-0.449,1.0,2.0,0.0,3.0,2.0,0.0,2.0,0.0,1.0,2.0,3.0,2.0,Unknown,None,None,None,Medium,Low,Medium,None,-,Medium,High,Medium
Accoount 594,0,Standard / Low-Engagement Base,0,Normal,1.0117,0.0513,1.0,2.0,0.0,3.0,2.0,0.0,2.0,0.0,1.0,3.0,3.0,2.0,None,None,None,None,None,None,None,None,Yes,High,High,-
Accoount 595,2,Lean High-Margin Accounts,0,Normal,-0.2325,-0.5294,1.0,2.0,0.0,3.0,2.0,0.0,2.0,0.0,1.0,2.0,2.0,2.0,None,None,None,None,None,None,None,None,Yes,Medium,Medium,-
Accoount 596,0,Standard / Low-Engagement Base,0,Normal,1.0117,0.0513,1.0,2.0,0.0,3.0,2.0,0.0,2.0,0.0,1.0,3.0,3.0,2.0,None,None,None,None,None,None,None,None,-,-,-,-
Accoount 597,0,Standard / Low-Engagement Base,0,Normal,1.0117,0.0513,1.0,2.0,0.0,3.0,2.0,0.0,2.0,0.0,1.0,3.0,3.0,2.0,None,None,None,None,None,None,None,None,-,-,-,-
Accoount 598,0,Standard / Low-Engagement Base,0,Normal,1.0117,0.0513,1.0,2.0,0.0,3.0,2.0,0.0,2.0,0.0,1.0,3.0,3.0,2.0,None,None,None,None,None,None,None,None,-,-,-,-
Accoount 599,0,Standard / Low-Engagement Base,0,Normal,1.0117,0.0513,1.0,2.0,0.0,3.0,2.0,0.0,2.0,0.0,1.0,3.0,3.0,2.0,None,None,None,None,None,None,None,None,-,-,-,-
Accoount 600,0,Standard / Low-Engagement Base,0,Normal,1.0117,0.0513,1.0,2.0,0.0,3.0,2.0,0.0,2.0,0.0,1.0,3.0,3.0,2.0,Unknown,None,None,None,None,None,None,None,-,-,-,-
Accoount 601,0,Standard / Low-Engagement Base,0,Normal,0.8645,0.1795,2.0,2.0,0.0,3.0,2.0,0.0,2.0,0.0,1.0,3.0,3.0,2.0,Potentially Seasonal,None,None,None,None,None,None,None,-,-,-,Medium
Accoount 602,0,Standard / Low-Engagement Base,0,Normal,1.0117,0.0513,1.0,2.0,0.0,3.0,2.0,0.0,2.0,0.0,1.0,3.0,3.0,2.0,Unknown,None,None,None,None,None,None,None,-,-,-,-
Accoount 603,0,Standard / Low-Engagement Base,0,Normal,1.0117,0.0513,1.0,2.0,0.0,3.0,2.0,0.0,2.0,0.0,1.0,3.0,3.0,2.0,None,None,None,None,None,None,None,None,-,-,-,-
Accoount 604,0,Standard / Low-Engagement Base,0,Normal,1.0117,0.0513,1.0,2.0,0.0,3.0,2.0,0.0,2.0,0.0,1.0,3.0,3.0,2.0,None,None,None,None,None,None,None,None,-,-,-,-
Accoount 605,0,Standard / Low-Engagement Base,0,Normal,1.0117,0.0513,1.0,2.0,0.0,3.0,2.0,0.0,2.0,0.0,1.0,3.0,3.0,2.0,None,None,None,None,None,None,None,None,-,-,-,-
Accoount 606,0,Standard / Low-Engagement Base,0,Normal,1.0117,0.0513,1.0,2.0,0.0,3.0,2.0,0.0,2.0,0.0,1.0,3.0,3.0,2.0,None,None,None,None,None,None,None,None,-,-,-,-
Accoount 607,0,Standard / Low-Engagement Base,0,Normal,0.3313,-0.449,1.0,2.0,0.0,3.0,2.0,0.0,2.0,0.0,1.0,2.0,3.0,2.0,Unknown,None,None,None,None,None,None,None,-,Medium,High,-
Accoount 608,1,High-Volume Competitive Accounts,1,Outlier,-1.2696,-2.4733,1.0,3.0,0.0,0.0,3.0,0.0,0.0,0.0,1.0,0.0,2.0,2.0,Unknown,Early Adopter,Low,Low,High,Low,Low,Minimal Change,-,Low,Medium,-
Accoount 609,3,High-Growth Potential Early Adopters,0,Normal,-0.2199,1.3344,0.0,1.0,0.0,3.0,2.0,2.0,3.0,0.0,1.0,3.0,2.0,2.0,Non Seasonal,Unknown,Low,High,Medium,Medium,High,Minimal Change,Yes,High,Medium,Medium
Accoount 610,0,Standard / Low-Engagement Base,0,Normal,1.0117,0.0513,1.0,2.0,0.0,3.0,2.0,0.0,2.0,0.0,1.0,3.0,3.0,2.0,None,None,None,None,None,None,None,None,-,-,-,Medium
Accoount 611,0,Standard / Low-Engagement Base,0,Normal,1.0117,0.0513,1.0,2.0,0.0,3.0,2.0,0.0,2.0,0.0,1.0,3.0,3.0,2.0,Unknown,None,None,None,None,None,None,None,-,-,-,-
Accoount 612,0,Standard / Low-Engagement Base,0,Normal,1.0117,0.0513,1.0,2.0,0.0,3.0,2.0,0.0,2.0,0.0,1.0,3.0,3.0,2.0,None,None,None,None,None,None,None,None,Yes,High,High,-
Accoount 613,0,Standard / Low-Engagement Base,0,Normal,1.0117,0.0513,1.0,2.0,0.0,3.0,2.0,0.0,2.0,0.0,1.0,3.0,3.0,2.0,Unknown,None,None,None,None,None,None,None,Yes,High,High,-
Accoount 614,2,Lean High-Margin Accounts,0,Normal,0.448,-0.0291,1.0,2.0,0.0,3.0,2.0,0.0,2.0,0.0,1.0,3.0,2.0,2.0,None,None,None,None,Medium,Low,Medium,None,-,High,Medium,-
Accoount 615,0,Standard / Low-Engagement Base,0,Normal,1.0117,0.0513,1.0,2.0,0.0,3.0,2.0,0.0,2.0,0.0,1.0,3.0,3.0,2.0,Unknown,None,None,None,None,None,None,None,Yes,High,High,-
Accoount 616,0,Standard / Low-Engagement Base,0,Normal,1.0117,0.0513,1.0,2.0,0.0,3.0,2.0,0.0,2.0,0.0,1.0,3.0,3.0,2.0,None,None,None,None,None,None,None,None,-,-,-,-
Accoount 617,1,High-Volume Competitive Accounts,0,Normal,-1.3248,-1.3276,3.0,0.0,0.0,3.0,2.0,0.0,2.0,0.0,1.0,0.0,3.0,2.0,Highly Seasonal,Late Adopter,None,None,None,None,None,Minimal Change,-,Low,High,-
Accoount 618,0,Standard / Low-Engagement Base,0,Normal,1.0117,0.0513,1.0,2.0,0.0,3.0,2.0,0.0,2.0,0.0,1.0,3.0,3.0,2.0,None,None,None,None,None,None,None,None,-,-,-,-
Accoount 619,0,Standard / Low-Engagement Base,0,Normal,1.0117,0.0513,1.0,2.0,0.0,3.0,2.0,0.0,2.0,0.0,1.0,3.0,3.0,2.0,None,None,None,None,None,None,None,None,-,-,-,-
Accoount 620,0,Standard / Low-Engagement Base,0,Normal,1.0117,0.0513,1.0,2.0,0.0,3.0,2.0,0.0,2.0,0.0,1.0,3.0,3.0,2.0,Unknown,None,None,None,None,None,None,None,-,-,-,-
Accoount 621,3,High-Growth Potential Early Adopters,1,Outlier,-2.3514,1.7852,2.0,2.0,0.0,0.0,0.0,3.0,4.0,0.0,1.0,2.0,1.0,0.0,Potentially Seasonal,None,Low,Low,Low,High,Very High,Minimal Change,-,Medium,Unknown,Low
Accoount 622,1,High-Volume Competitive Accounts,0,Normal,-2.157,-1.6105,1.0,2.0,0.0,3.0,2.0,0.0,2.0,0.0,1.0,0.0,1.0,2.0,None,None,None,None,None,None,None,None,Yes,Low,Unknown,-
Accoount 623,2,Lean High-Margin Accounts,0,Normal,-0.2325,-0.5294,1.0,2.0,0.0,3.0,2.0,0.0,2.0,0.0,1.0,2.0,2.0,2.0,Unknown,None,None,None,None,None,None,None,-,Medium,Medium,-
Accoount 624,0,Standard / Low-Engagement Base,0,Normal,1.0117,0.0513,1.0,2.0,0.0,3.0,2.0,0.0,2.0,0.0,1.0,3.0,3.0,2.0,None,None,None,None,None,None,None,None,-,-,-,-
Accoount 625,0,Standard / Low-Engagement Base,0,Normal,1.0117,0.0513,1.0,2.0,0.0,3.0,2.0,0.0,2.0,0.0,1.0,3.0,3.0,2.0,None,None,None,None,None,None,None,None,-,-,-,-
Accoount 626,2,Lean High-Margin Accounts,0,Normal,-0.6795,-0.19,1.0,2.0,0.0,3.0,2.0,0.0,2.0,0.0,1.0,3.0,0.0,2.0,None,None,None,None,None,None,None,None,Yes,High,Low,-
Accoount 627,3,High-Growth Potential Early Adopters,1,Outlier,-2.7886,3.7096,3.0,3.0,2.0,3.0,2.0,3.0,4.0,0.0,1.0,3.0,0.0,3.0,Highly Seasonal,Early Adopter,Medium,High,Medium,High,Very High,Minimal Change,Yes,High,Low,High
Accoount 628,0,Standard / Low-Engagement Base,0,Normal,1.0117,0.0513,1.0,2.0,0.0,3.0,2.0,0.0,2.0,0.0,1.0,3.0,3.0,2.0,None,None,None,None,None,None,None,None,-,-,-,-
Accoount 629,0,Standard / Low-Engagement Base,0,Normal,1.0117,0.0513,1.0,2.0,0.0,3.0,2.0,0.0,2.0,0.0,1.0,3.0,3.0,2.0,Unknown,None,Low,High,None,None,None,Minimal Change,Yes,High,High,-
Accoount 630,0,Standard / Low-Engagement Base,0,Normal,1.0117,0.0513,1.0,2.0,0.0,3.0,2.0,0.0,2.0,0.0,1.0,3.0,3.0,2.0,Unknown,None,Low,High,None,None,None,None,Yes,High,High,-
Accoount 631,1,High-Volume Competitive Accounts,0,Normal,-0.6536,-2.3708,1.0,2.0,0.0,3.0,3.0,0.0,0.0,0.0,1.0,0.0,3.0,2.0,None,None,None,None,High,Low,Low,None,-,Low,High,-
Accoount 632,0,Standard / Low-Engagement Base,0,Normal,1.0117,0.0513,1.0,2.0,0.0,3.0,2.0,0.0,2.0,0.0,1.0,3.0,3.0,2.0,Unknown,None,Low,High,None,None,None,Minimal Change,Yes,High,High,Medium
Accoount 633,0,Standard / Low-Engagement Base,0,Normal,1.0117,0.0513,1.0,2.0,0.0,3.0,2.0,0.0,2.0,0.0,1.0,3.0,3.0,2.0,Unknown,None,Low,High,None,None,None,None,Yes,High,High,-
Accoount 634,0,Standard / Low-Engagement Base,0,Normal,1.0117,0.0513,1.0,2.0,0.0,3.0,2.0,0.0,2.0,0.0,1.0,3.0,3.0,2.0,None,None,None,None,None,None,None,None,Yes,High,High,-
Accoount 635,2,Lean High-Margin Accounts,0,Normal,-0.7962,-0.6099,1.0,2.0,0.0,3.0,2.0,0.0,2.0,0.0,1.0,2.0,1.0,2.0,Unknown,None,None,None,None,None,None,None,-,Medium,Unknown,-
Accoount 636,0,Standard / Low-Engagement Base,0,Normal,1.0117,0.0513,1.0,2.0,0.0,3.0,2.0,0.0,2.0,0.0,1.0,3.0,3.0,2.0,Unknown,None,Low,High,None,None,None,None,Yes,High,High,-
Accoount 637,0,Standard / Low-Engagement Base,0,Normal,1.0117,0.0513,1.0,2.0,0.0,3.0,2.0,0.0,2.0,0.0,1.0,3.0,3.0,2.0,None,None,None,None,None,None,None,None,-,High,High,-
Accoount 638,0,Standard / Low-Engagement Base,0,Normal,0.3313,-0.449,1.0,2.0,0.0,3.0,2.0,0.0,2.0,0.0,1.0,2.0,3.0,2.0,None,None,None,None,None,None,None,None,-,Medium,High,-
Accoount 639,0,Standard / Low-Engagement Base,0,Normal,1.0117,0.0513,1.0,2.0,0.0,3.0,2.0,0.0,2.0,0.0,1.0,3.0,3.0,2.0,None,None,None,None,None,None,None,None,Yes,High,High,-
Accoount 640,0,Standard / Low-Engagement Base,0,Normal,1.0117,0.0513,1.0,2.0,0.0,3.0,2.0,0.0,2.0,0.0,1.0,3.0,3.0,2.0,None,None,None,None,None,None,None,None,Yes,High,High,-
Accoount 641,0,Standard / Low-Engagement Base,0,Normal,1.0117,0.0513,1.0,2.0,0.0,3.0,2.0,0.0,2.0,0.0,1.0,3.0,3.0,2.0,Unknown,None,Low,High,None,None,None,None,Yes,High,High,Medium
Accoount 642,2,Lean High-Margin Accounts,0,Normal,-0.2325,-0.5294,1.0,2.0,0.0,3.0,2.0,0.0,2.0,0.0,1.0,2.0,2.0,2.0,None,None,None,None,None,None,None,None,-,Medium,Medium,-
Accoount 643,0,Standard / Low-Engagement Base,0,Normal,1.0117,0.0513,1.0,2.0,0.0,3.0,2.0,0.0,2.0,0.0,1.0,3.0,3.0,2.0,None,None,None,None,None,None,None,None,Yes,High,High,-
Accoount 644,0,Standard / Low-Engagement Base,0,Normal,1.0117,0.0513,1.0,2.0,0.0,3.0,2.0,0.0,2.0,0.0,1.0,3.0,3.0,2.0,None,None,None,None,None,None,None,None,Yes,High,High,-
Accoount 645,0,Standard / Low-Engagement Base,0,Normal,1.0117,0.0513,1.0,2.0,0.0,3.0,2.0,0.0,2.0,0.0,1.0,3.0,3.0,2.0,None,None,None,None,None,None,None,None,Yes,High,High,-
Accoount 646,0,Standard / Low-Engagement Base,0,Normal,1.0117,0.0513,1.0,2.0,0.0,3.0,2.0,0.0,2.0,0.0,1.0,3.0,3.0,2.0,None,None,None,None,None,None,None,None,Yes,High,High,-
Accoount 647,0,Standard / Low-Engagement Base,0,Normal,1.0117,0.0513,1.0,2.0,0.0,3.0,2.0,0.0,2.0,0.0,1.0,3.0,3.0,2.0,None,None,None,None,None,None,None,None,Yes,High,High,-
Accoount 648,0,Standard / Low-Engagement Base,0,Normal,1.0117,0.0513,1.0,2.0,0.0,3.0,2.0,0.0,2.0,0.0,1.0,3.0,3.0,2.0,None,None,None,None,None,None,None,None,Yes,High,High,-
Accoount 649,0,Standard / Low-Engagement Base,0,Normal,1.0117,0.0513,1.0,2.0,0.0,3.0,2.0,0.0,2.0,0.0,1.0,3.0,3.0,2.0,None,None,None,None,None,None,None,None,-,-,-,-
Accoount 650,2,Lean High-Margin Accounts,0,Normal,-0.2032,-0.8816,1.0,2.0,0.0,3.0,2.0,0.0,2.0,0.0,1.0,2.0,2.0,0.0,None,None,None,None,None,None,None,None,-,Medium,Medium,Low
Accoount 651,0,Standard / Low-Engagement Base,0,Normal,1.0117,0.0513,1.0,2.0,0.0,3.0,2.0,0.0,2.0,0.0,1.0,3.0,3.0,2.0,None,None,None,None,None,None,None,None,Yes,High,High,-
Accoount 652,0,Standard / Low-Engagement Base,0,Normal,1.0117,0.0513,1.0,2.0,0.0,3.0,2.0,0.0,2.0,0.0,1.0,3.0,3.0,2.0,None,None,None,None,None,None,None,None,Yes,High,High,-
Accoount 653,3,High-Growth Potential Early Adopters,0,Normal,-1.5703,2.9501,3.0,3.0,2.0,3.0,3.0,3.0,3.0,0.0,1.0,2.0,3.0,3.0,Highly Seasonal,Early Adopter,Medium,High,High,High,High,Minimal Change,-,Medium,High,High
Accoount 654,0,Standard / Low-Engagement Base,0,Normal,0.9331,0.1438,1.0,1.0,0.0,3.0,0.0,0.0,2.0,0.0,1.0,3.0,3.0,2.0,Unknown,Unknown,None,None,Low,Low,Medium,None,Yes,High,High,Medium
Accoount 655,0,Standard / Low-Engagement Base,0,Normal,0.8641,0.1124,2.0,1.0,0.0,3.0,2.0,0.0,2.0,0.0,1.0,3.0,3.0,2.0,Potentially Seasonal,Unknown,Low,High,Medium,Low,Medium,Minimal Change,Yes,High,High,Medium
Accoount 656,3,High-Growth Potential Early Adopters,0,Normal,-0.6062,2.8939,3.0,2.0,2.0,3.0,2.0,2.0,3.0,0.0,1.0,3.0,3.0,3.0,Highly Seasonal,Trend Follower,Medium,High,Medium,Medium,High,Minimal Change,Yes,High,High,High
Accoount 657,3,High-Growth Potential Early Adopters,0,Normal,-1.6418,1.4299,2.0,1.0,0.0,3.0,2.0,2.0,3.0,0.0,1.0,3.0,0.0,2.0,Potentially Seasonal,Unknown,Low,High,Medium,Medium,High,Minimal Change,Yes,High,Low,Medium
Accoount 658,2,Lean High-Margin Accounts,0,Normal,0.5295,-0.6939,3.0,2.0,0.0,3.0,3.0,0.0,0.0,0.0,1.0,3.0,2.0,2.0,Highly Seasonal,None,Low,High,High,Low,Low,Minimal Change,Yes,High,Medium,Medium
Accoount 659,3,High-Growth Potential Early Adopters,0,Normal,-0.3126,2.5032,1.0,0.0,2.0,3.0,2.0,2.0,3.0,0.0,1.0,3.0,3.0,3.0,Unknown,Late Adopter,Medium,High,Medium,Medium,High,Minimal Change,Yes,High,High,High
Accoount 660,1,High-Volume Competitive Accounts,0,Normal,-1.2589,-1.2321,2.0,2.0,0.0,3.0,2.0,0.0,2.0,2.0,1.0,0.0,3.0,2.0,Potentially Seasonal,None,Low,High,Medium,Low,Medium,Encouraging,Yes,Low,High,Medium
Accoount 661,3,High-Growth Potential Early Adopters,0,Normal,-0.514,1.658,2.0,2.0,0.0,3.0,2.0,2.0,3.0,0.0,1.0,3.0,2.0,2.0,Potentially Seasonal,Trend Follower,Low,High,Medium,Medium,High,Minimal Change,-,High,Medium,Medium
Accoount 662,1,High-Volume Competitive Accounts,0,Normal,-1.9286,-2.4707,2.0,1.0,0.0,3.0,3.0,0.0,0.0,0.0,1.0,0.0,1.0,2.0,Potentially Seasonal,Unknown,Low,High,High,Low,Low,Minimal Change,-,Low,Unknown,Medium
Accoount 663,3,High-Growth Potential Early Adopters,1,Outlier,-2.5517,2.4595,2.0,0.0,2.0,3.0,3.0,3.0,3.0,0.0,1.0,2.0,1.0,3.0,Potentially Seasonal,Late Adopter,Medium,High,High,High,High,Minimal Change,-,Medium,Unknown,High
Accoount 664,3,High-Growth Potential Early Adopters,0,Normal,-0.7057,3.2585,2.0,3.0,3.0,3.0,2.0,2.0,3.0,0.0,1.0,3.0,3.0,3.0,Potentially Seasonal,Early Adopter,High,High,Medium,Medium,High,Minimal Change,Yes,High,High,High
Accoount 665,3,High-Growth Potential Early Adopters,0,Normal,0.0343,1.7802,2.0,0.0,0.0,3.0,2.0,2.0,3.0,0.0,1.0,3.0,3.0,3.0,Potentially Seasonal,Late Adopter,Low,High,Medium,Medium,High,Minimal Change,Yes,High,High,High
Accoount 666,3,High-Growth Potential Early Adopters,0,Normal,-1.9232,2.1813,0.0,2.0,2.0,3.0,2.0,2.0,3.0,2.0,1.0,3.0,0.0,2.0,Non Seasonal,Trend Follower,Medium,High,Medium,Medium,High,Encouraging,Yes,High,Low,Medium
Accoount 667,0,Standard / Low-Engagement Base,0,Normal,1.3877,-0.8699,1.0,2.0,0.0,3.0,3.0,0.0,0.0,0.0,1.0,3.0,3.0,2.0,Unknown,None,Low,High,High,Low,Low,Minimal Change,-,High,High,Medium
Accoount 668,1,High-Volume Competitive Accounts,0,Normal,-2.9718,-0.0516,1.0,2.0,0.0,3.0,2.0,2.0,3.0,0.0,1.0,0.0,1.0,2.0,Unknown,None,Low,High,Medium,Medium,High,Minimal Change,-,Low,Unknown,Medium
Accoount 669,0,Standard / Low-Engagement Base,0,Normal,-0.3594,0.9651,0.0,2.0,3.0,3.0,2.0,0.0,2.0,2.0,1.0,2.0,3.0,3.0,Non Seasonal,Trend Follower,High,High,None,None,None,Encouraging,-,Medium,High,High
Accoount 670,0,Standard / Low-Engagement Base,0,Normal,1.0117,0.0513,1.0,2.0,0.0,3.0,2.0,0.0,2.0,0.0,1.0,3.0,3.0,2.0,Unknown,None,Low,High,None,None,None,Minimal Change,Yes,High,High,-
Accoount 671,0,Standard / Low-Engagement Base,0,Normal,1.0117,0.0513,1.0,2.0,0.0,3.0,2.0,0.0,2.0,0.0,1.0,3.0,3.0,2.0,Unknown,None,None,None,None,None,None,None,Yes,High,High,-
Accoount 672,0,Standard / Low-Engagement Base,0,Normal,-0.1628,0.4023,1.0,2.0,2.0,3.0,2.0,0.0,2.0,0.0,1.0,2.0,3.0,2.0,Unknown,None,Medium,High,None,None,None,Minimal Change,-,Medium,High,-
Accoount 673,0,Standard / Low-Engagement Base,0,Normal,0.7173,0.3077,3.0,2.0,0.0,3.0,2.0,0.0,2.0,0.0,1.0,3.0,3.0,2.0,Highly Seasonal,None,Low,High,Medium,Low,Medium,Minimal Change,Yes,High,High,Medium
Accoount 674,0,Standard / Low-Engagement Base,0,Normal,1.0117,0.0513,1.0,2.0,0.0,3.0,2.0,0.0,2.0,0.0,1.0,3.0,3.0,2.0,None,None,None,None,None,None,None,None,Yes,High,High,-
Accoount 675,3,High-Growth Potential Early Adopters,0,Normal,-0.9502,3.8227,2.0,3.0,2.0,3.0,2.0,3.0,4.0,0.0,1.0,3.0,3.0,3.0,Potentially Seasonal,Early Adopter,Medium,High,Medium,High,Very High,Minimal Change,Yes,High,High,High
Accoount 676,0,Standard / Low-Engagement Base,0,Normal,1.0117,0.0513,1.0,2.0,0.0,3.0,2.0,0.0,2.0,0.0,1.0,3.0,3.0,2.0,Unknown,None,None,None,None,None,None,None,Yes,High,High,-
Accoount 677,1,High-Volume Competitive Accounts,0,Normal,-2.7983,-0.6311,2.0,2.0,2.0,3.0,2.0,0.0,2.0,0.0,1.0,0.0,1.0,2.0,Potentially Seasonal,None,Medium,High,None,None,None,Minimal Change,-,Low,Unknown,Medium
Accoount 678,0,Standard / Low-Engagement Base,0,Normal,0.3313,-0.449,1.0,2.0,0.0,3.0,2.0,0.0,2.0,0.0,1.0,2.0,3.0,2.0,Unknown,None,Low,High,Medium,Low,Medium,Minimal Change,-,Medium,High,-
Accoount 679,0,Standard / Low-Engagement Base,0,Normal,0.3313,-0.449,1.0,2.0,0.0,3.0,2.0,0.0,2.0,0.0,1.0,2.0,3.0,2.0,None,None,None,None,Medium,Low,Medium,None,-,Medium,High,-
Accoount 680,2,Lean High-Margin Accounts,0,Normal,-0.0564,-1.4117,2.0,2.0,0.0,0.0,3.0,0.0,0.0,0.0,1.0,2.0,2.0,2.0,Potentially Seasonal,None,Low,Low,High,Low,Low,Minimal Change,-,Medium,Medium,-
Accoount 681,3,High-Growth Potential Early Adopters,0,Normal,-2.1506,2.4573,2.0,1.0,2.0,3.0,2.0,2.0,3.0,0.0,1.0,3.0,0.0,3.0,Potentially Seasonal,Unknown,Medium,High,Medium,Medium,High,Minimal Change,Yes,High,Low,High
Accoount 682,2,Lean High-Margin Accounts,0,Normal,0.3008,0.0991,2.0,2.0,0.0,3.0,2.0,0.0,2.0,0.0,1.0,3.0,2.0,2.0,Potentially Seasonal,None,Low,High,Medium,Low,Medium,Minimal Change,Yes,High,Medium,Medium
Accoount 683,0,Standard / Low-Engagement Base,0,Normal,1.0117,0.0513,1.0,2.0,0.0,3.0,2.0,0.0,2.0,0.0,1.0,3.0,3.0,2.0,Unknown,None,None,None,None,None,None,None,-,-,-,-
Accoount 684,0,Standard / Low-Engagement Base,0,Normal,1.0117,0.0513,1.0,2.0,0.0,3.0,2.0,0.0,2.0,0.0,1.0,3.0,3.0,2.0,None,None,None,None,None,None,None,None,-,-,-,-
Accoount 685,0,Standard / Low-Engagement Base,0,Normal,1.0117,0.0513,1.0,2.0,0.0,3.0,2.0,0.0,2.0,0.0,1.0,3.0,3.0,2.0,None,None,None,None,None,None,None,None,-,-,-,-
Accoount 686,0,Standard / Low-Engagement Base,0,Normal,1.041,-0.3009,1.0,2.0,0.0,3.0,2.0,0.0,2.0,0.0,1.0,3.0,3.0,0.0,None,None,None,None,None,None,None,None,-,-,-,Low
Accoount 687,0,Standard / Low-Engagement Base,0,Normal,1.0117,0.0513,1.0,2.0,0.0,3.0,2.0,0.0,2.0,0.0,1.0,3.0,3.0,2.0,None,None,None,None,None,None,None,None,-,-,-,-
Accoount 688,0,Standard / Low-Engagement Base,0,Normal,1.0117,0.0513,1.0,2.0,0.0,3.0,2.0,0.0,2.0,0.0,1.0,3.0,3.0,2.0,None,None,None,None,None,None,None,None,-,-,-,-
Accoount 689,0,Standard / Low-Engagement Base,0,Normal,1.0117,0.0513,1.0,2.0,0.0,3.0,2.0,0.0,2.0,0.0,1.0,3.0,3.0,2.0,Unknown,None,None,None,None,None,None,None,-,-,-,-
Accoount 690,0,Standard / Low-Engagement Base,0,Normal,1.0117,0.0513,1.0,2.0,0.0,3.0,2.0,0.0,2.0,0.0,1.0,3.0,3.0,2.0,None,None,None,None,None,None,None,None,-,-,-,-
Accoount 691,0,Standard / Low-Engagement Base,0,Normal,1.0117,0.0513,1.0,2.0,0.0,3.0,2.0,0.0,2.0,0.0,1.0,3.0,3.0,2.0,None,None,None,None,None,None,None,None,-,-,-,-
Accoount 692,0,Standard / Low-Engagement Base,0,Normal,1.0117,0.0513,1.0,2.0,0.0,3.0,2.0,0.0,2.0,0.0,1.0,3.0,3.0,2.0,None,None,None,None,None,None,None,None,Yes,High,High,-
Accoount 693,0,Standard / Low-Engagement Base,0,Normal,1.2405,-0.7417,2.0,2.0,0.0,3.0,3.0,0.0,0.0,0.0,1.0,3.0,3.0,2.0,Potentially Seasonal,None,Low,High,High,Low,Low,Minimal Change,-,High,High,-
Accoount 694,0,Standard / Low-Engagement Base,0,Normal,1.0117,0.0513,1.0,2.0,0.0,3.0,2.0,0.0,2.0,0.0,1.0,3.0,3.0,2.0,Unknown,None,None,None,None,None,None,None,Yes,High,High,-
Accoount 695,0,Standard / Low-Engagement Base,0,Normal,1.0117,0.0513,1.0,2.0,0.0,3.0,2.0,0.0,2.0,0.0,1.0,3.0,3.0,2.0,None,None,None,None,None,None,None,None,-,-,-,-
Accoount 696,1,High-Volume Competitive Accounts,0,Normal,-3.05,0.108,1.0,2.0,0.0,3.0,0.0,2.0,3.0,0.0,1.0,0.0,1.0,2.0,Unknown,None,None,None,Low,Medium,High,None,Yes,Low,Unknown,-
Accoount 697,0,Standard / Low-Engagement Base,0,Normal,1.0117,0.0513,1.0,2.0,0.0,3.0,2.0,0.0,2.0,0.0,1.0,3.0,3.0,2.0,None,None,None,None,None,None,None,None,Yes,High,High,-
Accoount 698,0,Standard / Low-Engagement Base,0,Normal,1.0117,0.0513,1.0,2.0,0.0,3.0,2.0,0.0,2.0,0.0,1.0,3.0,3.0,2.0,None,None,None,None,None,None,None,None,-,-,-,-
Accoount 699,1,High-Volume Competitive Accounts,0,Normal,-1.5933,-1.5301,1.0,2.0,0.0,3.0,2.0,0.0,2.0,0.0,1.0,0.0,2.0,2.0,Unknown,None,Low,High,None,None,None,None,Yes,Low,Medium,Medium
Accoount 700,0,Standard / Low-Engagement Base,0,Normal,1.0117,0.0513,1.0,2.0,0.0,3.0,2.0,0.0,2.0,0.0,1.0,3.0,3.0,2.0,Unknown,None,Low,High,None,None,None,None,Yes,High,High,Medium
Accoount 701,2,Lean High-Margin Accounts,0,Normal,-0.6791,-0.1228,1.0,3.0,0.0,3.0,2.0,0.0,2.0,0.0,1.0,3.0,0.0,2.0,Unknown,Early Adopter,None,None,None,None,None,None,Yes,High,Low,-
Accoount 702,2,Lean High-Margin Accounts,1,Outlier,-0.672,-1.1123,0.0,3.0,0.0,0.0,2.0,0.0,2.0,0.0,1.0,2.0,1.0,0.0,Non Seasonal,Early Adopter,Low,Low,None,None,None,Minimal Change,-,Medium,Unknown,Low
Accoount 703,0,Standard / Low-Engagement Base,0,Normal,1.0117,0.0513,1.0,2.0,0.0,3.0,2.0,0.0,2.0,0.0,1.0,3.0,3.0,2.0,None,None,None,None,None,None,None,None,-,-,-,-
Accoount 704,0,Standard / Low-Engagement Base,0,Normal,1.0117,0.0513,1.0,2.0,0.0,3.0,2.0,0.0,2.0,0.0,1.0,3.0,3.0,2.0,Unknown,None,None,None,None,None,None,None,Yes,High,High,-
Accoount 705,2,Lean High-Margin Accounts,0,Normal,0.448,-0.0291,1.0,2.0,0.0,3.0,2.0,0.0,2.0,0.0,1.0,3.0,2.0,2.0,None,None,None,None,None,None,None,None,-,High,Medium,-
Accoount 706,0,Standard / Low-Engagement Base,0,Normal,0.3313,-0.449,1.0,2.0,0.0,3.0,2.0,0.0,2.0,0.0,1.0,2.0,3.0,2.0,None,None,None,None,None,None,None,None,-,Medium,High,-
Accoount 707,0,Standard / Low-Engagement Base,0,Normal,1.0117,0.0513,1.0,2.0,0.0,3.0,2.0,0.0,2.0,0.0,1.0,3.0,3.0,2.0,None,None,None,None,None,None,None,None,Yes,High,High,-
Accoount 708,0,Standard / Low-Engagement Base,0,Normal,0.1317,-0.3429,2.0,3.0,0.0,0.0,2.0,0.0,2.0,0.0,1.0,2.0,3.0,2.0,Potentially Seasonal,Early Adopter,Low,Low,None,None,None,Minimal Change,-,Medium,High,-
Accoount 709,0,Standard / Low-Engagement Base,0,Normal,1.0117,0.0513,1.0,2.0,0.0,3.0,2.0,0.0,2.0,0.0,1.0,3.0,3.0,2.0,None,None,None,None,None,None,None,None,-,High,High,-
Accoount 710,0,Standard / Low-Engagement Base,0,Normal,1.0117,0.0513,1.0,2.0,0.0,3.0,2.0,0.0,2.0,0.0,1.0,3.0,3.0,2.0,Unknown,None,Low,High,None,None,None,None,Yes,High,High,-
Accoount 711,0,Standard / Low-Engagement Base,0,Normal,1.0117,0.0513,1.0,2.0,0.0,3.0,2.0,0.0,2.0,0.0,1.0,3.0,3.0,2.0,None,None,None,None,None,None,None,None,Yes,High,High,-
Accoount 712,0,Standard / Low-Engagement Base,0,Normal,1.0117,0.0513,1.0,2.0,0.0,3.0,2.0,0.0,2.0,0.0,1.0,3.0,3.0,2.0,Unknown,None,Low,High,None,None,None,Minimal Change,Yes,High,High,Medium
Accoount 713,1,High-Volume Competitive Accounts,0,Normal,-1.5933,-1.5301,1.0,2.0,0.0,3.0,2.0,0.0,2.0,0.0,1.0,0.0,2.0,2.0,Unknown,None,Low,High,None,None,None,Minimal Change,Yes,Low,Medium,Medium
Accoount 714,2,Lean High-Margin Accounts,0,Normal,0.448,-0.0291,1.0,2.0,0.0,3.0,2.0,0.0,2.0,0.0,1.0,3.0,2.0,2.0,Unknown,None,None,None,None,None,None,None,-,High,Medium,-
Accoount 715,2,Lean High-Margin Accounts,0,Normal,-0.4324,-0.4905,2.0,2.0,0.0,0.0,2.0,0.0,2.0,0.0,1.0,2.0,2.0,2.0,Potentially Seasonal,None,Low,Low,None,None,None,Minimal Change,-,Medium,Medium,-
Accoount 716,0,Standard / Low-Engagement Base,0,Normal,1.0117,0.0513,1.0,2.0,0.0,3.0,2.0,0.0,2.0,0.0,1.0,3.0,3.0,2.0,None,None,None,None,None,None,None,None,Yes,High,High,-
Accoount 717,1,High-Volume Competitive Accounts,0,Normal,-2.1578,-1.7448,1.0,0.0,0.0,3.0,2.0,0.0,2.0,0.0,1.0,0.0,1.0,2.0,Unknown,Late Adopter,Low,High,None,None,None,None,-,Low,Unknown,Medium
Accoount 718,2,Lean High-Margin Accounts,0,Normal,-0.2325,-0.5294,1.0,2.0,0.0,3.0,2.0,0.0,2.0,0.0,1.0,2.0,2.0,2.0,None,None,None,None,None,None,None,None,-,Medium,Medium,-
Accoount 719,2,Lean High-Margin Accounts,0,Normal,-0.6795,-0.19,1.0,2.0,0.0,3.0,2.0,0.0,2.0,0.0,1.0,3.0,0.0,2.0,Unknown,None,None,None,None,None,None,None,Yes,High,Low,-
Accoount 720,0,Standard / Low-Engagement Base,0,Normal,0.3313,-0.449,1.0,2.0,0.0,3.0,2.0,0.0,2.0,0.0,1.0,2.0,3.0,2.0,None,None,None,None,None,None,None,None,Yes,Medium,High,-
Accoount 721,1,High-Volume Competitive Accounts,0,Normal,-2.157,-1.6105,1.0,2.0,0.0,3.0,2.0,0.0,2.0,0.0,1.0,0.0,1.0,2.0,Unknown,None,None,None,None,None,None,None,-,Low,Unknown,-
Accoount 722,0,Standard / Low-Engagement Base,0,Normal,1.041,-0.3009,1.0,2.0,0.0,3.0,2.0,0.0,2.0,0.0,1.0,3.0,3.0,0.0,None,None,None,None,None,None,None,None,Yes,High,High,Low
Accoount 723,0,Standard / Low-Engagement Base,0,Normal,1.0117,0.0513,1.0,2.0,0.0,3.0,2.0,0.0,2.0,0.0,1.0,3.0,3.0,2.0,None,None,None,None,None,None,None,None,Yes,High,High,-
Accoount 724,0,Standard / Low-Engagement Base,0,Normal,1.0117,0.0513,1.0,2.0,0.0,3.0,2.0,0.0,2.0,0.0,1.0,3.0,3.0,2.0,None,None,None,None,None,None,None,None,Yes,High,High,-
Accoount 725,3,High-Growth Potential Early Adopters,0,Normal,-1.8419,1.9576,0.0,0.0,2.0,3.0,2.0,2.0,3.0,0.0,1.0,3.0,0.0,2.0,Non Seasonal,Late Adopter,Medium,High,Medium,Medium,High,Minimal Change,Yes,High,Low,Medium
Accoount 726,3,High-Growth Potential Early Adopters,0,Normal,-2.4637,2.9051,0.0,3.0,2.0,3.0,2.0,3.0,4.0,0.0,1.0,2.0,1.0,3.0,Non Seasonal,Early Adopter,Medium,High,Medium,High,Very High,Minimal Change,Yes,Medium,Unknown,High
Accoount 727,3,High-Growth Potential Early Adopters,0,Normal,-2.6325,1.284,3.0,3.0,2.0,3.0,2.0,2.0,3.0,0.0,1.0,0.0,3.0,2.0,Highly Seasonal,Early Adopter,Medium,High,Medium,Medium,High,Minimal Change,-,Low,High,Medium
Accoount 728,2,Lean High-Margin Accounts,0,Normal,-0.3107,-0.3698,1.0,2.0,0.0,3.0,0.0,0.0,2.0,0.0,1.0,2.0,2.0,2.0,Unknown,None,None,None,Low,Low,Medium,None,-,Medium,Medium,Medium
Accoount 729,1,High-Volume Competitive Accounts,0,Normal,-3.1186,0.1437,2.0,3.0,0.0,3.0,2.0,2.0,3.0,0.0,1.0,0.0,1.0,2.0,Potentially Seasonal,Early Adopter,Low,High,Medium,Medium,High,Minimal Change,Yes,Low,Unknown,Medium
Accoount 730,1,High-Volume Competitive Accounts,1,Outlier,-3.4399,-0.4847,2.0,3.0,2.0,3.0,0.0,0.0,2.0,0.0,1.0,0.0,0.0,2.0,Potentially Seasonal,Early Adopter,Medium,High,Low,Low,Medium,Minimal Change,-,Low,Low,Medium
Accoount 731,3,High-Growth Potential Early Adopters,0,Normal,-3.8605,1.2863,2.0,1.0,3.0,3.0,2.0,2.0,3.0,0.0,1.0,0.0,1.0,2.0,Potentially Seasonal,Unknown,High,High,Medium,Medium,High,Minimal Change,Yes,Low,Unknown,Medium
Accoount 732,1,High-Volume Competitive Accounts,0,Normal,-2.3189,-1.3062,2.0,2.0,0.0,3.0,2.0,0.0,2.0,0.0,1.0,0.0,1.0,3.0,Potentially Seasonal,Trend Follower,Low,High,Medium,Low,Medium,Minimal Change,Yes,Low,Unknown,High
Accoount 733,0,Standard / Low-Engagement Base,0,Normal,0.9334,0.211,1.0,2.0,0.0,3.0,0.0,0.0,2.0,0.0,1.0,3.0,3.0,2.0,Unknown,None,None,None,Low,Low,Medium,None,Yes,High,High,-
Accoount 734,0,Standard / Low-Engagement Base,0,Normal,1.0117,0.0513,1.0,2.0,0.0,3.0,2.0,0.0,2.0,0.0,1.0,3.0,3.0,2.0,Unknown,None,None,None,None,None,None,None,Yes,High,High,-
Accoount 735,3,High-Growth Potential Early Adopters,0,Normal,-2.1944,3.2419,2.0,3.0,2.0,3.0,2.0,3.0,4.0,0.0,1.0,2.0,2.0,3.0,Potentially Seasonal,Early Adopter,Medium,High,Medium,High,Very High,Minimal Change,-,Medium,Medium,High
Accoount 736,0,Standard / Low-Engagement Base,0,Normal,1.0117,0.0513,1.0,2.0,0.0,3.0,2.0,0.0,2.0,0.0,1.0,3.0,3.0,2.0,Unknown,None,Low,High,Medium,Low,Medium,Minimal Change,Yes,High,High,Medium
Accoount 737,1,High-Volume Competitive Accounts,0,Normal,-2.7987,-0.6982,2.0,1.0,2.0,3.0,2.0,0.0,2.0,0.0,1.0,0.0,1.0,2.0,Potentially Seasonal,Unknown,Medium,High,Medium,Low,Medium,Minimal Change,Yes,Low,Unknown,Medium
Accoount 738,1,High-Volume Competitive Accounts,0,Normal,-1.8191,-1.3094,2.0,1.0,0.0,3.0,0.0,0.0,2.0,0.0,1.0,0.0,2.0,2.0,Potentially Seasonal,Unknown,Low,High,Low,Low,Medium,Minimal Change,-,Low,Medium,Medium
Accoount 739,0,Standard / Low-Engagement Base,0,Normal,0.8645,0.1795,2.0,2.0,0.0,3.0,2.0,0.0,2.0,0.0,1.0,3.0,3.0,2.0,Potentially Seasonal,Trend Follower,Low,High,Medium,Low,Medium,Minimal Change,Yes,High,High,Medium
Accoount 740,1,High-Volume Competitive Accounts,0,Normal,-1.8447,0.0421,1.0,1.0,0.0,3.0,2.0,2.0,3.0,0.0,1.0,0.0,3.0,2.0,Unknown,Unknown,Low,High,Medium,Medium,High,Minimal Change,-,Low,High,Medium
Accoount 741,3,High-Growth Potential Early Adopters,0,Normal,-1.1977,4.1812,2.0,2.0,3.0,3.0,2.0,3.0,4.0,0.0,1.0,3.0,3.0,3.0,Potentially Seasonal,Trend Follower,High,High,Medium,High,Very High,Minimal Change,Yes,High,High,High
Accoount 742,3,High-Growth Potential Early Adopters,0,Normal,-0.6695,2.9446,3.0,3.0,2.0,3.0,0.0,2.0,3.0,0.0,1.0,3.0,3.0,2.0,Highly Seasonal,Early Adopter,Medium,High,Low,Medium,High,Minimal Change,Yes,High,High,Medium
Accoount 743,1,High-Volume Competitive Accounts,0,Normal,-2.157,-1.6105,1.0,2.0,0.0,3.0,2.0,0.0,2.0,0.0,1.0,0.0,1.0,2.0,None,None,None,None,None,None,None,None,-,Low,Unknown,-
Accoount 744,0,Standard / Low-Engagement Base,0,Normal,1.0117,0.0513,1.0,2.0,0.0,3.0,2.0,0.0,2.0,0.0,1.0,3.0,3.0,2.0,None,None,None,None,None,None,None,None,Yes,High,High,-
Accoount 745,3,High-Growth Potential Early Adopters,0,Normal,-3.6917,1.0203,2.0,1.0,2.0,3.0,0.0,2.0,3.0,0.0,1.0,0.0,1.0,2.0,Potentially Seasonal,Unknown,Medium,High,Low,Medium,High,Minimal Change,-,Low,Unknown,Medium
Accoount 746,0,Standard / Low-Engagement Base,0,Normal,0.3313,-0.449,1.0,2.0,0.0,3.0,2.0,0.0,2.0,0.0,1.0,2.0,3.0,2.0,Unknown,None,None,None,None,None,None,None,-,Medium,High,-
Accoount 747,0,Standard / Low-Engagement Base,0,Normal,0.3313,-0.449,1.0,2.0,0.0,3.0,2.0,0.0,2.0,0.0,1.0,2.0,3.0,2.0,None,None,None,None,None,None,None,None,-,Medium,High,-
Accoount 748,3,High-Growth Potential Early Adopters,1,Outlier,-2.2351,2.1379,2.0,1.0,0.0,0.0,0.0,3.0,4.0,0.0,1.0,3.0,0.0,0.0,Potentially Seasonal,Unknown,Low,Low,Low,High,Very High,Minimal Change,Yes,High,Low,Low
Accoount 749,0,Standard / Low-Engagement Base,0,Normal,1.0117,0.0513,1.0,2.0,0.0,3.0,2.0,0.0,2.0,0.0,1.0,3.0,3.0,2.0,None,None,None,None,None,None,None,None,Yes,High,High,-
Accoount 750,0,Standard / Low-Engagement Base,0,Normal,1.0117,0.0513,1.0,2.0,0.0,3.0,2.0,0.0,2.0,0.0,1.0,3.0,3.0,2.0,Unknown,None,None,None,None,None,None,None,Yes,High,High,Medium
Accoount 751,0,Standard / Low-Engagement Base,0,Normal,1.0117,0.0513,1.0,2.0,0.0,3.0,2.0,0.0,2.0,0.0,1.0,3.0,3.0,2.0,Unknown,None,Low,High,None,None,None,Minimal Change,Yes,High,High,-
Accoount 752,2,Lean High-Margin Accounts,0,Normal,0.448,-0.0291,1.0,2.0,0.0,3.0,2.0,0.0,2.0,0.0,1.0,3.0,2.0,2.0,None,None,None,None,None,None,None,None,Yes,High,Medium,-
Accoount 753,0,Standard / Low-Engagement Base,0,Normal,1.0117,0.0513,1.0,2.0,0.0,3.0,2.0,0.0,2.0,0.0,1.0,3.0,3.0,2.0,Unknown,None,None,None,None,None,None,None,Yes,High,High,-
Accoount 754,0,Standard / Low-Engagement Base,0,Normal,1.0117,0.0513,1.0,2.0,0.0,3.0,2.0,0.0,2.0,0.0,1.0,3.0,3.0,2.0,Unknown,None,None,None,None,None,None,None,Yes,High,High,-
Accoount 755,1,High-Volume Competitive Accounts,0,Normal,-3.0462,-0.3398,2.0,0.0,3.0,3.0,2.0,0.0,2.0,0.0,1.0,0.0,1.0,2.0,Potentially Seasonal,Late Adopter,High,High,None,None,None,Minimal Change,-,Low,Unknown,Medium
Accoount 756,1,High-Volume Competitive Accounts,0,Normal,-2.157,-1.6105,1.0,2.0,0.0,3.0,2.0,0.0,2.0,0.0,1.0,0.0,1.0,2.0,Unknown,None,Low,High,Medium,Low,Medium,Minimal Change,-,Low,Unknown,Medium
Accoount 757,3,High-Growth Potential Early Adopters,0,Normal,-1.8777,3.748,2.0,3.0,3.0,3.0,2.0,3.0,4.0,0.0,1.0,2.0,3.0,3.0,Potentially Seasonal,Early Adopter,High,High,Medium,High,Very High,Minimal Change,Yes,Medium,High,High
Accoount 758,2,Lean High-Margin Accounts,0,Normal,-0.2325,-0.5294,1.0,2.0,0.0,3.0,2.0,0.0,2.0,0.0,1.0,2.0,2.0,2.0,Unknown,None,Low,High,None,None,None,Minimal Change,Yes,Medium,Medium,Medium
Accoount 759,0,Standard / Low-Engagement Base,0,Normal,1.0117,0.0513,1.0,2.0,0.0,3.0,2.0,0.0,2.0,0.0,1.0,3.0,3.0,2.0,None,None,None,None,None,None,None,None,Yes,High,High,-
Accoount 760,1,High-Volume Competitive Accounts,0,Normal,-2.157,-1.6105,1.0,2.0,0.0,3.0,2.0,0.0,2.0,0.0,1.0,0.0,1.0,2.0,Unknown,None,Low,High,None,None,None,Minimal Change,-,Low,Unknown,-
Accoount 761,0,Standard / Low-Engagement Base,0,Normal,0.253,-0.2893,1.0,2.0,0.0,3.0,0.0,0.0,2.0,0.0,1.0,2.0,3.0,2.0,Unknown,None,Low,High,Low,Low,Medium,Minimal Change,-,Medium,High,Medium
Accoount 762,0,Standard / Low-Engagement Base,1,Outlier,0.2296,-0.7308,1.0,2.0,0.0,0.0,0.0,0.0,2.0,0.0,1.0,2.0,3.0,0.0,Unknown,None,Low,Low,Low,Low,Medium,None,Yes,Medium,High,Low
Accoount 763,1,High-Volume Competitive Accounts,0,Normal,-1.0296,-1.4496,1.0,2.0,0.0,3.0,2.0,0.0,2.0,0.0,1.0,0.0,3.0,2.0,None,None,None,None,None,None,None,None,Yes,Low,High,-
Accoount 764,0,Standard / Low-Engagement Base,0,Normal,0.3313,-0.449,1.0,2.0,0.0,3.0,2.0,0.0,2.0,0.0,1.0,2.0,3.0,2.0,Unknown,None,Low,High,Medium,Low,Medium,Minimal Change,-,Medium,High,-
Accoount 765,2,Lean High-Margin Accounts,0,Normal,0.3008,0.0991,2.0,2.0,0.0,3.0,2.0,0.0,2.0,0.0,1.0,3.0,2.0,2.0,Potentially Seasonal,None,Low,High,Medium,Low,Medium,Minimal Change,Yes,High,Medium,-
Accoount 766,0,Standard / Low-Engagement Base,0,Normal,0.2782,-0.6054,1.0,1.0,0.0,0.0,2.0,0.0,2.0,0.0,1.0,2.0,3.0,2.0,Unknown,Unknown,Low,Low,None,None,None,Minimal Change,-,Medium,High,-
Accoount 767,2,Lean High-Margin Accounts,0,Normal,-0.511,-0.398,2.0,1.0,0.0,0.0,0.0,0.0,2.0,0.0,1.0,2.0,2.0,2.0,Potentially Seasonal,Unknown,Low,Low,Low,Low,Medium,Minimal Change,-,Medium,Medium,-
Accoount 768,1,High-Volume Competitive Accounts,0,Normal,-2.157,-1.6105,1.0,2.0,0.0,3.0,2.0,0.0,2.0,0.0,1.0,0.0,1.0,2.0,None,None,None,None,None,None,None,None,-,Low,Unknown,-
Accoount 769,0,Standard / Low-Engagement Base,0,Normal,1.0117,0.0513,1.0,2.0,0.0,3.0,2.0,0.0,2.0,0.0,1.0,3.0,3.0,2.0,None,None,None,None,None,None,None,None,-,-,-,-
Accoount 770,0,Standard / Low-Engagement Base,0,Normal,1.0117,0.0513,1.0,2.0,0.0,3.0,2.0,0.0,2.0,0.0,1.0,3.0,3.0,2.0,None,None,None,None,None,None,None,None,-,-,-,-
Accoount 771,0,Standard / Low-Engagement Base,0,Normal,1.0117,0.0513,1.0,2.0,0.0,3.0,2.0,0.0,2.0,0.0,1.0,3.0,3.0,2.0,None,None,None,None,None,None,None,None,-,-,-,-
Accoount 772,0,Standard / Low-Engagement Base,0,Normal,1.0117,0.0513,1.0,2.0,0.0,3.0,2.0,0.0,2.0,0.0,1.0,3.0,3.0,2.0,None,None,None,None,None,None,None,None,-,-,-,-
Accoount 773,0,Standard / Low-Engagement Base,0,Normal,1.0117,0.0513,1.0,2.0,0.0,3.0,2.0,0.0,2.0,0.0,1.0,3.0,3.0,2.0,Unknown,None,None,None,None,None,None,None,Yes,High,High,-
Accoount 774,0,Standard / Low-Engagement Base,0,Normal,1.0117,0.0513,1.0,2.0,0.0,3.0,2.0,0.0,2.0,0.0,1.0,3.0,3.0,2.0,None,None,None,None,None,None,None,None,-,-,-,-
Accoount 775,0,Standard / Low-Engagement Base,0,Normal,1.0117,0.0513,1.0,2.0,0.0,3.0,2.0,0.0,2.0,0.0,1.0,3.0,3.0,2.0,None,None,None,None,None,None,None,None,-,-,-,-
Accoount 776,0,Standard / Low-Engagement Base,0,Normal,1.0117,0.0513,1.0,2.0,0.0,3.0,2.0,0.0,2.0,0.0,1.0,3.0,3.0,2.0,None,None,None,None,None,None,None,None,-,-,-,-
Accoount 777,0,Standard / Low-Engagement Base,0,Normal,1.0117,0.0513,1.0,2.0,0.0,3.0,2.0,0.0,2.0,0.0,1.0,3.0,3.0,2.0,None,None,None,None,None,None,None,None,-,-,-,-
Accoount 778,0,Standard / Low-Engagement Base,0,Normal,1.0117,0.0513,1.0,2.0,0.0,3.0,2.0,0.0,2.0,0.0,1.0,3.0,3.0,2.0,None,None,None,None,None,None,None,None,-,-,-,-
Accoount 779,1,High-Volume Competitive Accounts,0,Normal,-2.5047,-1.0218,0.0,0.0,2.0,3.0,2.0,0.0,2.0,0.0,1.0,0.0,1.0,2.0,Non Seasonal,Late Adopter,Medium,High,None,None,None,Minimal Change,-,Low,Unknown,Medium
Accoount 780,1,High-Volume Competitive Accounts,0,Normal,-3.0207,-0.2442,1.0,2.0,0.0,3.0,0.0,2.0,3.0,0.0,1.0,0.0,1.0,0.0,Unknown,None,None,None,Low,Medium,High,None,Yes,Low,Unknown,Low
Accoount 781,0,Standard / Low-Engagement Base,0,Normal,0.3313,-0.449,1.0,2.0,0.0,3.0,2.0,0.0,2.0,0.0,1.0,2.0,3.0,2.0,None,None,None,None,None,None,None,None,Yes,Medium,High,-
Accoount 782,2,Lean High-Margin Accounts,0,Normal,-0.6795,-0.19,1.0,2.0,0.0,3.0,2.0,0.0,2.0,0.0,1.0,3.0,0.0,2.0,None,None,None,None,None,None,None,None,Yes,High,Low,-
Accoount 783,0,Standard / Low-Engagement Base,0,Normal,1.0117,0.0513,1.0,2.0,0.0,3.0,2.0,0.0,2.0,0.0,1.0,3.0,3.0,2.0,None,None,None,None,None,None,None,None,-,-,-,-
Accoount 784,0,Standard / Low-Engagement Base,0,Normal,1.0117,0.0513,1.0,2.0,0.0,3.0,2.0,0.0,2.0,0.0,1.0,3.0,3.0,2.0,None,None,None,None,None,None,None,None,-,-,-,-
Accoount 785,0,Standard / Low-Engagement Base,0,Normal,1.0117,0.0513,1.0,2.0,0.0,3.0,2.0,0.0,2.0,0.0,1.0,3.0,3.0,2.0,None,None,None,None,None,None,None,None,-,-,-,-
Accoount 786,1,High-Volume Competitive Accounts,0,Normal,-3.0207,-0.2442,1.0,2.0,0.0,3.0,0.0,2.0,3.0,0.0,1.0,0.0,1.0,0.0,Unknown,None,None,None,Low,Medium,High,None,-,Low,Unknown,Low
Accoount 787,3,High-Growth Potential Early Adopters,0,Normal,-2.6271,3.3381,2.0,2.0,2.0,3.0,2.0,3.0,4.0,0.0,1.0,3.0,0.0,2.0,Potentially Seasonal,None,Medium,High,Medium,High,Very High,Minimal Change,Yes,High,Low,Medium
Accoount 788,0,Standard / Low-Engagement Base,0,Normal,1.0117,0.0513,1.0,2.0,0.0,3.0,2.0,0.0,2.0,0.0,1.0,3.0,3.0,2.0,None,None,None,None,None,None,None,None,-,-,-,-
Accoount 789,0,Standard / Low-Engagement Base,0,Normal,1.0117,0.0513,1.0,2.0,0.0,3.0,2.0,0.0,2.0,0.0,1.0,3.0,3.0,2.0,None,None,None,None,None,None,None,None,-,-,-,-
Accoount 790,0,Standard / Low-Engagement Base,0,Normal,1.0117,0.0513,1.0,2.0,0.0,3.0,2.0,0.0,2.0,0.0,1.0,3.0,3.0,2.0,None,None,None,None,None,None,None,None,-,-,-,-
Accoount 791,1,High-Volume Competitive Accounts,0,Normal,-2.2093,-1.6326,1.0,3.0,0.0,0.0,2.0,0.0,2.0,0.0,1.0,0.0,1.0,2.0,Unknown,Early Adopter,Low,Low,None,None,None,Minimal Change,-,Low,Unknown,Medium
Accoount 792,1,High-Volume Competitive Accounts,0,Normal,-1.5933,-1.5301,1.0,2.0,0.0,3.0,2.0,0.0,2.0,0.0,1.0,0.0,2.0,2.0,Unknown,None,None,None,None,None,None,None,Yes,Low,Medium,-
Accoount 793,0,Standard / Low-Engagement Base,0,Normal,1.0117,0.0513,1.0,2.0,0.0,3.0,2.0,0.0,2.0,0.0,1.0,3.0,3.0,2.0,Unknown,None,Low,High,None,None,None,Minimal Change,Yes,High,High,-
Accoount 794,0,Standard / Low-Engagement Base,0,Normal,0.8645,0.1795,2.0,2.0,0.0,3.0,2.0,0.0,2.0,0.0,1.0,3.0,3.0,2.0,Potentially Seasonal,None,Low,High,None,None,None,Minimal Change,Yes,High,High,Medium
Accoount 795,0,Standard / Low-Engagement Base,0,Normal,1.0117,0.0513,1.0,2.0,0.0,3.0,2.0,0.0,2.0,0.0,1.0,3.0,3.0,2.0,Unknown,None,None,None,None,None,None,None,-,-,-,-
Accoount 796,1,High-Volume Competitive Accounts,0,Normal,-2.2749,-1.8345,2.0,2.0,0.0,3.0,2.0,0.0,2.0,0.0,1.0,0.0,1.0,0.0,Potentially Seasonal,Trend Follower,None,None,None,None,None,Minimal Change,-,Low,Unknown,Low
Accoount 797,1,High-Volume Competitive Accounts,0,Normal,-1.5933,-1.5301,1.0,2.0,0.0,3.0,2.0,0.0,2.0,0.0,1.0,0.0,2.0,2.0,None,None,None,None,None,None,None,None,-,Low,Medium,-
Accoount 798,0,Standard / Low-Engagement Base,0,Normal,1.0117,0.0513,1.0,2.0,0.0,3.0,2.0,0.0,2.0,0.0,1.0,3.0,3.0,2.0,Unknown,None,Low,High,None,None,None,Minimal Change,Yes,High,High,Medium
Accoount 799,0,Standard / Low-Engagement Base,0,Normal,1.0117,0.0513,1.0,2.0,0.0,3.0,2.0,0.0,2.0,0.0,1.0,3.0,3.0,2.0,None,None,None,None,None,None,None,None,-,-,-,-
Accoount 800,0,Standard / Low-Engagement Base,0,Normal,1.0117,0.0513,1.0,2.0,0.0,3.0,2.0,0.0,2.0,0.0,1.0,3.0,3.0,2.0,Unknown,None,Low,High,None,None,None,None,Yes,High,High,-
Accoount 801,0,Standard / Low-Engagement Base,0,Normal,1.0117,0.0513,1.0,2.0,0.0,3.0,2.0,0.0,2.0,0.0,1.0,3.0,3.0,2.0,Unknown,None,Low,High,None,None,None,None,Yes,High,High,-
Accoount 802,0,Standard / Low-Engagement Base,0,Normal,1.0117,0.0513,1.0,2.0,0.0,3.0,2.0,0.0,2.0,0.0,1.0,3.0,3.0,2.0,None,None,None,None,None,None,None,None,Yes,High,High,-
Accoount 803,1,High-Volume Competitive Accounts,0,Normal,-1.0296,-1.4496,1.0,2.0,0.0,3.0,2.0,0.0,2.0,0.0,1.0,0.0,3.0,2.0,None,None,None,None,None,None,None,None,-,Low,High,-
Accoount 804,0,Standard / Low-Engagement Base,0,Normal,1.0117,0.0513,1.0,2.0,0.0,3.0,2.0,0.0,2.0,0.0,1.0,3.0,3.0,2.0,None,None,None,None,None,None,None,None,-,-,-,-
Accoount 805,0,Standard / Low-Engagement Base,0,Normal,1.041,-0.3009,1.0,2.0,0.0,3.0,2.0,0.0,2.0,0.0,1.0,3.0,3.0,0.0,Unknown,None,None,None,None,None,None,None,-,-,-,Low
Accoount 806,0,Standard / Low-Engagement Base,0,Normal,1.0117,0.0513,1.0,2.0,0.0,3.0,2.0,0.0,2.0,0.0,1.0,3.0,3.0,2.0,None,None,None,None,None,None,None,None,Yes,High,High,-
Accoount 807,0,Standard / Low-Engagement Base,0,Normal,1.0117,0.0513,1.0,2.0,0.0,3.0,2.0,0.0,2.0,0.0,1.0,3.0,3.0,2.0,Unknown,None,None,None,None,None,None,None,Yes,High,High,-
Accoount 808,0,Standard / Low-Engagement Base,0,Normal,1.0117,0.0513,1.0,2.0,0.0,3.0,2.0,0.0,2.0,0.0,1.0,3.0,3.0,2.0,None,None,None,None,None,None,None,None,-,-,-,-
Accoount 809,2,Lean High-Margin Accounts,0,Normal,-0.2325,-0.5294,1.0,2.0,0.0,3.0,2.0,0.0,2.0,0.0,1.0,2.0,2.0,2.0,Unknown,None,None,None,None,None,None,None,-,Medium,Medium,-
Accoount 810,2,Lean High-Margin Accounts,0,Normal,0.448,-0.0291,1.0,2.0,0.0,3.0,2.0,0.0,2.0,0.0,1.0,3.0,2.0,2.0,Unknown,None,None,None,None,None,None,None,Yes,High,Medium,-
Accoount 811,0,Standard / Low-Engagement Base,0,Normal,1.0117,0.0513,1.0,2.0,0.0,3.0,2.0,0.0,2.0,0.0,1.0,3.0,3.0,2.0,None,None,None,None,None,None,None,None,Yes,High,High,-
Accoount 812,1,High-Volume Competitive Accounts,0,Normal,-2.157,-1.6105,1.0,2.0,0.0,3.0,2.0,0.0,2.0,0.0,1.0,0.0,1.0,2.0,None,None,None,None,None,None,None,None,-,Low,Unknown,-
Accoount 813,0,Standard / Low-Engagement Base,0,Normal,1.0117,0.0513,1.0,2.0,0.0,3.0,2.0,0.0,2.0,0.0,1.0,3.0,3.0,2.0,None,None,None,None,None,None,None,None,Yes,High,High,-
Accoount 814,0,Standard / Low-Engagement Base,0,Normal,1.0117,0.0513,1.0,2.0,0.0,3.0,2.0,0.0,2.0,0.0,1.0,3.0,3.0,2.0,None,None,None,None,None,None,None,None,Yes,High,High,-
Accoount 815,0,Standard / Low-Engagement Base,0,Normal,1.0117,0.0513,1.0,2.0,0.0,3.0,2.0,0.0,2.0,0.0,1.0,3.0,3.0,2.0,None,None,None,None,None,None,None,None,Yes,High,High,-
Accoount 816,0,Standard / Low-Engagement Base,0,Normal,1.0117,0.0513,1.0,2.0,0.0,3.0,2.0,0.0,2.0,0.0,1.0,3.0,3.0,2.0,None,None,None,None,None,None,None,None,-,-,-,-
Accoount 817,0,Standard / Low-Engagement Base,0,Normal,0.3313,-0.449,1.0,2.0,0.0,3.0,2.0,0.0,2.0,0.0,1.0,2.0,3.0,2.0,None,None,None,None,None,None,None,None,Yes,Medium,High,-
Accoount 818,3,High-Growth Potential Early Adopters,0,Normal,-0.592,2.6507,3.0,1.0,2.0,3.0,2.0,2.0,3.0,0.0,1.0,3.0,3.0,2.0,Highly Seasonal,Unknown,Medium,High,Medium,Medium,High,Minimal Change,Yes,High,High,Medium
Accoount 819,0,Standard / Low-Engagement Base,0,Normal,0.1355,-0.4462,2.0,3.0,0.0,3.0,0.0,0.0,2.0,0.0,1.0,2.0,3.0,0.0,Potentially Seasonal,Early Adopter,Low,High,Low,Low,Medium,None,-,Medium,High,Low
Accoount 820,3,High-Growth Potential Early Adopters,0,Normal,-1.2337,2.0034,3.0,0.0,2.0,3.0,3.0,2.0,3.0,0.0,1.0,2.0,3.0,2.0,Highly Seasonal,Late Adopter,Medium,High,High,Medium,High,Minimal Change,Yes,Medium,High,Medium
Accoount 821,3,High-Growth Potential Early Adopters,0,Normal,-1.3525,3.3708,1.0,2.0,2.0,3.0,2.0,3.0,4.0,0.0,1.0,3.0,2.0,2.0,Unknown,None,Medium,High,Medium,High,Very High,Minimal Change,-,High,Medium,Medium
Accoount 822,2,Lean High-Margin Accounts,0,Normal,-0.2325,-0.5294,1.0,2.0,0.0,3.0,2.0,0.0,2.0,0.0,1.0,2.0,2.0,2.0,Unknown,None,Low,High,None,None,None,Minimal Change,-,Medium,Medium,Medium
Accoount 823,0,Standard / Low-Engagement Base,0,Normal,0.355,1.0726,2.0,0.0,2.0,3.0,2.0,0.0,2.0,0.0,1.0,3.0,3.0,3.0,Potentially Seasonal,Late Adopter,Medium,High,None,None,None,Minimal Change,Yes,High,High,High
Accoount 824,3,High-Growth Potential Early Adopters,0,Normal,0.049,1.6041,2.0,0.0,0.0,3.0,2.0,2.0,3.0,0.0,1.0,3.0,3.0,2.0,Potentially Seasonal,Late Adopter,Low,High,Medium,Medium,High,None,-,High,High,Medium
Accoount 825,1,High-Volume Competitive Accounts,0,Normal,-2.157,-1.6105,1.0,2.0,0.0,3.0,2.0,0.0,2.0,0.0,1.0,0.0,1.0,2.0,Unknown,None,None,None,Medium,Low,Medium,None,-,Low,Unknown,-
Accoount 826,1,High-Volume Competitive Accounts,0,Normal,-1.6334,-2.5927,0.0,3.0,0.0,3.0,3.0,0.0,0.0,0.0,1.0,0.0,1.0,2.0,Non Seasonal,Early Adopter,Low,High,High,Low,Low,Minimal Change,-,Low,Unknown,Medium
Accoount 827,3,High-Growth Potential Early Adopters,0,Normal,-2.6465,2.4823,3.0,2.0,3.0,3.0,2.0,2.0,3.0,0.0,1.0,2.0,1.0,2.0,Highly Seasonal,Trend Follower,High,High,Medium,Medium,High,Minimal Change,Yes,Medium,Unknown,Medium
Accoount 828,3,High-Growth Potential Early Adopters,0,Normal,-0.9029,3.9919,0.0,3.0,3.0,3.0,2.0,3.0,4.0,0.0,1.0,3.0,3.0,3.0,Non Seasonal,Early Adopter,High,High,Medium,High,Very High,Minimal Change,Yes,High,High,High
Accoount 829,1,High-Volume Competitive Accounts,0,Normal,-1.9915,0.2374,2.0,2.0,0.0,3.0,2.0,2.0,3.0,0.0,1.0,0.0,3.0,2.0,Potentially Seasonal,None,Low,High,Medium,Medium,High,Minimal Change,-,Low,High,Medium
Accoount 830,1,High-Volume Competitive Accounts,0,Normal,-1.3645,-2.3231,2.0,2.0,0.0,3.0,3.0,0.0,0.0,0.0,1.0,0.0,2.0,2.0,Potentially Seasonal,None,Low,High,High,Low,Low,Minimal Change,-,Low,Medium,Medium
Accoount 831,0,Standard / Low-Engagement Base,0,Normal,0.8637,0.0452,2.0,0.0,0.0,3.0,2.0,0.0,2.0,0.0,1.0,3.0,3.0,2.0,Potentially Seasonal,Late Adopter,Low,High,Medium,Low,Medium,Minimal Change,Yes,High,High,Medium
Accoount 832,3,High-Growth Potential Early Adopters,0,Normal,-1.7499,1.4783,3.0,1.0,0.0,3.0,3.0,2.0,3.0,0.0,1.0,3.0,0.0,2.0,Highly Seasonal,Unknown,Low,High,High,Medium,High,Minimal Change,Yes,High,Low,Medium
Accoount 833,1,High-Volume Competitive Accounts,0,Normal,-2.9718,-0.0516,1.0,2.0,0.0,3.0,2.0,2.0,3.0,0.0,1.0,0.0,1.0,2.0,Unknown,None,Low,High,Medium,Medium,High,Minimal Change,Yes,Low,Unknown,Medium
Accoount 834,1,High-Volume Competitive Accounts,0,Normal,-2.7987,-0.6982,2.0,1.0,2.0,3.0,2.0,0.0,2.0,0.0,1.0,0.0,1.0,2.0,Potentially Seasonal,Unknown,Medium,High,Medium,Low,Medium,Minimal Change,-,Low,Unknown,Medium
Accoount 835,0,Standard / Low-Engagement Base,0,Normal,1.0117,0.0513,1.0,2.0,0.0,3.0,2.0,0.0,2.0,0.0,1.0,3.0,3.0,2.0,None,None,None,None,None,None,None,None,Yes,High,High,-
Accoount 836,3,High-Growth Potential Early Adopters,1,Outlier,-1.2755,4.408,2.0,3.0,3.0,3.0,0.0,3.0,4.0,0.0,1.0,3.0,3.0,3.0,Potentially Seasonal,Early Adopter,High,High,Low,High,Very High,Minimal Change,Yes,High,High,High
Accoount 837,1,High-Volume Competitive Accounts,0,Normal,-3.1194,0.0094,2.0,1.0,0.0,3.0,2.0,2.0,3.0,0.0,1.0,0.0,1.0,2.0,Potentially Seasonal,Unknown,Low,High,Medium,Medium,High,Minimal Change,Yes,Low,Unknown,Medium
Accoount 838,0,Standard / Low-Engagement Base,0,Normal,1.0117,0.0513,1.0,2.0,0.0,3.0,2.0,0.0,2.0,0.0,1.0,3.0,3.0,2.0,None,None,None,None,None,None,None,None,-,High,High,-
Accoount 839,0,Standard / Low-Engagement Base,0,Normal,0.3313,-0.449,1.0,2.0,0.0,3.0,2.0,0.0,2.0,0.0,1.0,2.0,3.0,2.0,Unknown,None,None,None,None,None,None,None,-,Medium,High,-
Accoount 840,3,High-Growth Potential Early Adopters,0,Normal,-0.9029,3.9919,0.0,3.0,3.0,3.0,2.0,3.0,4.0,0.0,1.0,3.0,3.0,3.0,Non Seasonal,Early Adopter,High,High,Medium,High,Very High,Minimal Change,Yes,High,High,High
Accoount 841,3,High-Growth Potential Early Adopters,1,Outlier,-2.9836,3.4493,3.0,3.0,2.0,3.0,0.0,3.0,4.0,0.0,1.0,2.0,1.0,3.0,Highly Seasonal,Early Adopter,Medium,High,Low,High,Very High,Minimal Change,Yes,Medium,Unknown,High
Accoount 842,3,High-Growth Potential Early Adopters,1,Outlier,-2.8371,3.1868,2.0,1.0,2.0,3.0,0.0,3.0,4.0,0.0,1.0,2.0,1.0,3.0,Potentially Seasonal,Unknown,Medium,High,Low,High,Very High,Minimal Change,Yes,Medium,Unknown,High
Accoount 843,1,High-Volume Competitive Accounts,0,Normal,-2.2354,-0.685,2.0,0.0,2.0,3.0,2.0,0.0,2.0,0.0,1.0,0.0,2.0,2.0,Potentially Seasonal,Late Adopter,Medium,High,Medium,Low,Medium,Minimal Change,-,Low,Medium,Medium
Accoount 844,1,High-Volume Competitive Accounts,0,Normal,-2.3039,-1.4152,2.0,3.0,0.0,3.0,2.0,0.0,2.0,0.0,1.0,0.0,1.0,2.0,Potentially Seasonal,Early Adopter,Low,High,Medium,Low,Medium,Minimal Change,-,Low,Unknown,Medium
Accoount 845,3,High-Growth Potential Early Adopters,0,Normal,0.0493,1.6713,2.0,1.0,0.0,3.0,2.0,2.0,3.0,0.0,1.0,3.0,3.0,2.0,Potentially Seasonal,Unknown,Low,High,Medium,Medium,High,Minimal Change,Yes,High,High,Medium
Accoount 846,0,Standard / Low-Engagement Base,0,Normal,1.0109,-0.083,1.0,0.0,0.0,3.0,2.0,0.0,2.0,0.0,1.0,3.0,3.0,2.0,Unknown,Late Adopter,Low,High,Medium,Low,Medium,Minimal Change,Yes,High,High,Medium
Accoount 847,0,Standard / Low-Engagement Base,0,Normal,1.0117,0.0513,1.0,2.0,0.0,3.0,2.0,0.0,2.0,0.0,1.0,3.0,3.0,2.0,None,None,None,None,None,None,None,None,Yes,High,High,Medium
Accoount 848,0,Standard / Low-Engagement Base,0,Normal,1.0117,0.0513,1.0,2.0,0.0,3.0,2.0,0.0,2.0,0.0,1.0,3.0,3.0,2.0,Unknown,None,None,None,None,None,None,None,Yes,High,High,-
Accoount 849,0,Standard / Low-Engagement Base,0,Normal,1.0117,0.0513,1.0,2.0,0.0,3.0,2.0,0.0,2.0,0.0,1.0,3.0,3.0,2.0,Unknown,None,None,None,None,None,None,None,Yes,High,High,-
Accoount 850,0,Standard / Low-Engagement Base,0,Normal,0.3316,-0.3818,1.0,3.0,0.0,3.0,2.0,0.0,2.0,0.0,1.0,2.0,3.0,2.0,Unknown,Early Adopter,Low,High,Medium,Low,Medium,None,-,Medium,High,Medium
Accoount 851,0,Standard / Low-Engagement Base,0,Normal,0.3313,-0.449,1.0,2.0,0.0,3.0,2.0,0.0,2.0,0.0,1.0,2.0,3.0,2.0,None,None,None,None,Medium,Low,Medium,None,-,Medium,High,-
Accoount 852,1,High-Volume Competitive Accounts,0,Normal,-0.8827,-1.645,0.0,1.0,0.0,3.0,2.0,0.0,2.0,0.0,1.0,0.0,3.0,2.0,Non Seasonal,Unknown,Low,High,Medium,Low,Medium,Minimal Change,Yes,Low,High,Medium
Accoount 853,3,High-Growth Potential Early Adopters,0,Normal,-3.6917,1.0203,2.0,1.0,2.0,3.0,0.0,2.0,3.0,0.0,1.0,0.0,1.0,2.0,Potentially Seasonal,Unknown,Medium,High,Low,Medium,High,Minimal Change,Yes,Low,Unknown,Medium
Accoount 854,2,Lean High-Margin Accounts,0,Normal,0.219,0.2556,2.0,3.0,0.0,3.0,2.0,0.0,2.0,2.0,1.0,3.0,2.0,2.0,Potentially Seasonal,Early Adopter,Low,High,Medium,Low,Medium,Encouraging,Yes,High,Medium,Medium
Accoount 855,2,Lean High-Margin Accounts,0,Normal,0.6768,-0.8221,2.0,2.0,0.0,3.0,3.0,0.0,0.0,0.0,1.0,3.0,2.0,2.0,Potentially Seasonal,None,Low,High,High,Low,Low,Minimal Change,Yes,High,Medium,-
Accoount 856,3,High-Growth Potential Early Adopters,0,Normal,-1.0898,2.6657,2.0,3.0,2.0,3.0,2.0,2.0,3.0,2.0,1.0,3.0,2.0,2.0,Potentially Seasonal,Early Adopter,Medium,High,Medium,Medium,High,Encouraging,Yes,High,Medium,Medium
Accoount 857,2,Lean High-Margin Accounts,1,Outlier,-0.1743,-1.6357,3.0,2.0,0.0,0.0,3.0,0.0,0.0,0.0,1.0,2.0,2.0,0.0,Highly Seasonal,Trend Follower,Low,Low,High,Low,Low,Minimal Change,Yes,Medium,Medium,Low
Accoount 858,0,Standard / Low-Engagement Base,0,Normal,1.0117,0.0513,1.0,2.0,0.0,3.0,2.0,0.0,2.0,0.0,1.0,3.0,3.0,2.0,Unknown,None,None,None,None,None,None,None,-,-,-,-
Accoount 859,0,Standard / Low-Engagement Base,0,Normal,1.0117,0.0513,1.0,2.0,0.0,3.0,2.0,0.0,2.0,0.0,1.0,3.0,3.0,2.0,None,None,None,None,None,None,None,None,-,-,-,-
Accoount 860,0,Standard / Low-Engagement Base,0,Normal,1.0117,0.0513,1.0,2.0,0.0,3.0,2.0,0.0,2.0,0.0,1.0,3.0,3.0,2.0,None,None,None,None,None,None,None,None,Yes,High,High,-
Accoount 861,0,Standard / Low-Engagement Base,0,Normal,1.0117,0.0513,1.0,2.0,0.0,3.0,2.0,0.0,2.0,0.0,1.0,3.0,3.0,2.0,None,None,None,None,None,None,None,None,-,-,-,-
Accoount 862,0,Standard / Low-Engagement Base,0,Normal,1.0117,0.0513,1.0,2.0,0.0,3.0,2.0,0.0,2.0,0.0,1.0,3.0,3.0,2.0,None,None,None,None,None,None,None,None,-,-,-,-
Accoount 863,0,Standard / Low-Engagement Base,0,Normal,1.0117,0.0513,1.0,2.0,0.0,3.0,2.0,0.0,2.0,0.0,1.0,3.0,3.0,2.0,None,None,None,None,None,None,None,None,Yes,High,High,-
Accoount 864,0,Standard / Low-Engagement Base,0,Normal,1.0117,0.0513,1.0,2.0,0.0,3.0,2.0,0.0,2.0,0.0,1.0,3.0,3.0,2.0,None,None,None,None,None,None,None,None,-,-,-,-
Accoount 865,0,Standard / Low-Engagement Base,0,Normal,1.0117,0.0513,1.0,2.0,0.0,3.0,2.0,0.0,2.0,0.0,1.0,3.0,3.0,2.0,None,None,None,None,None,None,None,None,-,-,-,-
Accoount 866,1,High-Volume Competitive Accounts,0,Normal,-2.157,-1.6105,1.0,2.0,0.0,3.0,2.0,0.0,2.0,0.0,1.0,0.0,1.0,2.0,None,None,None,None,None,None,None,None,-,Low,Unknown,-
Accoount 867,0,Standard / Low-Engagement Base,0,Normal,1.0117,0.0513,1.0,2.0,0.0,3.0,2.0,0.0,2.0,0.0,1.0,3.0,3.0,2.0,None,None,None,None,None,None,None,None,-,-,-,-
Accoount 868,0,Standard / Low-Engagement Base,0,Normal,1.0117,0.0513,1.0,2.0,0.0,3.0,2.0,0.0,2.0,0.0,1.0,3.0,3.0,2.0,None,None,None,None,None,None,None,None,-,-,-,-
Accoount 869,0,Standard / Low-Engagement Base,0,Normal,1.0117,0.0513,1.0,2.0,0.0,3.0,2.0,0.0,2.0,0.0,1.0,3.0,3.0,2.0,None,None,None,None,None,None,None,None,-,-,-,-
Accoount 870,0,Standard / Low-Engagement Base,0,Normal,1.0117,0.0513,1.0,2.0,0.0,3.0,2.0,0.0,2.0,0.0,1.0,3.0,3.0,2.0,None,None,None,None,None,None,None,None,Yes,High,High,-
Accoount 871,0,Standard / Low-Engagement Base,0,Normal,1.0117,0.0513,1.0,2.0,0.0,3.0,2.0,0.0,2.0,0.0,1.0,3.0,3.0,2.0,None,None,None,None,None,None,None,None,-,-,-,-
Accoount 872,0,Standard / Low-Engagement Base,0,Normal,0.0531,-0.2504,2.0,2.0,0.0,0.0,0.0,0.0,2.0,0.0,1.0,2.0,3.0,2.0,Potentially Seasonal,None,Low,Low,Low,Low,Medium,Minimal Change,-,Medium,High,-
Accoount 873,2,Lean High-Margin Accounts,0,Normal,-0.2852,-0.6187,1.0,2.0,0.0,0.0,2.0,0.0,2.0,0.0,1.0,2.0,2.0,2.0,Unknown,None,Low,Low,None,None,None,Minimal Change,Yes,Medium,Medium,-
Accoount 874,0,Standard / Low-Engagement Base,0,Normal,1.0117,0.0513,1.0,2.0,0.0,3.0,2.0,0.0,2.0,0.0,1.0,3.0,3.0,2.0,None,None,None,None,None,None,None,None,Yes,High,High,-
Accoount 875,0,Standard / Low-Engagement Base,0,Normal,1.0117,0.0513,1.0,2.0,0.0,3.0,2.0,0.0,2.0,0.0,1.0,3.0,3.0,2.0,None,None,None,None,None,None,None,None,Yes,High,High,-
Accoount 876,0,Standard / Low-Engagement Base,0,Normal,0.7173,0.3077,3.0,2.0,0.0,3.0,2.0,0.0,2.0,0.0,1.0,3.0,3.0,2.0,Highly Seasonal,None,Low,High,Medium,Low,Medium,Minimal Change,Yes,High,High,Medium
Accoount 877,0,Standard / Low-Engagement Base,0,Normal,0.3561,1.274,2.0,3.0,2.0,3.0,2.0,0.0,2.0,0.0,1.0,3.0,3.0,3.0,Potentially Seasonal,Early Adopter,Medium,High,None,None,None,Minimal Change,Yes,High,High,High
Accoount 878,0,Standard / Low-Engagement Base,0,Normal,0.0478,-0.7089,3.0,0.0,0.0,2.0,2.0,0.0,2.0,0.0,1.0,2.0,3.0,0.0,Highly Seasonal,Late Adopter,Low,Medium,None,None,None,Minimal Change,-,Medium,High,Low
Accoount 879,0,Standard / Low-Engagement Base,0,Normal,1.0117,0.0513,1.0,2.0,0.0,3.0,2.0,0.0,2.0,0.0,1.0,3.0,3.0,2.0,None,None,None,None,None,None,None,None,-,-,-,-
Accoount 880,0,Standard / Low-Engagement Base,0,Normal,1.0117,0.0513,1.0,2.0,0.0,3.0,2.0,0.0,2.0,0.0,1.0,3.0,3.0,2.0,None,None,None,None,None,None,None,None,-,-,-,-
Accoount 881,2,Lean High-Margin Accounts,1,Outlier,-0.1094,-1.2334,0.0,0.0,0.0,0.0,2.0,0.0,2.0,0.0,1.0,2.0,2.0,0.0,Non Seasonal,Late Adopter,Low,Low,None,None,None,Minimal Change,-,Medium,Medium,Low
Accoount 882,2,Lean High-Margin Accounts,0,Normal,-0.6795,-0.19,1.0,2.0,0.0,3.0,2.0,0.0,2.0,0.0,1.0,3.0,0.0,2.0,None,None,None,None,None,None,None,None,Yes,High,Low,-
Accoount 883,0,Standard / Low-Engagement Base,0,Normal,1.0117,0.0513,1.0,2.0,0.0,3.0,2.0,0.0,2.0,0.0,1.0,3.0,3.0,2.0,Unknown,None,Low,High,None,None,None,Minimal Change,Yes,High,High,Medium
Accoount 884,2,Lean High-Margin Accounts,0,Normal,-0.6795,-0.19,1.0,2.0,0.0,3.0,2.0,0.0,2.0,0.0,1.0,3.0,0.0,2.0,Unknown,None,None,None,None,None,None,None,Yes,High,Low,-
Accoount 885,2,Lean High-Margin Accounts,0,Normal,-0.1934,0.9503,2.0,2.0,2.0,3.0,2.0,0.0,2.0,0.0,1.0,3.0,2.0,2.0,Potentially Seasonal,Trend Follower,Medium,High,Medium,Low,Medium,Minimal Change,-,High,Medium,Medium
Accoount 886,0,Standard / Low-Engagement Base,0,Normal,1.0117,0.0513,1.0,2.0,0.0,3.0,2.0,0.0,2.0,0.0,1.0,3.0,3.0,2.0,Unknown,None,None,None,None,None,None,None,Yes,High,High,-
Accoount 887,0,Standard / Low-Engagement Base,0,Normal,1.0117,0.0513,1.0,2.0,0.0,3.0,2.0,0.0,2.0,0.0,1.0,3.0,3.0,2.0,None,None,None,None,None,None,None,None,Yes,High,High,-
Accoount 888,0,Standard / Low-Engagement Base,0,Normal,0.8645,0.1795,2.0,2.0,0.0,3.0,2.0,0.0,2.0,0.0,1.0,3.0,3.0,2.0,Potentially Seasonal,None,Low,High,None,None,None,Minimal Change,Yes,High,High,-
Accoount 889,0,Standard / Low-Engagement Base,0,Normal,1.0117,0.0513,1.0,2.0,0.0,3.0,2.0,0.0,2.0,0.0,1.0,3.0,3.0,2.0,None,None,None,None,None,None,None,None,-,-,-,-
Accoount 890,2,Lean High-Margin Accounts,0,Normal,0.448,-0.0291,1.0,2.0,0.0,3.0,2.0,0.0,2.0,0.0,1.0,3.0,2.0,2.0,Unknown,None,None,None,None,None,None,None,Yes,High,Medium,-
Accoount 891,2,Lean High-Margin Accounts,0,Normal,-0.2325,-0.5294,1.0,2.0,0.0,3.0,2.0,0.0,2.0,0.0,1.0,2.0,2.0,2.0,None,None,None,None,None,None,None,None,-,Medium,Medium,-
Accoount 892,0,Standard / Low-Engagement Base,0,Normal,1.0117,0.0513,1.0,2.0,0.0,3.0,2.0,0.0,2.0,0.0,1.0,3.0,3.0,2.0,Unknown,None,Low,High,None,None,None,Minimal Change,Yes,High,High,Medium
Accoount 893,0,Standard / Low-Engagement Base,0,Normal,1.0117,0.0513,1.0,2.0,0.0,3.0,2.0,0.0,2.0,0.0,1.0,3.0,3.0,2.0,Unknown,None,Low,High,None,None,None,None,Yes,High,High,-
Accoount 894,1,High-Volume Competitive Accounts,0,Normal,-1.564,-1.8823,1.0,2.0,0.0,3.0,2.0,0.0,2.0,0.0,1.0,0.0,2.0,0.0,Unknown,None,Low,High,None,None,None,Minimal Change,-,Low,Medium,Low
Accoount 895,2,Lean High-Margin Accounts,0,Normal,-0.7962,-0.6099,1.0,2.0,0.0,3.0,2.0,0.0,2.0,0.0,1.0,2.0,1.0,2.0,None,None,None,None,None,None,None,None,-,Medium,Unknown,-
Accoount 896,0,Standard / Low-Engagement Base,0,Normal,1.0117,0.0513,1.0,2.0,0.0,3.0,2.0,0.0,2.0,0.0,1.0,3.0,3.0,2.0,None,None,None,None,None,None,None,None,-,-,-,-
Accoount 897,0,Standard / Low-Engagement Base,0,Normal,1.0117,0.0513,1.0,2.0,0.0,3.0,2.0,0.0,2.0,0.0,1.0,3.0,3.0,2.0,None,None,None,None,None,None,None,None,Yes,High,High,-
Accoount 898,0,Standard / Low-Engagement Base,0,Normal,1.0117,0.0513,1.0,2.0,0.0,3.0,2.0,0.0,2.0,0.0,1.0,3.0,3.0,2.0,Unknown,None,Low,High,None,None,None,None,Yes,High,High,-
Accoount 899,2,Lean High-Margin Accounts,0,Normal,-0.2325,-0.5294,1.0,2.0,0.0,3.0,2.0,0.0,2.0,0.0,1.0,2.0,2.0,2.0,None,None,None,None,None,None,None,None,Yes,Medium,Medium,-
Accoount 900,0,Standard / Low-Engagement Base,0,Normal,1.0117,0.0513,1.0,2.0,0.0,3.0,2.0,0.0,2.0,0.0,1.0,3.0,3.0,2.0,None,None,None,None,None,None,None,None,Yes,High,High,-
Accoount 901,0,Standard / Low-Engagement Base,0,Normal,1.0117,0.0513,1.0,2.0,0.0,3.0,2.0,0.0,2.0,0.0,1.0,3.0,3.0,2.0,None,None,None,None,None,None,None,None,Yes,High,High,-
Accoount 902,0,Standard / Low-Engagement Base,0,Normal,1.0117,0.0513,1.0,2.0,0.0,3.0,2.0,0.0,2.0,0.0,1.0,3.0,3.0,2.0,None,None,None,None,None,None,None,None,Yes,High,High,-
Accoount 903,0,Standard / Low-Engagement Base,0,Normal,1.0117,0.0513,1.0,2.0,0.0,3.0,2.0,0.0,2.0,0.0,1.0,3.0,3.0,2.0,None,None,None,None,None,None,None,None,Yes,High,High,-
Accoount 904,0,Standard / Low-Engagement Base,0,Normal,1.0117,0.0513,1.0,2.0,0.0,3.0,2.0,0.0,2.0,0.0,1.0,3.0,3.0,2.0,None,None,None,None,None,None,None,None,Yes,High,High,-
Accoount 905,0,Standard / Low-Engagement Base,0,Normal,1.0117,0.0513,1.0,2.0,0.0,3.0,2.0,0.0,2.0,0.0,1.0,3.0,3.0,2.0,None,None,None,None,None,None,None,None,-,-,-,-
Accoount 906,2,Lean High-Margin Accounts,0,Normal,-0.2325,-0.5294,1.0,2.0,0.0,3.0,2.0,0.0,2.0,0.0,1.0,2.0,2.0,2.0,None,None,None,None,None,None,None,None,-,Medium,Medium,-
Accoount 907,3,High-Growth Potential Early Adopters,0,Normal,0.0351,1.9145,2.0,2.0,0.0,3.0,2.0,2.0,3.0,0.0,1.0,3.0,3.0,3.0,Potentially Seasonal,Trend Follower,Low,High,Medium,Medium,High,Minimal Change,Yes,High,High,High
Accoount 908,0,Standard / Low-Engagement Base,0,Normal,1.0117,0.0513,1.0,2.0,0.0,3.0,2.0,0.0,2.0,0.0,1.0,3.0,3.0,2.0,Unknown,None,None,None,None,None,None,None,Yes,High,High,-
Accoount 909,0,Standard / Low-Engagement Base,0,Normal,0.8645,0.1795,2.0,2.0,0.0,3.0,2.0,0.0,2.0,0.0,1.0,3.0,3.0,2.0,Potentially Seasonal,None,Low,High,Medium,Low,Medium,Minimal Change,Yes,High,High,Medium
Accoount 910,3,High-Growth Potential Early Adopters,0,Normal,-0.1646,2.5094,0.0,2.0,2.0,3.0,2.0,2.0,3.0,0.0,1.0,3.0,3.0,3.0,Non Seasonal,Trend Follower,Medium,High,Medium,Medium,High,Minimal Change,Yes,High,High,High
Accoount 911,3,High-Growth Potential Early Adopters,1,Outlier,-1.367,2.4872,3.0,0.0,0.0,3.0,2.0,3.0,4.0,2.0,1.0,2.0,3.0,3.0,Highly Seasonal,Late Adopter,Low,High,Medium,High,Very High,Encouraging,Yes,Medium,High,High
Accoount 912,1,High-Volume Competitive Accounts,0,Normal,-1.8188,-1.2422,2.0,2.0,0.0,3.0,0.0,0.0,2.0,0.0,1.0,0.0,2.0,2.0,Potentially Seasonal,None,Low,High,Low,Low,Medium,Minimal Change,Yes,Low,Medium,-
Accoount 913,3,High-Growth Potential Early Adopters,0,Normal,-2.1498,2.5916,2.0,3.0,2.0,3.0,2.0,2.0,3.0,0.0,1.0,3.0,0.0,3.0,Potentially Seasonal,Early Adopter,Medium,High,Medium,Medium,High,Minimal Change,-,High,Low,High
Accoount 914,1,High-Volume Competitive Accounts,0,Normal,-1.6715,-1.3704,1.0,2.0,0.0,3.0,0.0,0.0,2.0,0.0,1.0,0.0,2.0,2.0,None,None,None,None,Low,Low,Medium,None,-,Low,Medium,-
Accoount 915,2,Lean High-Margin Accounts,0,Normal,0.6771,-0.7549,2.0,3.0,0.0,3.0,3.0,0.0,0.0,0.0,1.0,3.0,2.0,2.0,Potentially Seasonal,Early Adopter,Low,High,High,Low,Low,Minimal Change,Yes,High,Medium,Medium
Accoount 916,3,High-Growth Potential Early Adopters,1,Outlier,-1.7944,3.18,2.0,0.0,3.0,3.0,3.0,3.0,3.0,3.0,1.0,2.0,3.0,3.0,Potentially Seasonal,Late Adopter,High,High,High,High,High,Concerning,-,Medium,High,High
Accoount 917,2,Lean High-Margin Accounts,0,Normal,0.824,-0.9503,1.0,2.0,0.0,3.0,3.0,0.0,0.0,0.0,1.0,3.0,2.0,2.0,Unknown,None,Low,High,High,Low,Low,Minimal Change,Yes,High,Medium,-
Accoount 918,3,High-Growth Potential Early Adopters,1,Outlier,-2.8885,4.007,2.0,3.0,3.0,3.0,2.0,3.0,4.0,0.0,1.0,3.0,0.0,3.0,Potentially Seasonal,Early Adopter,High,High,Medium,High,Very High,Minimal Change,-,High,Low,High
Accoount 919,0,Standard / Low-Engagement Base,0,Normal,0.7862,0.3392,2.0,2.0,0.0,3.0,0.0,0.0,2.0,0.0,1.0,3.0,3.0,2.0,Potentially Seasonal,None,Low,High,Low,Low,Medium,Minimal Change,-,High,High,-
Accoount 920,0,Standard / Low-Engagement Base,0,Normal,0.9334,0.211,1.0,2.0,0.0,3.0,0.0,0.0,2.0,0.0,1.0,3.0,3.0,2.0,Unknown,None,Low,High,Low,Low,Medium,Minimal Change,Yes,High,High,-
Accoount 921,1,High-Volume Competitive Accounts,0,Normal,-3.1194,0.0094,2.0,1.0,0.0,3.0,2.0,2.0,3.0,0.0,1.0,0.0,1.0,2.0,Potentially Seasonal,Unknown,Low,High,Medium,Medium,High,Minimal Change,-,Low,Unknown,Medium
Accoount 922,2,Lean High-Margin Accounts,0,Normal,-0.2325,-0.5294,1.0,2.0,0.0,3.0,2.0,0.0,2.0,0.0,1.0,2.0,2.0,2.0,Unknown,None,Low,High,Medium,Low,Medium,Minimal Change,-,Medium,Medium,-
Accoount 923,1,High-Volume Competitive Accounts,0,Normal,-3.1186,0.1437,2.0,3.0,0.0,3.0,2.0,2.0,3.0,0.0,1.0,0.0,1.0,2.0,Potentially Seasonal,Early Adopter,Low,High,Medium,Medium,High,Minimal Change,-,Low,Unknown,Medium
Accoount 924,1,High-Volume Competitive Accounts,0,Normal,-1.0296,-1.4496,1.0,2.0,0.0,3.0,2.0,0.0,2.0,0.0,1.0,0.0,3.0,2.0,None,None,None,None,Medium,Low,Medium,None,Yes,Low,High,-
Accoount 925,3,High-Growth Potential Early Adopters,1,Outlier,-2.2799,2.6822,3.0,3.0,0.0,3.0,2.0,3.0,4.0,0.0,1.0,3.0,0.0,2.0,Highly Seasonal,Early Adopter,Low,High,Medium,High,Very High,Minimal Change,Yes,High,Low,Medium
Accoount 926,3,High-Growth Potential Early Adopters,0,Normal,-0.4586,2.8329,2.0,3.0,2.0,3.0,2.0,2.0,3.0,0.0,1.0,3.0,3.0,3.0,Potentially Seasonal,Early Adopter,Medium,High,Medium,Medium,High,Minimal Change,Yes,High,High,High
Accoount 927,0,Standard / Low-Engagement Base,0,Normal,0.3137,-0.4787,1.0,2.0,0.0,2.0,2.0,0.0,2.0,0.0,1.0,2.0,3.0,2.0,Unknown,None,Low,Medium,Medium,Low,Medium,Minimal Change,Yes,Medium,High,-
Accoount 928,0,Standard / Low-Engagement Base,0,Normal,1.0117,0.0513,1.0,2.0,0.0,3.0,2.0,0.0,2.0,0.0,1.0,3.0,3.0,2.0,Unknown,None,None,None,Medium,Low,Medium,None,Yes,High,High,-
Accoount 929,0,Standard / Low-Engagement Base,0,Normal,0.253,-0.2893,1.0,2.0,0.0,3.0,0.0,0.0,2.0,0.0,1.0,2.0,3.0,2.0,Unknown,None,Low,High,Low,Low,Medium,Minimal Change,Yes,Medium,High,Medium
Accoount 930,0,Standard / Low-Engagement Base,0,Normal,0.3313,-0.449,1.0,2.0,0.0,3.0,2.0,0.0,2.0,0.0,1.0,2.0,3.0,2.0,None,None,None,None,None,None,None,None,Yes,Medium,High,-
Accoount 931,3,High-Growth Potential Early Adopters,0,Normal,-3.6127,0.995,2.0,3.0,2.0,3.0,2.0,2.0,3.0,0.0,1.0,0.0,1.0,2.0,Potentially Seasonal,Early Adopter,Medium,High,Medium,Medium,High,Minimal Change,Yes,Low,Unknown,Medium
Accoount 932,3,High-Growth Potential Early Adopters,0,Normal,-0.9032,3.9248,0.0,2.0,3.0,3.0,2.0,3.0,4.0,0.0,1.0,3.0,3.0,3.0,Non Seasonal,Trend Follower,High,High,Medium,High,Very High,Minimal Change,-,High,High,High
Accoount 933,0,Standard / Low-Engagement Base,0,Normal,0.3313,-0.449,1.0,2.0,0.0,3.0,2.0,0.0,2.0,0.0,1.0,2.0,3.0,2.0,None,None,None,None,None,None,None,None,-,Medium,High,-
Accoount 934,2,Lean High-Margin Accounts,0,Normal,-0.3107,-0.3698,1.0,2.0,0.0,3.0,0.0,0.0,2.0,0.0,1.0,2.0,2.0,2.0,None,None,None,None,Low,Low,Medium,None,Yes,Medium,Medium,-
Accoount 935,0,Standard / Low-Engagement Base,0,Normal,1.0117,0.0513,1.0,2.0,0.0,3.0,2.0,0.0,2.0,0.0,1.0,3.0,3.0,2.0,Unknown,None,Low,High,None,None,None,Minimal Change,Yes,High,High,Medium
Accoount 936,2,Lean High-Margin Accounts,0,Normal,-0.2751,1.1068,2.0,3.0,2.0,3.0,2.0,0.0,2.0,2.0,1.0,3.0,2.0,2.0,Potentially Seasonal,Early Adopter,Medium,High,None,None,None,Encouraging,-,High,Medium,Medium
Accoount 937,0,Standard / Low-Engagement Base,0,Normal,1.0117,0.0513,1.0,2.0,0.0,3.0,2.0,0.0,2.0,0.0,1.0,3.0,3.0,2.0,None,None,None,None,None,None,None,None,Yes,High,High,-
Accoount 938,0,Standard / Low-Engagement Base,0,Normal,1.0117,0.0513,1.0,2.0,0.0,3.0,2.0,0.0,2.0,0.0,1.0,3.0,3.0,2.0,Unknown,None,None,None,None,None,None,None,Yes,High,High,-
Accoount 939,0,Standard / Low-Engagement Base,0,Normal,1.0117,0.0513,1.0,2.0,0.0,3.0,2.0,0.0,2.0,0.0,1.0,3.0,3.0,2.0,Unknown,None,None,None,None,None,None,None,Yes,High,High,-
Accoount 940,0,Standard / Low-Engagement Base,0,Normal,0.7862,0.3392,2.0,2.0,0.0,3.0,0.0,0.0,2.0,0.0,1.0,3.0,3.0,2.0,Potentially Seasonal,None,Low,High,Low,Low,Medium,Minimal Change,Yes,High,High,Medium
Accoount 941,0,Standard / Low-Engagement Base,0,Normal,1.0117,0.0513,1.0,2.0,0.0,3.0,2.0,0.0,2.0,0.0,1.0,3.0,3.0,2.0,None,None,None,None,None,None,None,None,Yes,High,High,-
Accoount 942,1,High-Volume Competitive Accounts,0,Normal,-1.5125,-2.3292,3.0,0.0,0.0,3.0,3.0,0.0,0.0,0.0,1.0,0.0,2.0,2.0,Highly Seasonal,Late Adopter,Low,High,High,Low,Low,Minimal Change,-,Low,Medium,Medium
Accoount 943,0,Standard / Low-Engagement Base,0,Normal,0.5593,-1.3763,2.0,0.0,0.0,3.0,3.0,0.0,0.0,0.0,1.0,2.0,3.0,2.0,Potentially Seasonal,Late Adopter,Low,High,High,Low,Low,Minimal Change,-,Medium,High,Medium
Accoount 944,0,Standard / Low-Engagement Base,0,Normal,1.0117,0.0513,1.0,2.0,0.0,3.0,2.0,0.0,2.0,0.0,1.0,3.0,3.0,2.0,None,None,None,None,None,None,None,None,Yes,High,High,-
Accoount 945,0,Standard / Low-Engagement Base,0,Normal,1.0117,0.0513,1.0,2.0,0.0,3.0,2.0,0.0,2.0,0.0,1.0,3.0,3.0,2.0,None,None,None,None,None,None,None,None,Yes,High,High,-
Accoount 946,0,Standard / Low-Engagement Base,0,Normal,1.0117,0.0513,1.0,2.0,0.0,3.0,2.0,0.0,2.0,0.0,1.0,3.0,3.0,2.0,None,None,None,None,None,None,None,None,Yes,High,High,-
Accoount 947,0,Standard / Low-Engagement Base,0,Normal,0.3313,-0.449,1.0,2.0,0.0,3.0,2.0,0.0,2.0,0.0,1.0,2.0,3.0,2.0,None,None,None,None,Medium,Low,Medium,None,-,Medium,High,-
Accoount 948,3,High-Growth Potential Early Adopters,1,Outlier,-2.3331,3.0146,0.0,1.0,2.0,3.0,2.0,3.0,4.0,0.0,1.0,3.0,0.0,2.0,Non Seasonal,Unknown,Medium,High,Medium,High,Very High,Minimal Change,-,High,Low,Medium
Accoount 949,3,High-Growth Potential Early Adopters,0,Normal,-0.4831,1.1771,1.0,3.0,0.0,3.0,2.0,2.0,3.0,0.0,1.0,2.0,3.0,2.0,Unknown,Early Adopter,Low,High,Medium,Medium,High,Minimal Change,-,Medium,High,Medium
Accoount 950,1,High-Volume Competitive Accounts,1,Outlier,-2.9173,-1.8225,2.0,1.0,0.0,3.0,0.0,0.0,2.0,0.0,1.0,0.0,0.0,0.0,Potentially Seasonal,Unknown,Low,High,Low,Low,Medium,Minimal Change,Yes,Low,Low,Low
Accoount 951,1,High-Volume Competitive Accounts,0,Normal,-2.8687,-1.6971,2.0,0.0,0.0,3.0,2.0,0.0,2.0,0.0,1.0,0.0,0.0,2.0,Potentially Seasonal,Late Adopter,Low,High,Medium,Low,Medium,Minimal Change,Yes,Low,Low,Medium
Accoount 952,2,Lean High-Margin Accounts,0,Normal,0.448,-0.0291,1.0,2.0,0.0,3.0,2.0,0.0,2.0,0.0,1.0,3.0,2.0,2.0,Unknown,None,Low,High,Medium,Low,Medium,Minimal Change,Yes,High,Medium,-
Accoount 953,0,Standard / Low-Engagement Base,0,Normal,0.9594,0.0293,1.0,3.0,0.0,0.0,2.0,0.0,2.0,0.0,1.0,3.0,3.0,2.0,Unknown,Early Adopter,Low,Low,None,None,None,Minimal Change,-,-,-,Medium
Accoount 954,1,High-Volume Competitive Accounts,0,Normal,-2.3569,-1.5715,2.0,2.0,0.0,0.0,2.0,0.0,2.0,0.0,1.0,0.0,1.0,2.0,Potentially Seasonal,None,Low,Low,None,None,None,Minimal Change,-,Low,Unknown,-
Accoount 955,0,Standard / Low-Engagement Base,0,Normal,1.0117,0.0513,1.0,2.0,0.0,3.0,2.0,0.0,2.0,0.0,1.0,3.0,3.0,2.0,None,None,None,None,None,None,None,None,Yes,High,High,-
Accoount 956,0,Standard / Low-Engagement Base,0,Normal,0.959,-0.0379,1.0,2.0,0.0,0.0,2.0,0.0,2.0,0.0,1.0,3.0,3.0,2.0,Unknown,None,Low,Low,None,None,None,Minimal Change,-,-,-,Medium
Accoount 957,0,Standard / Low-Engagement Base,0,Normal,1.0117,0.0513,1.0,2.0,0.0,3.0,2.0,0.0,2.0,0.0,1.0,3.0,3.0,2.0,None,None,None,None,None,None,None,None,-,-,-,-
Accoount 958,0,Standard / Low-Engagement Base,0,Normal,1.0117,0.0513,1.0,2.0,0.0,3.0,2.0,0.0,2.0,0.0,1.0,3.0,3.0,2.0,Unknown,None,None,None,None,None,None,None,-,-,-,-
Accoount 959,0,Standard / Low-Engagement Base,0,Normal,1.0117,0.0513,1.0,2.0,0.0,3.0,2.0,0.0,2.0,0.0,1.0,3.0,3.0,2.0,Unknown,None,None,None,None,None,None,None,-,-,-,-
Accoount 960,0,Standard / Low-Engagement Base,0,Normal,1.0117,0.0513,1.0,2.0,0.0,3.0,2.0,0.0,2.0,0.0,1.0,3.0,3.0,2.0,None,None,None,None,None,None,None,None,-,-,-,-
Accoount 961,0,Standard / Low-Engagement Base,0,Normal,1.0117,0.0513,1.0,2.0,0.0,3.0,2.0,0.0,2.0,0.0,1.0,3.0,3.0,2.0,None,None,None,None,None,None,None,None,-,-,-,-
Accoount 962,0,Standard / Low-Engagement Base,0,Normal,1.0117,0.0513,1.0,2.0,0.0,3.0,2.0,0.0,2.0,0.0,1.0,3.0,3.0,2.0,None,None,None,None,None,None,None,None,-,-,-,-
Accoount 963,0,Standard / Low-Engagement Base,0,Normal,1.0117,0.0513,1.0,2.0,0.0,3.0,2.0,0.0,2.0,0.0,1.0,3.0,3.0,2.0,None,None,None,None,None,None,None,None,-,-,-,-
Accoount 964,1,High-Volume Competitive Accounts,0,Normal,-1.0296,-1.4496,1.0,2.0,0.0,3.0,2.0,0.0,2.0,0.0,1.0,0.0,3.0,2.0,None,None,None,None,None,None,None,None,-,Low,High,-
Accoount 965,1,High-Volume Competitive Accounts,0,Normal,-1.0296,-1.4496,1.0,2.0,0.0,3.0,2.0,0.0,2.0,0.0,1.0,0.0,3.0,2.0,None,None,None,None,None,None,None,None,-,Low,High,-
Accoount 966,0,Standard / Low-Engagement Base,0,Normal,0.8649,0.2467,2.0,3.0,0.0,3.0,2.0,0.0,2.0,0.0,1.0,3.0,3.0,2.0,Potentially Seasonal,Early Adopter,None,None,None,None,None,None,-,-,-,Medium
Accoount 967,0,Standard / Low-Engagement Base,0,Normal,1.0117,0.0513,1.0,2.0,0.0,3.0,2.0,0.0,2.0,0.0,1.0,3.0,3.0,2.0,None,None,None,None,None,None,None,None,-,-,-,-
Accoount 968,0,Standard / Low-Engagement Base,0,Normal,1.0117,0.0513,1.0,2.0,0.0,3.0,2.0,0.0,2.0,0.0,1.0,3.0,3.0,2.0,None,None,None,None,None,None,None,None,-,-,-,-
Accoount 969,0,Standard / Low-Engagement Base,0,Normal,1.0117,0.0513,1.0,2.0,0.0,3.0,2.0,0.0,2.0,0.0,1.0,3.0,3.0,2.0,Unknown,None,Low,High,None,None,None,Minimal Change,Yes,High,High,-
Accoount 970,0,Standard / Low-Engagement Base,0,Normal,0.3313,-0.449,1.0,2.0,0.0,3.0,2.0,0.0,2.0,0.0,1.0,2.0,3.0,2.0,None,None,None,None,None,None,None,None,-,Medium,High,-
Accoount 971,2,Lean High-Margin Accounts,0,Normal,0.448,-0.0291,1.0,2.0,0.0,3.0,2.0,0.0,2.0,0.0,1.0,3.0,2.0,2.0,None,None,None,None,None,None,None,None,-,High,Medium,-
Accoount 972,0,Standard / Low-Engagement Base,0,Normal,1.0117,0.0513,1.0,2.0,0.0,3.0,2.0,0.0,2.0,0.0,1.0,3.0,3.0,2.0,None,None,None,None,None,None,None,None,-,-,-,-
Accoount 973,0,Standard / Low-Engagement Base,0,Normal,0.8645,0.1795,2.0,2.0,0.0,3.0,2.0,0.0,2.0,0.0,1.0,3.0,3.0,2.0,Potentially Seasonal,None,Low,High,None,None,None,Minimal Change,Yes,High,High,Medium
Accoount 974,0,Standard / Low-Engagement Base,0,Normal,1.0117,0.0513,1.0,2.0,0.0,3.0,2.0,0.0,2.0,0.0,1.0,3.0,3.0,2.0,Unknown,None,None,None,None,None,None,None,-,-,-,-
Accoount 975,1,High-Volume Competitive Accounts,0,Normal,-2.4514,-1.3541,3.0,2.0,0.0,3.0,2.0,0.0,2.0,0.0,1.0,0.0,1.0,2.0,Highly Seasonal,Trend Follower,None,None,None,None,None,Minimal Change,-,Low,Unknown,-
Accoount 976,0,Standard / Low-Engagement Base,0,Normal,1.0117,0.0513,1.0,2.0,0.0,3.0,2.0,0.0,2.0,0.0,1.0,3.0,3.0,2.0,Unknown,None,None,None,None,None,None,None,Yes,High,High,-
Accoount 977,0,Standard / Low-Engagement Base,0,Normal,1.0117,0.0513,1.0,2.0,0.0,3.0,2.0,0.0,2.0,0.0,1.0,3.0,3.0,2.0,Unknown,None,None,None,None,None,None,None,Yes,High,High,-
Accoount 978,0,Standard / Low-Engagement Base,0,Normal,1.0117,0.0513,1.0,2.0,0.0,3.0,2.0,0.0,2.0,0.0,1.0,3.0,3.0,2.0,Unknown,None,None,None,None,None,None,None,Yes,High,High,-
Accoount 979,0,Standard / Low-Engagement Base,0,Normal,1.0117,0.0513,1.0,2.0,0.0,3.0,2.0,0.0,2.0,0.0,1.0,3.0,3.0,2.0,Unknown,None,None,None,None,None,None,None,Yes,High,High,-
Accoount 980,3,High-Growth Potential Early Adopters,0,Normal,-0.444,2.6568,2.0,3.0,2.0,3.0,2.0,2.0,3.0,0.0,1.0,3.0,3.0,2.0,Potentially Seasonal,Early Adopter,Medium,High,Medium,Medium,High,Minimal Change,-,High,High,Medium
Accoount 981,0,Standard / Low-Engagement Base,0,Normal,1.0117,0.0513,1.0,2.0,0.0,3.0,2.0,0.0,2.0,0.0,1.0,3.0,3.0,2.0,Unknown,None,None,None,None,None,None,None,Yes,High,High,-
Accoount 982,0,Standard / Low-Engagement Base,0,Normal,1.0117,0.0513,1.0,2.0,0.0,3.0,2.0,0.0,2.0,0.0,1.0,3.0,3.0,2.0,Unknown,None,Low,High,None,None,None,Minimal Change,Yes,High,High,-
Accoount 983,0,Standard / Low-Engagement Base,0,Normal,1.0117,0.0513,1.0,2.0,0.0,3.0,2.0,0.0,2.0,0.0,1.0,3.0,3.0,2.0,Unknown,None,Low,High,None,None,None,None,Yes,High,High,-
Accoount 984,0,Standard / Low-Engagement Base,0,Normal,1.0117,0.0513,1.0,2.0,0.0,3.0,2.0,0.0,2.0,0.0,1.0,3.0,3.0,2.0,Unknown,None,Low,High,None,None,None,None,Yes,High,High,-
Accoount 985,0,Standard / Low-Engagement Base,0,Normal,1.0117,0.0513,1.0,2.0,0.0,3.0,2.0,0.0,2.0,0.0,1.0,3.0,3.0,2.0,Unknown,None,Low,High,None,None,None,None,Yes,High,High,-
Accoount 986,2,Lean High-Margin Accounts,0,Normal,-0.2032,-0.8816,1.0,2.0,0.0,3.0,2.0,0.0,2.0,0.0,1.0,2.0,2.0,0.0,Unknown,None,Low,High,None,None,None,Minimal Change,-,Medium,Medium,Low
Accoount 987,0,Standard / Low-Engagement Base,0,Normal,1.0117,0.0513,1.0,2.0,0.0,3.0,2.0,0.0,2.0,0.0,1.0,3.0,3.0,2.0,None,None,None,None,None,None,None,None,Yes,High,High,-
Accoount 988,0,Standard / Low-Engagement Base,0,Normal,1.0117,0.0513,1.0,2.0,0.0,3.0,2.0,0.0,2.0,0.0,1.0,3.0,3.0,2.0,Unknown,None,None,None,None,None,None,None,Yes,High,High,-
Accoount 989,0,Standard / Low-Engagement Base,0,Normal,1.0117,0.0513,1.0,2.0,0.0,3.0,2.0,0.0,2.0,0.0,1.0,3.0,3.0,2.0,Unknown,None,Low,High,None,None,None,Minimal Change,Yes,High,High,Medium
Accoount 990,0,Standard / Low-Engagement Base,0,Normal,1.0117,0.0513,1.0,2.0,0.0,3.0,2.0,0.0,2.0,0.0,1.0,3.0,3.0,2.0,None,None,None,None,None,None,None,None,Yes,High,High,-
Accoount 991,0,Standard / Low-Engagement Base,0,Normal,1.0117,0.0513,1.0,2.0,0.0,3.0,2.0,0.0,2.0,0.0,1.0,3.0,3.0,2.0,None,None,None,None,None,None,None,None,Yes,High,High,-
Accoount 992,0,Standard / Low-Engagement Base,0,Normal,1.0117,0.0513,1.0,2.0,0.0,3.0,2.0,0.0,2.0,0.0,1.0,3.0,3.0,2.0,Unknown,None,Low,High,None,None,None,None,Yes,High,High,-
Accoount 993,0,Standard / Low-Engagement Base,0,Normal,1.0117,0.0513,1.0,2.0,0.0,3.0,2.0,0.0,2.0,0.0,1.0,3.0,3.0,2.0,None,None,None,None,None,None,None,None,Yes,High,High,-
Accoount 994,2,Lean High-Margin Accounts,0,Normal,0.448,-0.0291,1.0,2.0,0.0,3.0,2.0,0.0,2.0,0.0,1.0,3.0,2.0,2.0,Unknown,None,None,None,None,None,None,None,Yes,High,Medium,-
Accoount 995,2,Lean High-Margin Accounts,0,Normal,0.448,-0.0291,1.0,2.0,0.0,3.0,2.0,0.0,2.0,0.0,1.0,3.0,2.0,2.0,None,None,None,None,None,None,None,None,-,High,Medium,-
Accoount 996,0,Standard / Low-Engagement Base,0,Normal,1.0117,0.0513,1.0,2.0,0.0,3.0,2.0,0.0,2.0,0.0,1.0,3.0,3.0,2.0,None,None,None,None,None,None,None,None,Yes,High,High,-
Accoount 997,0,Standard / Low-Engagement Base,0,Normal,1.0117,0.0513,1.0,2.0,0.0,3.0,2.0,0.0,2.0,0.0,1.0,3.0,3.0,2.0,None,None,None,None,None,None,None,None,Yes,High,High,-
Accoount 998,0,Standard / Low-Engagement Base,0,Normal,1.0117,0.0513,1.0,2.0,0.0,3.0,2.0,0.0,2.0,0.0,1.0,3.0,3.0,2.0,None,None,None,None,None,None,None,None,Yes,High,High,-
Accoount 999,0,Standard / Low-Engagement Base,0,Normal,1.0117,0.0513,1.0,2.0,0.0,3.0,2.0,0.0,2.0,0.0,1.0,3.0,3.0,2.0,None,None,None,None,None,None,None,None,Yes,High,High,-
Accoount 1000,2,Lean High-Margin Accounts,0,Normal,-0.7669,-0.9621,1.0,2.0,0.0,3.0,2.0,0.0,2.0,0.0,1.0,2.0,1.0,0.0,None,None,None,None,None,None,None,None,Yes,Medium,Unknown,Low
Accoount 1001,1,High-Volume Competitive Accounts,0,Normal,-2.157,-1.6105,1.0,2.0,0.0,3.0,2.0,0.0,2.0,0.0,1.0,0.0,1.0,2.0,Unknown,None,None,None,None,None,None,None,-,Low,Unknown,-
Accoount 1002,0,Standard / Low-Engagement Base,0,Normal,0.37,0.9636,2.0,1.0,2.0,3.0,2.0,0.0,2.0,0.0,1.0,3.0,3.0,2.0,Potentially Seasonal,Unknown,Medium,High,Medium,Low,Medium,Minimal Change,Yes,High,High,Medium
Accoount 1003,3,High-Growth Potential Early Adopters,0,Normal,-0.4586,2.8329,2.0,3.0,2.0,3.0,2.0,2.0,3.0,0.0,1.0,3.0,3.0,3.0,Potentially Seasonal,Early Adopter,Medium,High,Medium,Medium,High,Minimal Change,Yes,High,High,High
Accoount 1004,3,High-Growth Potential Early Adopters,0,Normal,-0.4586,2.8329,2.0,3.0,2.0,3.0,2.0,2.0,3.0,0.0,1.0,3.0,3.0,3.0,Potentially Seasonal,Early Adopter,Medium,High,Medium,Medium,High,Minimal Change,Yes,High,High,High
Accoount 1005,0,Standard / Low-Engagement Base,0,Normal,0.8641,0.1124,2.0,1.0,0.0,3.0,2.0,0.0,2.0,0.0,1.0,3.0,3.0,2.0,Potentially Seasonal,Unknown,Low,High,None,None,None,Minimal Change,Yes,High,High,Medium
Accoount 1006,3,High-Growth Potential Early Adopters,0,Normal,-0.8609,2.381,1.0,2.0,2.0,3.0,2.0,2.0,3.0,0.0,1.0,3.0,2.0,2.0,Unknown,None,Medium,High,Medium,Medium,High,Minimal Change,-,High,Medium,Medium
Accoount 1007,2,Lean High-Margin Accounts,0,Normal,-0.0033,-1.2553,2.0,3.0,0.0,3.0,3.0,0.0,0.0,0.0,1.0,2.0,2.0,2.0,Potentially Seasonal,Early Adopter,Low,High,High,Low,Low,Minimal Change,-,Medium,Medium,Medium
Accoount 1008,3,High-Growth Potential Early Adopters,0,Normal,-0.3668,1.5298,1.0,2.0,0.0,3.0,2.0,2.0,3.0,0.0,1.0,3.0,2.0,2.0,Unknown,None,Low,High,Medium,Medium,High,Minimal Change,-,High,Medium,-
Accoount 1009,0,Standard / Low-Engagement Base,0,Normal,0.0372,-0.1254,3.0,3.0,0.0,3.0,2.0,0.0,2.0,0.0,1.0,2.0,3.0,2.0,Highly Seasonal,Early Adopter,Low,High,Medium,Low,Medium,Minimal Change,Yes,Medium,High,Medium
Accoount 1010,0,Standard / Low-Engagement Base,0,Normal,0.8645,0.1795,2.0,2.0,0.0,3.0,2.0,0.0,2.0,0.0,1.0,3.0,3.0,2.0,Potentially Seasonal,None,Low,High,Medium,Low,Medium,Minimal Change,Yes,High,High,Medium
Accoount 1011,3,High-Growth Potential Early Adopters,0,Normal,-1.4942,1.3689,1.0,2.0,0.0,3.0,2.0,2.0,3.0,0.0,1.0,3.0,0.0,2.0,Unknown,None,Low,High,Medium,Medium,High,Minimal Change,Yes,High,Low,Medium
Accoount 1012,1,High-Volume Competitive Accounts,0,Normal,-2.2353,-1.4509,1.0,2.0,0.0,3.0,0.0,0.0,2.0,0.0,1.0,0.0,1.0,2.0,Unknown,None,None,None,Low,Low,Medium,None,-,Low,Unknown,-
Accoount 1013,1,High-Volume Competitive Accounts,0,Normal,-1.0296,-1.4496,1.0,2.0,0.0,3.0,2.0,0.0,2.0,0.0,1.0,0.0,3.0,2.0,Unknown,None,Low,High,Medium,Low,Medium,Minimal Change,Yes,Low,High,Medium
Accoount 1014,3,High-Growth Potential Early Adopters,0,Normal,-0.6608,1.8533,3.0,3.0,0.0,3.0,2.0,2.0,3.0,0.0,1.0,3.0,2.0,2.0,Highly Seasonal,Early Adopter,Low,High,Medium,Medium,High,Minimal Change,Yes,High,Medium,Medium
Accoount 1015,3,High-Growth Potential Early Adopters,0,Normal,-2.1498,2.5916,2.0,3.0,2.0,3.0,2.0,2.0,3.0,0.0,1.0,3.0,0.0,3.0,Potentially Seasonal,Early Adopter,Medium,High,Medium,Medium,High,Minimal Change,Yes,High,Low,High
Accoount 1016,3,High-Growth Potential Early Adopters,0,Normal,-1.7585,1.0101,2.0,1.0,0.0,3.0,2.0,2.0,3.0,0.0,1.0,2.0,1.0,2.0,Potentially Seasonal,Unknown,Low,High,Medium,Medium,High,Minimal Change,Yes,Medium,Unknown,Medium
Accoount 1017,3,High-Growth Potential Early Adopters,0,Normal,-3.6131,0.9278,2.0,2.0,2.0,3.0,2.0,2.0,3.0,0.0,1.0,0.0,1.0,2.0,Potentially Seasonal,Trend Follower,Medium,High,Medium,Medium,High,Minimal Change,Yes,Low,Unknown,Medium
Accoount 1018,0,Standard / Low-Engagement Base,0,Normal,0.3434,1.3477,0.0,0.0,0.0,3.0,2.0,2.0,3.0,0.0,1.0,3.0,3.0,2.0,Non Seasonal,Late Adopter,Low,High,Medium,Medium,High,Minimal Change,-,High,High,Medium
Accoount 1019,1,High-Volume Competitive Accounts,0,Normal,-1.9915,0.2374,2.0,2.0,0.0,3.0,2.0,2.0,3.0,0.0,1.0,0.0,3.0,2.0,Potentially Seasonal,None,Low,High,Medium,Medium,High,Minimal Change,-,Low,High,Medium
Accoount 1020,1,High-Volume Competitive Accounts,0,Normal,-3.2152,-0.9069,1.0,1.0,2.0,3.0,2.0,0.0,2.0,0.0,1.0,0.0,0.0,2.0,Unknown,Unknown,Medium,High,Medium,Low,Medium,Minimal Change,Yes,Low,Low,Medium
Accoount 1021,3,High-Growth Potential Early Adopters,0,Normal,-3.6127,0.995,2.0,3.0,2.0,3.0,2.0,2.0,3.0,0.0,1.0,0.0,1.0,2.0,Potentially Seasonal,Early Adopter,Medium,High,Medium,Medium,High,Minimal Change,-,Low,Unknown,Medium
Accoount 1022,1,High-Volume Competitive Accounts,0,Normal,-2.1574,-1.6777,1.0,1.0,0.0,3.0,2.0,0.0,2.0,0.0,1.0,0.0,1.0,2.0,Unknown,Unknown,Low,High,Medium,Low,Medium,Minimal Change,-,Low,Unknown,Medium
Accoount 1023,0,Standard / Low-Engagement Base,0,Normal,0.3313,-0.449,1.0,2.0,0.0,3.0,2.0,0.0,2.0,0.0,1.0,2.0,3.0,2.0,None,None,None,None,None,None,None,None,-,Medium,High,-
Accoount 1024,2,Lean High-Margin Accounts,0,Normal,-0.5273,-0.3402,3.0,1.0,0.0,3.0,2.0,0.0,2.0,0.0,1.0,2.0,2.0,2.0,Highly Seasonal,Unknown,Low,High,Medium,Low,Medium,Minimal Change,-,Medium,Medium,Medium
Accoount 1025,0,Standard / Low-Engagement Base,0,Normal,-0.0299,0.5173,0.0,3.0,2.0,3.0,2.0,0.0,2.0,0.0,1.0,2.0,3.0,3.0,Non Seasonal,Early Adopter,Medium,High,None,None,None,Minimal Change,-,Medium,High,High
Accoount 1026,3,High-Growth Potential Early Adopters,0,Normal,-1.631,3.2552,2.0,2.0,2.0,3.0,2.0,3.0,4.0,0.0,1.0,2.0,3.0,3.0,Potentially Seasonal,None,Medium,High,Medium,High,Very High,Minimal Change,Yes,Medium,High,High
Accoount 1027,3,High-Growth Potential Early Adopters,0,Normal,-1.0902,2.5985,2.0,2.0,2.0,3.0,2.0,2.0,3.0,2.0,1.0,3.0,2.0,2.0,Potentially Seasonal,Trend Follower,Medium,High,Medium,Medium,High,Encouraging,Yes,High,Medium,Medium
Accoount 1028,3,High-Growth Potential Early Adopters,0,Normal,-2.2493,2.1342,2.0,3.0,0.0,3.0,2.0,3.0,4.0,0.0,1.0,2.0,1.0,2.0,Potentially Seasonal,Early Adopter,Low,High,Medium,High,Very High,Minimal Change,Yes,Medium,Unknown,Medium
Accoount 1029,2,Lean High-Margin Accounts,0,Normal,-0.0209,-1.285,2.0,3.0,0.0,2.0,3.0,0.0,0.0,0.0,1.0,2.0,2.0,2.0,Potentially Seasonal,Early Adopter,Low,Medium,High,Low,Low,Minimal Change,-,Medium,Medium,Medium
Accoount 1030,2,Lean High-Margin Accounts,0,Normal,-0.7966,-0.677,1.0,1.0,0.0,3.0,2.0,0.0,2.0,0.0,1.0,2.0,1.0,2.0,Unknown,Unknown,None,None,None,None,None,Minimal Change,-,Medium,Unknown,Medium
Accoount 1031,3,High-Growth Potential Early Adopters,0,Normal,-1.616,3.1463,2.0,3.0,2.0,3.0,2.0,3.0,4.0,0.0,1.0,2.0,3.0,2.0,Potentially Seasonal,Early Adopter,Medium,High,Medium,High,Very High,Minimal Change,Yes,Medium,High,Medium
Accoount 1032,0,Standard / Low-Engagement Base,0,Normal,0.3313,-0.449,1.0,2.0,0.0,3.0,2.0,0.0,2.0,0.0,1.0,2.0,3.0,2.0,None,None,None,None,None,None,None,None,-,Medium,High,-
Accoount 1033,0,Standard / Low-Engagement Base,0,Normal,1.3877,-0.8699,1.0,2.0,0.0,3.0,3.0,0.0,0.0,0.0,1.0,3.0,3.0,2.0,Unknown,None,None,None,High,Low,Low,None,Yes,High,High,Medium
Accoount 1034,0,Standard / Low-Engagement Base,0,Normal,0.9334,0.211,1.0,2.0,0.0,3.0,0.0,0.0,2.0,0.0,1.0,3.0,3.0,2.0,Unknown,None,None,None,Low,Low,Medium,None,Yes,High,High,Medium
Accoount 1035,0,Standard / Low-Engagement Base,0,Normal,1.0117,0.0513,1.0,2.0,0.0,3.0,2.0,0.0,2.0,0.0,1.0,3.0,3.0,2.0,Unknown,None,Low,High,Medium,Low,Medium,Minimal Change,Yes,High,High,Medium
Accoount 1036,1,High-Volume Competitive Accounts,0,Normal,-2.799,-1.5313,1.0,2.0,0.0,3.0,0.0,0.0,2.0,0.0,1.0,0.0,0.0,2.0,Unknown,None,None,None,Low,Low,Medium,None,-,Low,Low,-
Accoount 1037,0,Standard / Low-Engagement Base,0,Normal,1.0117,0.0513,1.0,2.0,0.0,3.0,2.0,0.0,2.0,0.0,1.0,3.0,3.0,2.0,Unknown,None,Low,High,None,None,None,Minimal Change,Yes,High,High,-
Accoount 1038,1,High-Volume Competitive Accounts,0,Normal,-1.9915,0.2374,2.0,2.0,0.0,3.0,2.0,2.0,3.0,0.0,1.0,0.0,3.0,2.0,Potentially Seasonal,None,Low,High,Medium,Medium,High,Minimal Change,-,Low,High,Medium
Accoount 1039,0,Standard / Low-Engagement Base,0,Normal,1.0117,0.0513,1.0,2.0,0.0,3.0,2.0,0.0,2.0,0.0,1.0,3.0,3.0,2.0,Unknown,None,None,None,None,None,None,None,Yes,High,High,-
Accoount 1040,0,Standard / Low-Engagement Base,0,Normal,1.0117,0.0513,1.0,2.0,0.0,3.0,2.0,0.0,2.0,0.0,1.0,3.0,3.0,2.0,None,None,None,None,None,None,None,None,Yes,High,High,-
Accoount 1041,2,Lean High-Margin Accounts,0,Normal,0.0084,-1.6372,2.0,3.0,0.0,2.0,3.0,0.0,0.0,0.0,1.0,2.0,2.0,0.0,Potentially Seasonal,Early Adopter,Low,Medium,High,Low,Low,Minimal Change,Yes,Medium,Medium,Low
Accoount 1042,0,Standard / Low-Engagement Base,0,Normal,1.0117,0.0513,1.0,2.0,0.0,3.0,2.0,0.0,2.0,0.0,1.0,3.0,3.0,2.0,None,None,None,None,None,None,None,None,Yes,High,High,-
Accoount 1043,0,Standard / Low-Engagement Base,0,Normal,1.0117,0.0513,1.0,2.0,0.0,3.0,2.0,0.0,2.0,0.0,1.0,3.0,3.0,2.0,None,None,None,None,None,None,None,None,Yes,High,High,-
Accoount 1044,1,High-Volume Competitive Accounts,0,Normal,-2.3042,-1.4823,2.0,2.0,0.0,3.0,2.0,0.0,2.0,0.0,1.0,0.0,1.0,2.0,Potentially Seasonal,None,Low,High,Medium,Low,Medium,Minimal Change,-,Low,Unknown,Medium
Accoount 1045,0,Standard / Low-Engagement Base,0,Normal,1.0117,0.0513,1.0,2.0,0.0,3.0,2.0,0.0,2.0,0.0,1.0,3.0,3.0,2.0,Unknown,None,Low,High,None,None,None,Minimal Change,Yes,High,High,-
Accoount 1046,1,High-Volume Competitive Accounts,0,Normal,-1.5933,-1.5301,1.0,2.0,0.0,3.0,2.0,0.0,2.0,0.0,1.0,0.0,2.0,2.0,None,None,None,None,None,None,None,None,Yes,Low,Medium,-
Accoount 1047,1,High-Volume Competitive Accounts,0,Normal,-3.2658,0.2719,3.0,3.0,0.0,3.0,2.0,2.0,3.0,0.0,1.0,0.0,1.0,2.0,Highly Seasonal,Early Adopter,Low,High,Medium,Medium,High,Minimal Change,Yes,Low,Unknown,Medium
Accoount 1048,0,Standard / Low-Engagement Base,0,Normal,0.3313,-0.449,1.0,2.0,0.0,3.0,2.0,0.0,2.0,0.0,1.0,2.0,3.0,2.0,Unknown,None,Low,High,Medium,Low,Medium,Minimal Change,-,Medium,High,-
Accoount 1049,2,Lean High-Margin Accounts,0,Normal,0.5948,-0.2244,0.0,1.0,0.0,3.0,2.0,0.0,2.0,0.0,1.0,3.0,2.0,2.0,Non Seasonal,Unknown,Low,High,Medium,Low,Medium,Minimal Change,Yes,High,Medium,Medium
Accoount 1050,3,High-Growth Potential Early Adopters,0,Normal,-2.4338,3.0809,2.0,3.0,2.0,3.0,3.0,3.0,3.0,0.0,1.0,3.0,0.0,3.0,Potentially Seasonal,Early Adopter,Medium,High,High,High,High,Minimal Change,Yes,High,Low,High
Accoount 1051,3,High-Growth Potential Early Adopters,0,Normal,-0.3668,1.5298,1.0,2.0,0.0,3.0,2.0,2.0,3.0,0.0,1.0,3.0,2.0,2.0,Unknown,None,Low,High,Medium,Medium,High,Minimal Change,Yes,High,Medium,Medium
Accoount 1052,0,Standard / Low-Engagement Base,0,Normal,1.0117,0.0513,1.0,2.0,0.0,3.0,2.0,0.0,2.0,0.0,1.0,3.0,3.0,2.0,None,None,None,None,None,None,None,None,Yes,High,High,-
Accoount 1053,2,Lean High-Margin Accounts,0,Normal,-0.2325,-0.5294,1.0,2.0,0.0,3.0,2.0,0.0,2.0,0.0,1.0,2.0,2.0,2.0,None,None,None,None,None,None,None,None,-,Medium,Medium,-
Accoount 1054,0,Standard / Low-Engagement Base,0,Normal,1.0117,0.0513,1.0,2.0,0.0,3.0,2.0,0.0,2.0,0.0,1.0,3.0,3.0,2.0,None,None,None,None,None,None,None,None,-,-,-,-
Accoount 1055,0,Standard / Low-Engagement Base,0,Normal,1.0117,0.0513,1.0,2.0,0.0,3.0,2.0,0.0,2.0,0.0,1.0,3.0,3.0,2.0,None,None,None,None,None,None,None,None,-,-,-,-
Accoount 1056,0,Standard / Low-Engagement Base,0,Normal,1.0117,0.0513,1.0,2.0,0.0,3.0,2.0,0.0,2.0,0.0,1.0,3.0,3.0,2.0,None,None,None,None,None,None,None,None,-,-,-,-
Accoount 1057,0,Standard / Low-Engagement Base,0,Normal,1.0117,0.0513,1.0,2.0,0.0,3.0,2.0,0.0,2.0,0.0,1.0,3.0,3.0,2.0,None,None,None,None,None,None,None,None,-,-,-,-
Accoount 1058,2,Lean High-Margin Accounts,0,Normal,-0.6795,-0.19,1.0,2.0,0.0,3.0,2.0,0.0,2.0,0.0,1.0,3.0,0.0,2.0,None,None,None,None,None,None,None,None,-,High,Low,-
Accoount 1059,0,Standard / Low-Engagement Base,0,Normal,1.0117,0.0513,1.0,2.0,0.0,3.0,2.0,0.0,2.0,0.0,1.0,3.0,3.0,2.0,None,None,None,None,None,None,None,None,-,-,-,-
Accoount 1060,0,Standard / Low-Engagement Base,0,Normal,1.0117,0.0513,1.0,2.0,0.0,3.0,2.0,0.0,2.0,0.0,1.0,3.0,3.0,2.0,None,None,None,None,None,None,None,None,-,-,-,-
Accoount 1061,0,Standard / Low-Engagement Base,0,Normal,1.0117,0.0513,1.0,2.0,0.0,3.0,2.0,0.0,2.0,0.0,1.0,3.0,3.0,2.0,None,None,None,None,None,None,None,None,-,-,-,-
Accoount 1062,0,Standard / Low-Engagement Base,0,Normal,1.0117,0.0513,1.0,2.0,0.0,3.0,2.0,0.0,2.0,0.0,1.0,3.0,3.0,2.0,None,None,None,None,None,None,None,None,-,-,-,-
Accoount 1063,0,Standard / Low-Engagement Base,0,Normal,1.0117,0.0513,1.0,2.0,0.0,3.0,2.0,0.0,2.0,0.0,1.0,3.0,3.0,2.0,None,None,None,None,None,None,None,None,-,-,-,-
Accoount 1064,0,Standard / Low-Engagement Base,0,Normal,1.0117,0.0513,1.0,2.0,0.0,3.0,2.0,0.0,2.0,0.0,1.0,3.0,3.0,2.0,None,None,None,None,None,None,None,None,Yes,High,High,-
Accoount 1065,0,Standard / Low-Engagement Base,0,Normal,0.8549,-1.4312,0.0,3.0,0.0,3.0,3.0,0.0,0.0,0.0,1.0,2.0,3.0,2.0,Non Seasonal,Early Adopter,Low,High,High,Low,Low,Minimal Change,Yes,Medium,High,Medium
Accoount 1066,0,Standard / Low-Engagement Base,0,Normal,0.3313,-0.449,1.0,2.0,0.0,3.0,2.0,0.0,2.0,0.0,1.0,2.0,3.0,2.0,Unknown,None,Low,High,None,None,None,Minimal Change,Yes,Medium,High,-
Accoount 1067,2,Lean High-Margin Accounts,0,Normal,0.3008,0.0991,2.0,2.0,0.0,3.0,2.0,0.0,2.0,0.0,1.0,3.0,2.0,2.0,Potentially Seasonal,None,Low,High,Medium,Low,Medium,Minimal Change,Yes,High,Medium,-
Accoount 1068,3,High-Growth Potential Early Adopters,0,Normal,-1.0999,2.2528,2.0,3.0,2.0,3.0,3.0,2.0,3.0,0.0,1.0,2.0,3.0,3.0,Potentially Seasonal,Early Adopter,Medium,High,High,Medium,High,Minimal Change,-,Medium,High,High
Accoount 1069,0,Standard / Low-Engagement Base,0,Normal,1.0117,0.0513,1.0,2.0,0.0,3.0,2.0,0.0,2.0,0.0,1.0,3.0,3.0,2.0,Unknown,None,None,None,None,None,None,None,Yes,High,High,-
Accoount 1070,1,High-Volume Competitive Accounts,0,Normal,-1.1768,-1.3214,2.0,2.0,0.0,3.0,2.0,0.0,2.0,0.0,1.0,0.0,3.0,2.0,Potentially Seasonal,None,None,None,None,None,None,Minimal Change,-,Low,High,-
Accoount 1071,0,Standard / Low-Engagement Base,0,Normal,1.0117,0.0513,1.0,2.0,0.0,3.0,2.0,0.0,2.0,0.0,1.0,3.0,3.0,2.0,None,None,None,None,None,None,None,None,-,-,-,-
Accoount 1072,0,Standard / Low-Engagement Base,0,Normal,1.0117,0.0513,1.0,2.0,0.0,3.0,2.0,0.0,2.0,0.0,1.0,3.0,3.0,2.0,None,None,None,None,None,None,None,None,-,-,-,-
Accoount 1073,3,High-Growth Potential Early Adopters,1,Outlier,-2.0782,1.0125,3.0,0.0,0.0,3.0,0.0,2.0,3.0,3.0,1.0,2.0,1.0,0.0,Highly Seasonal,Late Adopter,None,None,Low,Medium,High,Concerning,Yes,Medium,Unknown,Low
Accoount 1074,1,High-Volume Competitive Accounts,0,Normal,-2.157,-1.6105,1.0,2.0,0.0,3.0,2.0,0.0,2.0,0.0,1.0,0.0,1.0,2.0,None,None,None,None,None,None,None,None,-,Low,Unknown,-
Accoount 1075,1,High-Volume Competitive Accounts,0,Normal,-3.0159,-1.5689,3.0,0.0,0.0,3.0,2.0,0.0,2.0,0.0,1.0,0.0,0.0,2.0,Highly Seasonal,Late Adopter,None,None,None,None,None,Minimal Change,-,Low,Low,-
Accoount 1076,0,Standard / Low-Engagement Base,0,Normal,0.3313,-0.449,1.0,2.0,0.0,3.0,2.0,0.0,2.0,0.0,1.0,2.0,3.0,2.0,None,None,None,None,None,None,None,None,-,Medium,High,-
Accoount 1077,0,Standard / Low-Engagement Base,0,Normal,1.0117,0.0513,1.0,2.0,0.0,3.0,2.0,0.0,2.0,0.0,1.0,3.0,3.0,2.0,None,None,None,None,None,None,None,None,-,-,-,-
Accoount 1078,2,Lean High-Margin Accounts,0,Normal,0.3004,0.0319,2.0,1.0,0.0,3.0,2.0,0.0,2.0,0.0,1.0,3.0,2.0,2.0,Potentially Seasonal,Unknown,Low,High,Medium,Low,Medium,None,Yes,High,Medium,Medium
Accoount 1079,0,Standard / Low-Engagement Base,0,Normal,0.8641,0.1124,2.0,1.0,0.0,3.0,2.0,0.0,2.0,0.0,1.0,3.0,3.0,2.0,Potentially Seasonal,Unknown,Low,High,None,None,None,Minimal Change,Yes,High,High,-
Accoount 1080,2,Lean High-Margin Accounts,0,Normal,0.448,-0.0291,1.0,2.0,0.0,3.0,2.0,0.0,2.0,0.0,1.0,3.0,2.0,2.0,Unknown,None,None,None,None,None,None,None,Yes,High,Medium,-
Accoount 1081,0,Standard / Low-Engagement Base,0,Normal,1.0117,0.0513,1.0,2.0,0.0,3.0,2.0,0.0,2.0,0.0,1.0,3.0,3.0,2.0,Unknown,None,Low,High,None,None,None,None,Yes,High,High,-
Accoount 1082,0,Standard / Low-Engagement Base,0,Normal,1.0117,0.0513,1.0,2.0,0.0,3.0,2.0,0.0,2.0,0.0,1.0,3.0,3.0,2.0,Unknown,None,Low,High,None,None,None,None,Yes,High,High,-
Accoount 1083,0,Standard / Low-Engagement Base,0,Normal,1.0117,0.0513,1.0,2.0,0.0,3.0,2.0,0.0,2.0,0.0,1.0,3.0,3.0,2.0,Unknown,None,Low,High,None,None,None,None,Yes,High,High,-
Accoount 1084,0,Standard / Low-Engagement Base,0,Normal,1.0117,0.0513,1.0,2.0,0.0,3.0,2.0,0.0,2.0,0.0,1.0,3.0,3.0,2.0,Unknown,None,None,None,None,None,None,None,Yes,High,High,-
Accoount 1085,0,Standard / Low-Engagement Base,0,Normal,1.0117,0.0513,1.0,2.0,0.0,3.0,2.0,0.0,2.0,0.0,1.0,3.0,3.0,2.0,Unknown,None,Low,High,None,None,None,Minimal Change,-,High,High,Medium
Accoount 1086,0,Standard / Low-Engagement Base,0,Normal,0.959,-0.0379,1.0,2.0,0.0,0.0,2.0,0.0,2.0,0.0,1.0,3.0,3.0,2.0,Unknown,None,Low,Low,None,None,None,None,Yes,High,High,-
Accoount 1087,2,Lean High-Margin Accounts,0,Normal,0.448,-0.0291,1.0,2.0,0.0,3.0,2.0,0.0,2.0,0.0,1.0,3.0,2.0,2.0,Unknown,None,None,None,None,None,None,None,-,High,Medium,-
Accoount 1088,2,Lean High-Margin Accounts,0,Normal,-0.6795,-0.19,1.0,2.0,0.0,3.0,2.0,0.0,2.0,0.0,1.0,3.0,0.0,2.0,Unknown,None,None,None,None,None,None,None,Yes,High,Low,-
Accoount 1089,0,Standard / Low-Engagement Base,0,Normal,1.0117,0.0513,1.0,2.0,0.0,3.0,2.0,0.0,2.0,0.0,1.0,3.0,3.0,2.0,Unknown,None,None,None,None,None,None,None,Yes,High,High,-
Accoount 1090,0,Standard / Low-Engagement Base,0,Normal,1.0117,0.0513,1.0,2.0,0.0,3.0,2.0,0.0,2.0,0.0,1.0,3.0,3.0,2.0,None,None,None,None,None,None,None,None,Yes,High,High,-
Accoount 1091,0,Standard / Low-Engagement Base,0,Normal,1.0117,0.0513,1.0,2.0,0.0,3.0,2.0,0.0,2.0,0.0,1.0,3.0,3.0,2.0,None,None,None,None,None,None,None,None,Yes,High,High,-
Accoount 1092,2,Lean High-Margin Accounts,0,Normal,0.448,-0.0291,1.0,2.0,0.0,3.0,2.0,0.0,2.0,0.0,1.0,3.0,2.0,2.0,Unknown,None,None,None,None,None,None,None,Yes,High,Medium,-
Accoount 1093,0,Standard / Low-Engagement Base,0,Normal,1.0117,0.0513,1.0,2.0,0.0,3.0,2.0,0.0,2.0,0.0,1.0,3.0,3.0,2.0,None,None,None,None,None,None,None,None,-,-,-,-
Accoount 1094,1,High-Volume Competitive Accounts,0,Normal,-1.5933,-1.5301,1.0,2.0,0.0,3.0,2.0,0.0,2.0,0.0,1.0,0.0,2.0,2.0,None,None,None,None,None,None,None,None,Yes,Low,Medium,-
Accoount 1095,0,Standard / Low-Engagement Base,0,Normal,1.0117,0.0513,1.0,2.0,0.0,3.0,2.0,0.0,2.0,0.0,1.0,3.0,3.0,2.0,None,None,None,None,None,None,None,None,Yes,High,High,-
Accoount 1096,0,Standard / Low-Engagement Base,0,Normal,1.0117,0.0513,1.0,2.0,0.0,3.0,2.0,0.0,2.0,0.0,1.0,3.0,3.0,2.0,None,None,None,None,None,None,None,None,Yes,High,High,-
Accoount 1097,0,Standard / Low-Engagement Base,0,Normal,1.0117,0.0513,1.0,2.0,0.0,3.0,2.0,0.0,2.0,0.0,1.0,3.0,3.0,2.0,None,None,None,None,None,None,None,None,Yes,High,High,-
Accoount 1098,0,Standard / Low-Engagement Base,0,Normal,1.0117,0.0513,1.0,2.0,0.0,3.0,2.0,0.0,2.0,0.0,1.0,3.0,3.0,2.0,Unknown,None,None,None,None,None,None,None,Yes,High,High,Medium
Accoount 1099,3,High-Growth Potential Early Adopters,0,Normal,-1.0975,3.9509,3.0,3.0,2.0,3.0,2.0,3.0,4.0,0.0,1.0,3.0,3.0,3.0,Highly Seasonal,Early Adopter,Medium,High,Medium,High,Very High,Minimal Change,Yes,High,High,High
Accoount 1100,3,High-Growth Potential Early Adopters,1,Outlier,-2.5515,1.1471,3.0,1.0,0.0,3.0,2.0,2.0,3.0,2.0,1.0,2.0,0.0,2.0,Highly Seasonal,Unknown,Low,High,Medium,Medium,High,Encouraging,-,Medium,Low,Medium
Accoount 1101,3,High-Growth Potential Early Adopters,0,Normal,-3.4268,0.7198,1.0,2.0,2.0,3.0,3.0,2.0,3.0,0.0,1.0,0.0,1.0,2.0,Unknown,Trend Follower,Medium,High,High,Medium,High,Minimal Change,Yes,Low,Unknown,Medium
Accoount 1102,3,High-Growth Potential Early Adopters,0,Normal,0.049,1.6041,2.0,0.0,0.0,3.0,2.0,2.0,3.0,0.0,1.0,3.0,3.0,2.0,Potentially Seasonal,Late Adopter,Low,High,Medium,Medium,High,Minimal Change,-,High,High,Medium
Accoount 1103,2,Lean High-Margin Accounts,0,Normal,-0.3797,-0.4012,2.0,2.0,0.0,3.0,2.0,0.0,2.0,0.0,1.0,2.0,2.0,2.0,Potentially Seasonal,None,Low,High,Medium,Low,Medium,Minimal Change,Yes,Medium,Medium,Medium
Accoount 1104,3,High-Growth Potential Early Adopters,1,Outlier,-2.9689,3.2732,3.0,3.0,2.0,3.0,0.0,3.0,4.0,0.0,1.0,2.0,1.0,2.0,Highly Seasonal,Early Adopter,Medium,High,Low,High,Very High,Minimal Change,Yes,Medium,Unknown,Medium
Accoount 1105,2,Lean High-Margin Accounts,0,Normal,-0.3793,-0.3341,2.0,3.0,0.0,3.0,2.0,0.0,2.0,0.0,1.0,2.0,2.0,2.0,Potentially Seasonal,Early Adopter,Low,High,Medium,Low,Medium,Minimal Change,-,Medium,Medium,Medium
Accoount 1106,1,High-Volume Competitive Accounts,0,Normal,-2.157,-1.6105,1.0,2.0,0.0,3.0,2.0,0.0,2.0,0.0,1.0,0.0,1.0,2.0,Unknown,None,Low,High,Medium,Low,Medium,Minimal Change,-,Low,Unknown,-
Accoount 1107,3,High-Growth Potential Early Adopters,0,Normal,-0.9032,3.9248,0.0,2.0,3.0,3.0,2.0,3.0,4.0,0.0,1.0,3.0,3.0,3.0,Non Seasonal,Trend Follower,High,High,Medium,High,Very High,Minimal Change,Yes,High,High,High
Accoount 1108,3,High-Growth Potential Early Adopters,0,Normal,-0.4745,1.6453,2.0,3.0,0.0,3.0,3.0,2.0,3.0,0.0,1.0,3.0,2.0,2.0,Potentially Seasonal,Early Adopter,Low,High,High,Medium,High,Minimal Change,Yes,High,Medium,Medium
Accoount 1109,2,Lean High-Margin Accounts,0,Normal,-0.9434,-0.4817,2.0,2.0,0.0,3.0,2.0,0.0,2.0,0.0,1.0,2.0,1.0,2.0,Potentially Seasonal,None,Low,High,Medium,Low,Medium,Minimal Change,-,Medium,Unknown,Medium
Accoount 1110,1,High-Volume Competitive Accounts,0,Normal,-2.0754,-2.2753,3.0,2.0,0.0,3.0,3.0,0.0,0.0,0.0,1.0,0.0,1.0,2.0,Highly Seasonal,Trend Follower,Low,High,High,Low,Low,Minimal Change,-,Low,Unknown,Medium
Accoount 1111,3,High-Growth Potential Early Adopters,1,Outlier,-0.6953,3.4914,0.0,3.0,3.0,3.0,3.0,3.0,3.0,0.0,1.0,3.0,3.0,3.0,Non Seasonal,Early Adopter,High,High,High,High,High,Minimal Change,Yes,High,High,High
Accoount 1112,1,High-Volume Competitive Accounts,0,Normal,-1.1764,-1.2543,2.0,3.0,0.0,3.0,2.0,0.0,2.0,0.0,1.0,0.0,3.0,2.0,Potentially Seasonal,Early Adopter,Low,High,Medium,Low,Medium,Minimal Change,Yes,Low,High,Medium
Accoount 1113,3,High-Growth Potential Early Adopters,0,Normal,-3.7098,1.1932,2.0,2.0,2.0,3.0,2.0,2.0,3.0,2.0,1.0,0.0,1.0,3.0,Potentially Seasonal,Trend Follower,Medium,High,Medium,Medium,High,Encouraging,Yes,Low,Unknown,High
Accoount 1114,3,High-Growth Potential Early Adopters,0,Normal,-2.6691,1.6527,1.0,1.0,2.0,3.0,2.0,2.0,3.0,0.0,1.0,2.0,0.0,2.0,Unknown,Unknown,Medium,High,Medium,Medium,High,Minimal Change,-,Medium,Low,Medium
Accoount 1115,2,Lean High-Margin Accounts,0,Normal,0.0154,0.4702,3.0,1.0,0.0,3.0,2.0,0.0,2.0,3.0,1.0,3.0,2.0,3.0,Highly Seasonal,Unknown,Low,High,None,None,None,Concerning,Yes,High,Medium,High
Accoount 1116,3,High-Growth Potential Early Adopters,0,Normal,-3.8598,1.4206,2.0,3.0,3.0,3.0,2.0,2.0,3.0,0.0,1.0,0.0,1.0,2.0,Potentially Seasonal,Early Adopter,High,High,Medium,Medium,High,Minimal Change,-,Low,Unknown,Medium
Accoount 1117,1,High-Volume Competitive Accounts,0,Normal,-2.157,-1.6105,1.0,2.0,0.0,3.0,2.0,0.0,2.0,0.0,1.0,0.0,1.0,2.0,Unknown,None,Low,High,Medium,Low,Medium,Minimal Change,-,Low,Unknown,Medium
Accoount 1118,0,Standard / Low-Engagement Base,0,Normal,0.7173,0.3077,3.0,2.0,0.0,3.0,2.0,0.0,2.0,0.0,1.0,3.0,3.0,2.0,Highly Seasonal,None,Low,High,Medium,Low,Medium,Minimal Change,-,High,High,Medium
Accoount 1119,1,High-Volume Competitive Accounts,0,Normal,-2.2353,-1.4509,1.0,2.0,0.0,3.0,0.0,0.0,2.0,0.0,1.0,0.0,1.0,2.0,None,None,None,None,Low,Low,Medium,None,-,Low,Unknown,-
Accoount 1120,0,Standard / Low-Engagement Base,0,Normal,0.5597,-1.3091,2.0,1.0,0.0,3.0,3.0,0.0,0.0,0.0,1.0,2.0,3.0,2.0,Potentially Seasonal,Unknown,Low,High,High,Low,Low,Minimal Change,-,Medium,High,Medium
Accoount 1121,3,High-Growth Potential Early Adopters,0,Normal,-1.7894,1.491,3.0,0.0,0.0,3.0,2.0,2.0,3.0,0.0,1.0,3.0,0.0,2.0,Highly Seasonal,Late Adopter,Low,High,Medium,Medium,High,Minimal Change,Yes,High,Low,Medium
Accoount 1122,3,High-Growth Potential Early Adopters,0,Normal,-3.7094,1.2604,2.0,3.0,2.0,3.0,2.0,2.0,3.0,2.0,1.0,0.0,1.0,3.0,Potentially Seasonal,Early Adopter,Medium,High,Medium,Medium,High,Encouraging,-,Low,Unknown,High
Accoount 1123,2,Lean High-Margin Accounts,0,Normal,-1.4684,0.8505,3.0,1.0,2.0,3.0,2.0,0.0,2.0,0.0,1.0,3.0,0.0,2.0,Highly Seasonal,Unknown,Medium,High,None,None,None,Minimal Change,Yes,High,Low,Medium
Accoount 1124,0,Standard / Low-Engagement Base,0,Normal,1.0117,0.0513,1.0,2.0,0.0,3.0,2.0,0.0,2.0,0.0,1.0,3.0,3.0,2.0,Unknown,None,None,None,None,None,None,None,Yes,High,High,-
Accoount 1125,0,Standard / Low-Engagement Base,0,Normal,1.0113,-0.0158,1.0,1.0,0.0,3.0,2.0,0.0,2.0,0.0,1.0,3.0,3.0,2.0,Unknown,Unknown,Low,High,Medium,Low,Medium,Minimal Change,Yes,High,High,Medium
Accoount 1126,0,Standard / Low-Engagement Base,0,Normal,0.8641,0.1124,2.0,1.0,0.0,3.0,2.0,0.0,2.0,0.0,1.0,3.0,3.0,2.0,Potentially Seasonal,Unknown,Low,High,Medium,Low,Medium,Minimal Change,Yes,High,High,Medium
Accoount 1127,1,High-Volume Competitive Accounts,0,Normal,-2.157,-1.6105,1.0,2.0,0.0,3.0,2.0,0.0,2.0,0.0,1.0,0.0,1.0,2.0,None,None,None,None,None,None,None,None,Yes,Low,Unknown,-
Accoount 1128,3,High-Growth Potential Early Adopters,0,Normal,-0.4594,2.6986,2.0,1.0,2.0,3.0,2.0,2.0,3.0,0.0,1.0,3.0,3.0,3.0,Potentially Seasonal,Unknown,Medium,High,Medium,Medium,High,Minimal Change,Yes,High,High,High
Accoount 1129,1,High-Volume Competitive Accounts,0,Normal,-3.0207,-0.2442,1.0,2.0,0.0,3.0,0.0,2.0,3.0,0.0,1.0,0.0,1.0,0.0,Unknown,None,None,None,Low,Medium,High,None,-,Low,Unknown,Low
Accoount 1130,0,Standard / Low-Engagement Base,0,Normal,1.0117,0.0513,1.0,2.0,0.0,3.0,2.0,0.0,2.0,0.0,1.0,3.0,3.0,2.0,Unknown,None,None,None,None,None,None,None,Yes,High,High,-
Accoount 1131,0,Standard / Low-Engagement Base,0,Normal,1.0117,0.0513,1.0,2.0,0.0,3.0,2.0,0.0,2.0,0.0,1.0,3.0,3.0,2.0,Unknown,None,Low,High,None,None,None,Minimal Change,Yes,High,High,-
Accoount 1132,0,Standard / Low-Engagement Base,0,Normal,1.0117,0.0513,1.0,2.0,0.0,3.0,2.0,0.0,2.0,0.0,1.0,3.0,3.0,2.0,Unknown,None,Low,High,None,None,None,Minimal Change,Yes,High,High,-
Accoount 1133,0,Standard / Low-Engagement Base,0,Normal,1.0117,0.0513,1.0,2.0,0.0,3.0,2.0,0.0,2.0,0.0,1.0,3.0,3.0,2.0,Unknown,None,None,None,None,None,None,None,Yes,High,High,-
Accoount 1134,0,Standard / Low-Engagement Base,0,Normal,1.0117,0.0513,1.0,2.0,0.0,3.0,2.0,0.0,2.0,0.0,1.0,3.0,3.0,2.0,None,None,None,None,None,None,None,None,Yes,High,High,-
Accoount 1135,2,Lean High-Margin Accounts,0,Normal,-0.2325,-0.5294,1.0,2.0,0.0,3.0,2.0,0.0,2.0,0.0,1.0,2.0,2.0,2.0,None,None,None,None,None,None,None,None,-,Medium,Medium,-
Accoount 1136,3,High-Growth Potential Early Adopters,1,Outlier,-2.8228,2.9436,2.0,0.0,2.0,3.0,0.0,3.0,4.0,0.0,1.0,2.0,1.0,2.0,Potentially Seasonal,Late Adopter,Medium,High,Low,High,Very High,Minimal Change,Yes,Medium,Unknown,Medium
Accoount 1137,0,Standard / Low-Engagement Base,0,Normal,0.3313,-0.449,1.0,2.0,0.0,3.0,2.0,0.0,2.0,0.0,1.0,2.0,3.0,2.0,None,None,None,None,None,None,None,None,-,Medium,High,-
Accoount 1138,1,High-Volume Competitive Accounts,0,Normal,-2.7991,-0.7654,2.0,0.0,2.0,3.0,2.0,0.0,2.0,0.0,1.0,0.0,1.0,2.0,Potentially Seasonal,Late Adopter,Medium,High,None,None,None,Minimal Change,-,Low,Unknown,Medium
Accoount 1139,1,High-Volume Competitive Accounts,0,Normal,-1.0708,-2.7138,0.0,0.0,0.0,3.0,3.0,0.0,0.0,0.0,1.0,0.0,2.0,2.0,Non Seasonal,Late Adopter,Low,High,High,Low,Low,Minimal Change,-,Low,Medium,Medium
Accoount 1140,3,High-Growth Potential Early Adopters,1,Outlier,-2.064,2.5183,1.0,2.0,0.0,3.0,0.0,3.0,4.0,0.0,1.0,3.0,0.0,2.0,None,None,None,None,Low,High,Very High,None,Yes,High,Low,-
Accoount 1141,0,Standard / Low-Engagement Base,0,Normal,1.0117,0.0513,1.0,2.0,0.0,3.0,2.0,0.0,2.0,0.0,1.0,3.0,3.0,2.0,Unknown,None,Low,High,None,None,None,Minimal Change,-,High,High,Medium
Accoount 1142,3,High-Growth Potential Early Adopters,0,Normal,-0.6307,1.2381,2.0,2.0,0.0,3.0,2.0,2.0,3.0,0.0,1.0,2.0,3.0,2.0,Potentially Seasonal,None,Low,High,Medium,Medium,High,Minimal Change,-,Medium,High,-
Accoount 1143,0,Standard / Low-Engagement Base,0,Normal,0.3313,-0.449,1.0,2.0,0.0,3.0,2.0,0.0,2.0,0.0,1.0,2.0,3.0,2.0,None,None,None,None,Medium,Low,Medium,None,-,Medium,High,-
Accoount 1144,0,Standard / Low-Engagement Base,0,Normal,1.0117,0.0513,1.0,2.0,0.0,3.0,2.0,0.0,2.0,0.0,1.0,3.0,3.0,2.0,None,None,None,None,None,None,None,None,Yes,High,High,-
Accoount 1145,3,High-Growth Potential Early Adopters,0,Normal,-0.9901,3.6806,2.0,2.0,3.0,3.0,3.0,3.0,3.0,0.0,1.0,3.0,3.0,3.0,Potentially Seasonal,Trend Follower,High,High,High,High,High,Minimal Change,Yes,High,High,High
Accoount 1146,0,Standard / Low-Engagement Base,1,Outlier,0.5077,-1.2641,2.0,3.0,0.0,0.0,3.0,0.0,0.0,0.0,1.0,2.0,3.0,2.0,Potentially Seasonal,Early Adopter,Low,Low,High,Low,Low,Minimal Change,-,Medium,High,-
Accoount 1147,1,High-Volume Competitive Accounts,0,Normal,-1.5937,-1.5972,1.0,1.0,0.0,3.0,2.0,0.0,2.0,0.0,1.0,0.0,2.0,2.0,Unknown,Unknown,Low,High,Medium,Low,Medium,Minimal Change,-,Low,Medium,Medium
Accoount 1148,3,High-Growth Potential Early Adopters,0,Normal,-0.5144,1.5908,2.0,1.0,0.0,3.0,2.0,2.0,3.0,0.0,1.0,3.0,2.0,2.0,Potentially Seasonal,Unknown,Low,High,Medium,Medium,High,Minimal Change,Yes,High,Medium,Medium
Accoount 1149,0,Standard / Low-Engagement Base,0,Normal,0.0372,-0.1254,3.0,3.0,0.0,3.0,2.0,0.0,2.0,0.0,1.0,2.0,3.0,2.0,Highly Seasonal,Early Adopter,Low,High,Medium,Low,Medium,Minimal Change,-,Medium,High,Medium
Accoount 1150,0,Standard / Low-Engagement Base,0,Normal,1.0117,0.0513,1.0,2.0,0.0,3.0,2.0,0.0,2.0,0.0,1.0,3.0,3.0,2.0,None,None,None,None,None,None,None,None,-,-,-,-
Accoount 1151,0,Standard / Low-Engagement Base,0,Normal,0.8359,0.0961,1.0,2.0,0.0,0.0,2.0,0.0,2.0,3.0,1.0,3.0,3.0,2.0,Unknown,None,Low,Low,None,None,None,Concerning,-,-,-,-
Accoount 1152,0,Standard / Low-Engagement Base,0,Normal,1.0117,0.0513,1.0,2.0,0.0,3.0,2.0,0.0,2.0,0.0,1.0,3.0,3.0,2.0,None,None,None,None,None,None,None,None,-,-,-,-
Accoount 1153,2,Lean High-Margin Accounts,0,Normal,-0.6795,-0.19,1.0,2.0,0.0,3.0,2.0,0.0,2.0,0.0,1.0,3.0,0.0,2.0,None,None,None,None,None,None,None,None,Yes,High,Low,-
Accoount 1154,0,Standard / Low-Engagement Base,0,Normal,1.0117,0.0513,1.0,2.0,0.0,3.0,2.0,0.0,2.0,0.0,1.0,3.0,3.0,2.0,None,None,None,None,None,None,None,None,-,-,-,-
Accoount 1155,0,Standard / Low-Engagement Base,0,Normal,1.0117,0.0513,1.0,2.0,0.0,3.0,2.0,0.0,2.0,0.0,1.0,3.0,3.0,2.0,None,None,None,None,None,None,None,None,-,-,-,-
Accoount 1156,0,Standard / Low-Engagement Base,0,Normal,1.0117,0.0513,1.0,2.0,0.0,3.0,2.0,0.0,2.0,0.0,1.0,3.0,3.0,2.0,None,None,None,None,None,None,None,None,-,-,-,-
Accoount 1157,0,Standard / Low-Engagement Base,0,Normal,1.0117,0.0513,1.0,2.0,0.0,3.0,2.0,0.0,2.0,0.0,1.0,3.0,3.0,2.0,None,None,None,None,None,None,None,None,Yes,High,High,-
Accoount 1158,0,Standard / Low-Engagement Base,0,Normal,1.0117,0.0513,1.0,2.0,0.0,3.0,2.0,0.0,2.0,0.0,1.0,3.0,3.0,2.0,None,None,None,None,None,None,None,None,-,-,-,-
Accoount 1159,0,Standard / Low-Engagement Base,0,Normal,1.0117,0.0513,1.0,2.0,0.0,3.0,2.0,0.0,2.0,0.0,1.0,3.0,3.0,2.0,None,None,None,None,None,None,None,None,-,-,-,-
Accoount 1160,0,Standard / Low-Engagement Base,0,Normal,1.0117,0.0513,1.0,2.0,0.0,3.0,2.0,0.0,2.0,0.0,1.0,3.0,3.0,2.0,None,None,None,None,None,None,None,None,-,-,-,-
Accoount 1161,0,Standard / Low-Engagement Base,0,Normal,1.0117,0.0513,1.0,2.0,0.0,3.0,2.0,0.0,2.0,0.0,1.0,3.0,3.0,2.0,Unknown,None,None,None,None,None,None,None,-,-,-,Medium
Accoount 1162,1,High-Volume Competitive Accounts,0,Normal,-2.157,-1.6105,1.0,2.0,0.0,3.0,2.0,0.0,2.0,0.0,1.0,0.0,1.0,2.0,None,None,None,None,None,None,None,None,Yes,Low,Unknown,-
Accoount 1163,1,High-Volume Competitive Accounts,0,Normal,-1.0296,-1.4496,1.0,2.0,0.0,3.0,2.0,0.0,2.0,0.0,1.0,0.0,3.0,2.0,None,None,None,None,None,None,None,None,-,Low,High,-
Accoount 1164,0,Standard / Low-Engagement Base,0,Normal,1.0117,0.0513,1.0,2.0,0.0,3.0,2.0,0.0,2.0,0.0,1.0,3.0,3.0,2.0,None,None,None,None,None,None,None,None,-,-,-,-
Accoount 1165,3,High-Growth Potential Early Adopters,1,Outlier,-2.0928,3.7222,3.0,2.0,3.0,3.0,2.0,3.0,4.0,2.0,1.0,2.0,3.0,2.0,Highly Seasonal,Trend Follower,High,High,Medium,High,Very High,Encouraging,-,Medium,High,-
Accoount 1166,0,Standard / Low-Engagement Base,0,Normal,1.0117,0.0513,1.0,2.0,0.0,3.0,2.0,0.0,2.0,0.0,1.0,3.0,3.0,2.0,Unknown,None,None,None,None,None,None,None,-,-,-,-
Accoount 1167,0,Standard / Low-Engagement Base,0,Normal,1.0117,0.0513,1.0,2.0,0.0,3.0,2.0,0.0,2.0,0.0,1.0,3.0,3.0,2.0,None,None,None,None,None,None,None,None,-,-,-,-
Accoount 1168,0,Standard / Low-Engagement Base,0,Normal,1.0117,0.0513,1.0,2.0,0.0,3.0,2.0,0.0,2.0,0.0,1.0,3.0,3.0,2.0,Unknown,None,None,None,None,None,None,None,Yes,High,High,-
Accoount 1169,3,High-Growth Potential Early Adopters,0,Normal,-2.5139,2.5302,2.0,2.0,3.0,3.0,2.0,2.0,3.0,0.0,1.0,2.0,1.0,3.0,Potentially Seasonal,Trend Follower,High,High,Medium,Medium,High,Minimal Change,Yes,Medium,Unknown,High
Accoount 1170,3,High-Growth Potential Early Adopters,0,Normal,-1.5821,1.4583,2.0,3.0,3.0,3.0,2.0,0.0,2.0,0.0,1.0,3.0,0.0,3.0,Potentially Seasonal,Early Adopter,High,High,None,None,None,Minimal Change,Yes,High,Low,High
Accoount 1171,3,High-Growth Potential Early Adopters,0,Normal,-0.5032,1.958,0.0,3.0,0.0,3.0,3.0,3.0,3.0,0.0,1.0,3.0,2.0,2.0,Non Seasonal,Early Adopter,Low,High,High,High,High,Minimal Change,Yes,High,Medium,Medium
Accoount 1172,0,Standard / Low-Engagement Base,0,Normal,1.0117,0.0513,1.0,2.0,0.0,3.0,2.0,0.0,2.0,0.0,1.0,3.0,3.0,2.0,None,None,None,None,None,None,None,None,-,-,-,-
Accoount 1173,0,Standard / Low-Engagement Base,0,Normal,1.0117,0.0513,1.0,2.0,0.0,3.0,2.0,0.0,2.0,0.0,1.0,3.0,3.0,2.0,None,None,None,None,None,None,None,None,-,-,-,-
Accoount 1174,0,Standard / Low-Engagement Base,0,Normal,1.0117,0.0513,1.0,2.0,0.0,3.0,2.0,0.0,2.0,0.0,1.0,3.0,3.0,2.0,Unknown,None,None,None,None,None,None,None,-,-,-,-
Accoount 1175,0,Standard / Low-Engagement Base,0,Normal,1.0117,0.0513,1.0,2.0,0.0,3.0,2.0,0.0,2.0,0.0,1.0,3.0,3.0,2.0,None,None,None,None,None,None,None,None,-,-,-,-
Accoount 1176,1,High-Volume Competitive Accounts,0,Normal,-1.5933,-1.5301,1.0,2.0,0.0,3.0,2.0,0.0,2.0,0.0,1.0,0.0,2.0,2.0,Unknown,None,None,None,None,None,None,Minimal Change,-,Low,Medium,-
Accoount 1177,0,Standard / Low-Engagement Base,0,Normal,-0.3097,0.5976,2.0,3.0,2.0,3.0,2.0,0.0,2.0,0.0,1.0,2.0,3.0,2.0,Potentially Seasonal,Early Adopter,Medium,High,None,None,None,Minimal Change,-,Medium,High,-
Accoount 1178,0,Standard / Low-Engagement Base,0,Normal,1.0117,0.0513,1.0,2.0,0.0,3.0,2.0,0.0,2.0,0.0,1.0,3.0,3.0,2.0,None,None,None,None,None,None,None,None,-,-,-,-
Accoount 1179,0,Standard / Low-Engagement Base,0,Normal,1.0117,0.0513,1.0,2.0,0.0,3.0,2.0,0.0,2.0,0.0,1.0,3.0,3.0,2.0,Unknown,None,None,None,None,None,None,None,Yes,High,High,-
Accoount 1180,2,Lean High-Margin Accounts,0,Normal,0.448,-0.0291,1.0,2.0,0.0,3.0,2.0,0.0,2.0,0.0,1.0,3.0,2.0,2.0,None,None,None,None,None,None,None,None,Yes,High,Medium,-
Accoount 1181,2,Lean High-Margin Accounts,0,Normal,0.448,-0.0291,1.0,2.0,0.0,3.0,2.0,0.0,2.0,0.0,1.0,3.0,2.0,2.0,Unknown,None,None,None,None,None,None,None,Yes,High,Medium,-
Accoount 1182,0,Standard / Low-Engagement Base,0,Normal,1.0117,0.0513,1.0,2.0,0.0,3.0,2.0,0.0,2.0,0.0,1.0,3.0,3.0,2.0,Unknown,None,Low,High,None,None,None,Minimal Change,Yes,High,High,-
Accoount 1183,0,Standard / Low-Engagement Base,0,Normal,1.0117,0.0513,1.0,2.0,0.0,3.0,2.0,0.0,2.0,0.0,1.0,3.0,3.0,2.0,None,None,None,None,None,None,None,None,Yes,High,High,-
Accoount 1184,0,Standard / Low-Engagement Base,0,Normal,1.0117,0.0513,1.0,2.0,0.0,3.0,2.0,0.0,2.0,0.0,1.0,3.0,3.0,2.0,None,None,None,None,None,None,None,None,-,-,-,-
Accoount 1185,0,Standard / Low-Engagement Base,0,Normal,0.3313,-0.449,1.0,2.0,0.0,3.0,2.0,0.0,2.0,0.0,1.0,2.0,3.0,2.0,None,None,None,None,None,None,None,None,-,Medium,High,-
Accoount 1186,2,Lean High-Margin Accounts,0,Normal,-0.6502,-0.5422,1.0,2.0,0.0,3.0,2.0,0.0,2.0,0.0,1.0,3.0,0.0,0.0,Unknown,None,None,None,None,None,None,None,Yes,High,Low,Low
Accoount 1187,0,Standard / Low-Engagement Base,0,Normal,1.041,-0.3009,1.0,2.0,0.0,3.0,2.0,0.0,2.0,0.0,1.0,3.0,3.0,0.0,Unknown,None,Low,High,None,None,None,Minimal Change,Yes,High,High,Low
Accoount 1188,1,High-Volume Competitive Accounts,0,Normal,-2.3039,-1.4152,2.0,3.0,0.0,3.0,2.0,0.0,2.0,0.0,1.0,0.0,1.0,2.0,Potentially Seasonal,Early Adopter,Low,High,None,None,None,Minimal Change,-,Low,Unknown,Medium
Accoount 1189,0,Standard / Low-Engagement Base,0,Normal,1.0117,0.0513,1.0,2.0,0.0,3.0,2.0,0.0,2.0,0.0,1.0,3.0,3.0,2.0,Unknown,None,Low,High,None,None,None,Minimal Change,Yes,High,High,Medium
Accoount 1190,2,Lean High-Margin Accounts,0,Normal,-0.6795,-0.19,1.0,2.0,0.0,3.0,2.0,0.0,2.0,0.0,1.0,3.0,0.0,2.0,Unknown,None,None,None,None,None,None,None,Yes,High,Low,-
Accoount 1191,0,Standard / Low-Engagement Base,0,Normal,1.0117,0.0513,1.0,2.0,0.0,3.0,2.0,0.0,2.0,0.0,1.0,3.0,3.0,2.0,Unknown,None,Low,High,None,None,None,None,Yes,High,High,-
Accoount 1192,0,Standard / Low-Engagement Base,0,Normal,1.0117,0.0513,1.0,2.0,0.0,3.0,2.0,0.0,2.0,0.0,1.0,3.0,3.0,2.0,None,None,None,None,None,None,None,None,-,-,-,-
Accoount 1193,1,High-Volume Competitive Accounts,0,Normal,-2.157,-1.6105,1.0,2.0,0.0,3.0,2.0,0.0,2.0,0.0,1.0,0.0,1.0,2.0,None,None,None,None,None,None,None,None,-,Low,Unknown,-
Accoount 1194,0,Standard / Low-Engagement Base,0,Normal,0.3313,-0.449,1.0,2.0,0.0,3.0,2.0,0.0,2.0,0.0,1.0,2.0,3.0,2.0,None,None,None,None,None,None,None,None,-,Medium,High,-
Accoount 1195,1,High-Volume Competitive Accounts,0,Normal,-1.0296,-1.4496,1.0,2.0,0.0,3.0,2.0,0.0,2.0,0.0,1.0,0.0,3.0,2.0,None,None,None,None,None,None,None,None,-,Low,High,-
Accoount 1196,0,Standard / Low-Engagement Base,0,Normal,1.0117,0.0513,1.0,2.0,0.0,3.0,2.0,0.0,2.0,0.0,1.0,3.0,3.0,2.0,None,None,None,None,None,None,None,None,Yes,High,High,-
Accoount 1197,0,Standard / Low-Engagement Base,0,Normal,1.0117,0.0513,1.0,2.0,0.0,3.0,2.0,0.0,2.0,0.0,1.0,3.0,3.0,2.0,None,None,None,None,None,None,None,None,Yes,High,High,-
Accoount 1198,0,Standard / Low-Engagement Base,0,Normal,1.0117,0.0513,1.0,2.0,0.0,3.0,2.0,0.0,2.0,0.0,1.0,3.0,3.0,2.0,None,None,None,None,None,None,None,None,Yes,High,High,-
Accoount 1199,0,Standard / Low-Engagement Base,0,Normal,0.3313,-0.449,1.0,2.0,0.0,3.0,2.0,0.0,2.0,0.0,1.0,2.0,3.0,2.0,None,None,None,None,None,None,None,None,Yes,Medium,High,-
Accoount 1200,0,Standard / Low-Engagement Base,0,Normal,1.0117,0.0513,1.0,2.0,0.0,3.0,2.0,0.0,2.0,0.0,1.0,3.0,3.0,2.0,None,None,None,None,None,None,None,None,Yes,High,High,-
Accoount 1201,3,High-Growth Potential Early Adopters,0,Normal,-0.1765,1.8919,3.0,0.0,0.0,3.0,0.0,2.0,3.0,0.0,1.0,3.0,3.0,2.0,Highly Seasonal,Late Adopter,Low,High,Low,Medium,High,Minimal Change,Yes,High,High,Medium
Accoount 1202,3,High-Growth Potential Early Adopters,0,Normal,-0.5236,2.8847,2.0,3.0,0.0,3.0,2.0,3.0,4.0,2.0,1.0,3.0,3.0,2.0,Potentially Seasonal,Early Adopter,Low,High,Medium,High,Very High,Encouraging,Yes,High,High,Medium
Accoount 1203,3,High-Growth Potential Early Adopters,0,Normal,-0.951,3.6884,2.0,1.0,2.0,3.0,2.0,3.0,4.0,0.0,1.0,3.0,3.0,3.0,Potentially Seasonal,Unknown,Medium,High,Medium,High,Very High,Minimal Change,Yes,High,High,High
Accoount 1204,0,Standard / Low-Engagement Base,0,Normal,0.6652,0.8415,0.0,3.0,2.0,3.0,2.0,0.0,2.0,0.0,1.0,3.0,3.0,2.0,Non Seasonal,Early Adopter,Medium,High,Medium,Low,Medium,Minimal Change,Yes,High,High,Medium
Accoount 1205,1,High-Volume Competitive Accounts,0,Normal,-2.157,-1.6105,1.0,2.0,0.0,3.0,2.0,0.0,2.0,0.0,1.0,0.0,1.0,2.0,Unknown,None,Low,High,Medium,Low,Medium,Minimal Change,Yes,Low,Unknown,Medium
Accoount 1206,0,Standard / Low-Engagement Base,0,Normal,0.9941,0.0216,1.0,2.0,0.0,2.0,2.0,0.0,2.0,0.0,1.0,3.0,3.0,2.0,Unknown,None,Low,Medium,Medium,Low,Medium,Minimal Change,Yes,High,High,Medium
Accoount 1207,0,Standard / Low-Engagement Base,0,Normal,0.8641,0.1124,2.0,1.0,0.0,3.0,2.0,0.0,2.0,0.0,1.0,3.0,3.0,2.0,Potentially Seasonal,Unknown,Low,High,Medium,Low,Medium,Minimal Change,Yes,High,High,Medium
Accoount 1208,0,Standard / Low-Engagement Base,0,Normal,1.0117,0.0513,1.0,2.0,0.0,3.0,2.0,0.0,2.0,0.0,1.0,3.0,3.0,2.0,Unknown,None,Low,High,None,None,None,None,Yes,High,High,-
Accoount 1209,3,High-Growth Potential Early Adopters,0,Normal,-0.4835,1.1099,1.0,2.0,0.0,3.0,2.0,2.0,3.0,0.0,1.0,2.0,3.0,2.0,Unknown,None,Low,High,Medium,Medium,High,Minimal Change,Yes,Medium,High,-
Accoount 1210,3,High-Growth Potential Early Adopters,0,Normal,-3.7607,0.9888,3.0,1.0,2.0,3.0,2.0,2.0,3.0,0.0,1.0,0.0,1.0,2.0,Highly Seasonal,Unknown,Medium,High,Medium,Medium,High,Minimal Change,-,Low,Unknown,Medium
Accoount 1211,3,High-Growth Potential Early Adopters,0,Normal,-1.1973,4.2483,2.0,3.0,3.0,3.0,2.0,3.0,4.0,0.0,1.0,3.0,3.0,3.0,Potentially Seasonal,Early Adopter,High,High,Medium,High,Very High,Minimal Change,Yes,High,High,High
Accoount 1212,1,High-Volume Competitive Accounts,0,Normal,-1.1768,-1.3214,2.0,2.0,0.0,3.0,2.0,0.0,2.0,0.0,1.0,0.0,3.0,2.0,Potentially Seasonal,None,Low,High,Medium,Low,Medium,Minimal Change,Yes,Low,High,Medium
Accoount 1213,0,Standard / Low-Engagement Base,0,Normal,0.782,0.2017,2.0,1.0,0.0,3.0,2.0,0.0,2.0,2.0,1.0,3.0,3.0,2.0,Potentially Seasonal,Unknown,Low,High,Medium,Low,Medium,Encouraging,Yes,High,High,Medium
Accoount 1214,1,High-Volume Competitive Accounts,0,Normal,-1.781,-2.5317,1.0,2.0,0.0,3.0,3.0,0.0,0.0,0.0,1.0,0.0,1.0,2.0,None,None,None,None,High,Low,Low,None,-,Low,Unknown,-
Accoount 1215,3,High-Growth Potential Early Adopters,0,Normal,-3.049,1.0754,2.0,3.0,2.0,3.0,2.0,2.0,3.0,0.0,1.0,0.0,2.0,2.0,Potentially Seasonal,Early Adopter,Medium,High,Medium,Medium,High,Minimal Change,Yes,Low,Medium,Medium
Accoount 1216,2,Lean High-Margin Accounts,0,Normal,-0.0209,-1.285,2.0,3.0,0.0,2.0,3.0,0.0,0.0,0.0,1.0,2.0,2.0,2.0,Potentially Seasonal,Early Adopter,Low,Medium,High,Low,Low,Minimal Change,-,Medium,Medium,Medium
Accoount 1217,1,High-Volume Competitive Accounts,0,Normal,-1.5933,-1.5301,1.0,2.0,0.0,3.0,2.0,0.0,2.0,0.0,1.0,0.0,2.0,2.0,Unknown,None,None,None,None,None,None,None,Yes,Low,Medium,-
Accoount 1218,0,Standard / Low-Engagement Base,0,Normal,1.0117,0.0513,1.0,2.0,0.0,3.0,2.0,0.0,2.0,0.0,1.0,3.0,3.0,2.0,Unknown,None,None,None,Medium,Low,Medium,None,-,High,High,-
Accoount 1219,3,High-Growth Potential Early Adopters,1,Outlier,-1.7436,3.7406,0.0,3.0,3.0,3.0,0.0,3.0,4.0,2.0,1.0,2.0,3.0,3.0,Non Seasonal,Early Adopter,High,High,Low,High,Very High,Encouraging,-,Medium,High,High
Accoount 1220,1,High-Volume Competitive Accounts,0,Normal,-2.9463,-0.6372,3.0,0.0,2.0,3.0,2.0,0.0,2.0,0.0,1.0,0.0,1.0,2.0,Highly Seasonal,Late Adopter,Medium,High,Medium,Low,Medium,Minimal Change,Yes,Low,Unknown,Medium
Accoount 1221,0,Standard / Low-Engagement Base,0,Normal,1.0117,0.0513,1.0,2.0,0.0,3.0,2.0,0.0,2.0,0.0,1.0,3.0,3.0,2.0,Unknown,None,None,None,None,None,None,Minimal Change,-,High,High,-
Accoount 1222,0,Standard / Low-Engagement Base,0,Normal,0.1844,-0.2536,2.0,3.0,0.0,3.0,2.0,0.0,2.0,0.0,1.0,2.0,3.0,2.0,Potentially Seasonal,Early Adopter,Low,High,Medium,Low,Medium,Minimal Change,-,Medium,High,Medium
Accoount 1223,1,High-Volume Competitive Accounts,0,Normal,-2.157,-1.6105,1.0,2.0,0.0,3.0,2.0,0.0,2.0,0.0,1.0,0.0,1.0,2.0,Unknown,None,None,None,None,None,None,None,-,Low,Unknown,-
Accoount 1224,3,High-Growth Potential Early Adopters,0,Normal,-1.084,3.5733,3.0,0.0,2.0,3.0,2.0,3.0,4.0,0.0,1.0,3.0,3.0,2.0,Highly Seasonal,Late Adopter,Medium,High,Medium,High,Very High,Minimal Change,-,High,High,Medium
Accoount 1225,2,Lean High-Margin Accounts,0,Normal,-1.0758,-0.3084,2.0,3.0,2.0,3.0,3.0,0.0,0.0,0.0,1.0,2.0,1.0,3.0,Potentially Seasonal,Early Adopter,Medium,High,High,Low,Low,Minimal Change,-,Medium,Unknown,High
Accoount 1226,3,High-Growth Potential Early Adopters,0,Normal,-1.7193,1.7239,2.0,3.0,0.0,3.0,0.0,2.0,3.0,0.0,1.0,3.0,0.0,2.0,Potentially Seasonal,Early Adopter,Low,High,Low,Medium,High,Minimal Change,Yes,High,Low,Medium
Accoount 1227,0,Standard / Low-Engagement Base,0,Normal,1.0117,0.0513,1.0,2.0,0.0,3.0,2.0,0.0,2.0,0.0,1.0,3.0,3.0,2.0,Unknown,None,None,None,None,None,None,None,Yes,High,High,-
Accoount 1228,1,High-Volume Competitive Accounts,0,Normal,-1.5933,-1.5301,1.0,2.0,0.0,3.0,2.0,0.0,2.0,0.0,1.0,0.0,2.0,2.0,None,None,None,None,None,None,None,None,-,Low,Medium,-
Accoount 1229,0,Standard / Low-Engagement Base,0,Normal,0.3313,-0.449,1.0,2.0,0.0,3.0,2.0,0.0,2.0,0.0,1.0,2.0,3.0,2.0,None,None,None,None,None,None,None,None,-,Medium,High,-
Accoount 1230,0,Standard / Low-Engagement Base,0,Normal,1.0117,0.0513,1.0,2.0,0.0,3.0,2.0,0.0,2.0,0.0,1.0,3.0,3.0,2.0,Unknown,None,None,None,None,None,None,None,Yes,High,High,-
Accoount 1231,0,Standard / Low-Engagement Base,0,Normal,1.0117,0.0513,1.0,2.0,0.0,3.0,2.0,0.0,2.0,0.0,1.0,3.0,3.0,2.0,None,None,None,None,None,None,None,None,Yes,High,High,-
Accoount 1232,2,Lean High-Margin Accounts,0,Normal,0.448,-0.0291,1.0,2.0,0.0,3.0,2.0,0.0,2.0,0.0,1.0,3.0,2.0,2.0,None,None,None,None,None,None,None,None,Yes,High,Medium,-
Accoount 1233,1,High-Volume Competitive Accounts,0,Normal,-2.157,-1.6105,1.0,2.0,0.0,3.0,2.0,0.0,2.0,0.0,1.0,0.0,1.0,2.0,None,None,None,None,None,None,None,None,-,Low,Unknown,-
Accoount 1234,3,High-Growth Potential Early Adopters,1,Outlier,-2.3988,1.2453,0.0,3.0,3.0,3.0,3.0,2.0,3.0,0.0,1.0,0.0,3.0,2.0,Non Seasonal,Early Adopter,High,High,High,Medium,High,Minimal Change,-,Low,High,Medium
Accoount 1235,0,Standard / Low-Engagement Base,0,Normal,1.0117,0.0513,1.0,2.0,0.0,3.0,2.0,0.0,2.0,0.0,1.0,3.0,3.0,2.0,None,None,None,None,None,None,None,None,Yes,High,High,-
Accoount 1236,0,Standard / Low-Engagement Base,0,Normal,1.0117,0.0513,1.0,2.0,0.0,3.0,2.0,0.0,2.0,0.0,1.0,3.0,3.0,2.0,None,None,None,None,None,None,None,None,Yes,High,High,-
Accoount 1237,0,Standard / Low-Engagement Base,0,Normal,1.0117,0.0513,1.0,2.0,0.0,3.0,2.0,0.0,2.0,0.0,1.0,3.0,3.0,2.0,None,None,None,None,None,None,None,None,Yes,High,High,-
Accoount 1238,0,Standard / Low-Engagement Base,0,Normal,0.3313,-0.449,1.0,2.0,0.0,3.0,2.0,0.0,2.0,0.0,1.0,2.0,3.0,2.0,Unknown,None,None,None,Medium,Low,Medium,None,-,Medium,High,-
Accoount 1239,0,Standard / Low-Engagement Base,0,Normal,0.3313,-0.449,1.0,2.0,0.0,3.0,2.0,0.0,2.0,0.0,1.0,2.0,3.0,2.0,Unknown,None,Low,High,Medium,Low,Medium,Minimal Change,-,Medium,High,-
Accoount 1240,3,High-Growth Potential Early Adopters,0,Normal,-0.6303,1.3052,2.0,3.0,0.0,3.0,2.0,2.0,3.0,0.0,1.0,2.0,3.0,2.0,Potentially Seasonal,Early Adopter,Low,High,Medium,Medium,High,Minimal Change,-,Medium,High,Medium
Accoount 1241,0,Standard / Low-Engagement Base,0,Normal,0.3313,-0.449,1.0,2.0,0.0,3.0,2.0,0.0,2.0,0.0,1.0,2.0,3.0,2.0,Unknown,None,Low,High,Medium,Low,Medium,Minimal Change,-,Medium,High,Medium
Accoount 1242,0,Standard / Low-Engagement Base,0,Normal,0.3313,-0.449,1.0,2.0,0.0,3.0,2.0,0.0,2.0,0.0,1.0,2.0,3.0,2.0,Unknown,None,Low,High,Medium,Low,Medium,Minimal Change,-,Medium,High,-
Accoount 1243,0,Standard / Low-Engagement Base,0,Normal,1.0117,0.0513,1.0,2.0,0.0,3.0,2.0,0.0,2.0,0.0,1.0,3.0,3.0,2.0,None,None,None,None,None,None,None,None,-,High,High,-
Accoount 1244,0,Standard / Low-Engagement Base,0,Normal,1.0117,0.0513,1.0,2.0,0.0,3.0,2.0,0.0,2.0,0.0,1.0,3.0,3.0,2.0,None,None,None,None,None,None,None,None,Yes,High,High,-
Accoount 1245,0,Standard / Low-Engagement Base,0,Normal,0.3313,-0.449,1.0,2.0,0.0,3.0,2.0,0.0,2.0,0.0,1.0,2.0,3.0,2.0,Unknown,None,None,None,None,None,None,None,-,Medium,High,-
Accoount 1246,2,Lean High-Margin Accounts,0,Normal,-0.6795,-0.19,1.0,2.0,0.0,3.0,2.0,0.0,2.0,0.0,1.0,3.0,0.0,2.0,None,None,None,None,None,None,None,None,Yes,High,Low,-
Accoount 1247,2,Lean High-Margin Accounts,0,Normal,-0.7962,-0.6099,1.0,2.0,0.0,3.0,2.0,0.0,2.0,0.0,1.0,2.0,1.0,2.0,Unknown,None,None,None,None,None,None,None,Yes,Medium,Unknown,-
Accoount 1248,0,Standard / Low-Engagement Base,0,Normal,0.3313,-0.449,1.0,2.0,0.0,3.0,2.0,0.0,2.0,0.0,1.0,2.0,3.0,2.0,None,None,None,None,None,None,None,None,-,Medium,High,-
Accoount 1249,1,High-Volume Competitive Accounts,0,Normal,-1.5933,-1.5301,1.0,2.0,0.0,3.0,2.0,0.0,2.0,0.0,1.0,0.0,2.0,2.0,Unknown,None,Low,High,Medium,Low,Medium,Minimal Change,-,Low,Medium,Medium
Accoount 1250,2,Lean High-Margin Accounts,0,Normal,-0.6795,-0.19,1.0,2.0,0.0,3.0,2.0,0.0,2.0,0.0,1.0,3.0,0.0,2.0,Unknown,None,None,None,None,None,None,None,Yes,High,Low,-
Accoount 1251,0,Standard / Low-Engagement Base,0,Normal,1.0117,0.0513,1.0,2.0,0.0,3.0,2.0,0.0,2.0,0.0,1.0,3.0,3.0,2.0,Unknown,None,None,None,None,None,None,None,Yes,High,High,-
Accoount 1252,1,High-Volume Competitive Accounts,0,Normal,-2.3566,-1.5044,2.0,3.0,0.0,0.0,2.0,0.0,2.0,0.0,1.0,0.0,1.0,2.0,Potentially Seasonal,Early Adopter,Low,Low,None,None,None,Minimal Change,-,Low,Unknown,Medium
Accoount 1253,2,Lean High-Margin Accounts,0,Normal,0.448,-0.0291,1.0,2.0,0.0,3.0,2.0,0.0,2.0,0.0,1.0,3.0,2.0,2.0,None,None,None,None,None,None,None,None,Yes,High,Medium,-
Accoount 1254,2,Lean High-Margin Accounts,0,Normal,0.448,-0.0291,1.0,2.0,0.0,3.0,2.0,0.0,2.0,0.0,1.0,3.0,2.0,2.0,None,None,None,None,None,None,None,None,-,High,Medium,-
Accoount 1255,0,Standard / Low-Engagement Base,0,Normal,0.8645,0.1795,2.0,2.0,0.0,3.0,2.0,0.0,2.0,0.0,1.0,3.0,3.0,2.0,Potentially Seasonal,None,None,None,None,None,None,None,-,-,-,-
Accoount 1256,0,Standard / Low-Engagement Base,0,Normal,1.0117,0.0513,1.0,2.0,0.0,3.0,2.0,0.0,2.0,0.0,1.0,3.0,3.0,2.0,None,None,None,None,None,None,None,None,-,-,-,-
Accoount 1257,0,Standard / Low-Engagement Base,0,Normal,1.0117,0.0513,1.0,2.0,0.0,3.0,2.0,0.0,2.0,0.0,1.0,3.0,3.0,2.0,None,None,None,None,None,None,None,None,-,-,-,-
Accoount 1258,0,Standard / Low-Engagement Base,0,Normal,0.9883,-0.3901,1.0,2.0,0.0,0.0,2.0,0.0,2.0,0.0,1.0,3.0,3.0,0.0,Unknown,None,Low,Low,None,None,None,Minimal Change,-,-,-,Low
Accoount 1259,0,Standard / Low-Engagement Base,0,Normal,1.0117,0.0513,1.0,2.0,0.0,3.0,2.0,0.0,2.0,0.0,1.0,3.0,3.0,2.0,Unknown,None,None,None,None,None,None,None,-,-,-,-
Accoount 1260,0,Standard / Low-Engagement Base,0,Normal,0.8114,0.0231,2.0,1.0,0.0,0.0,2.0,0.0,2.0,0.0,1.0,3.0,3.0,2.0,Potentially Seasonal,Unknown,Low,Low,None,None,None,Minimal Change,-,-,-,Medium
Accoount 1261,2,Lean High-Margin Accounts,0,Normal,0.448,-0.0291,1.0,2.0,0.0,3.0,2.0,0.0,2.0,0.0,1.0,3.0,2.0,2.0,Unknown,None,None,None,None,None,None,None,Yes,High,Medium,-
Accoount 1262,0,Standard / Low-Engagement Base,0,Normal,1.0117,0.0513,1.0,2.0,0.0,3.0,2.0,0.0,2.0,0.0,1.0,3.0,3.0,2.0,None,None,None,None,None,None,None,None,-,-,-,-
Accoount 1263,0,Standard / Low-Engagement Base,0,Normal,1.0121,0.1185,1.0,3.0,0.0,3.0,2.0,0.0,2.0,0.0,1.0,3.0,3.0,2.0,Unknown,Early Adopter,None,None,None,None,None,None,-,-,-,Medium
Accoount 1264,0,Standard / Low-Engagement Base,0,Normal,1.0117,0.0513,1.0,2.0,0.0,3.0,2.0,0.0,2.0,0.0,1.0,3.0,3.0,2.0,None,None,None,None,None,None,None,None,-,-,-,-
Accoount 1265,0,Standard / Low-Engagement Base,0,Normal,1.0117,0.0513,1.0,2.0,0.0,3.0,2.0,0.0,2.0,0.0,1.0,3.0,3.0,2.0,None,None,None,None,None,None,None,None,-,-,-,-
Accoount 1266,0,Standard / Low-Engagement Base,0,Normal,1.0117,0.0513,1.0,2.0,0.0,3.0,2.0,0.0,2.0,0.0,1.0,3.0,3.0,2.0,None,None,None,None,None,None,None,None,-,-,-,-
Accoount 1267,0,Standard / Low-Engagement Base,0,Normal,1.0117,0.0513,1.0,2.0,0.0,3.0,2.0,0.0,2.0,0.0,1.0,3.0,3.0,2.0,None,None,None,None,None,None,None,None,-,-,-,-
Accoount 1268,0,Standard / Low-Engagement Base,0,Normal,1.0117,0.0513,1.0,2.0,0.0,3.0,2.0,0.0,2.0,0.0,1.0,3.0,3.0,2.0,Unknown,None,Low,High,None,None,None,Minimal Change,Yes,High,High,-
Accoount 1269,0,Standard / Low-Engagement Base,0,Normal,1.0117,0.0513,1.0,2.0,0.0,3.0,2.0,0.0,2.0,0.0,1.0,3.0,3.0,2.0,Unknown,None,None,None,None,None,None,None,Yes,High,High,-
Accoount 1270,3,High-Growth Potential Early Adopters,0,Normal,-2.1498,2.5916,2.0,3.0,2.0,3.0,2.0,2.0,3.0,0.0,1.0,3.0,0.0,3.0,Potentially Seasonal,Early Adopter,Medium,High,Medium,Medium,High,Minimal Change,Yes,High,Low,High
Accoount 1271,0,Standard / Low-Engagement Base,0,Normal,1.0117,0.0513,1.0,2.0,0.0,3.0,2.0,0.0,2.0,0.0,1.0,3.0,3.0,2.0,None,None,None,None,None,None,None,None,Yes,High,High,-
Accoount 1272,0,Standard / Low-Engagement Base,0,Normal,1.0117,0.0513,1.0,2.0,0.0,3.0,2.0,0.0,2.0,0.0,1.0,3.0,3.0,2.0,None,None,None,None,None,None,None,None,Yes,High,High,-
Accoount 1273,1,High-Volume Competitive Accounts,0,Normal,-1.3771,-1.3496,3.0,1.0,0.0,0.0,2.0,0.0,2.0,0.0,1.0,0.0,3.0,2.0,Highly Seasonal,Unknown,Low,Low,None,None,None,Minimal Change,-,Low,High,-
Accoount 1274,0,Standard / Low-Engagement Base,0,Normal,1.0117,0.0513,1.0,2.0,0.0,3.0,2.0,0.0,2.0,0.0,1.0,3.0,3.0,2.0,None,None,None,None,None,None,None,None,-,-,-,-
Accoount 1275,0,Standard / Low-Engagement Base,0,Normal,1.0117,0.0513,1.0,2.0,0.0,3.0,2.0,0.0,2.0,0.0,1.0,3.0,3.0,2.0,None,None,None,None,None,None,None,None,-,-,-,-
Accoount 1276,1,High-Volume Competitive Accounts,0,Normal,-1.0296,-1.4496,1.0,2.0,0.0,3.0,2.0,0.0,2.0,0.0,1.0,0.0,3.0,2.0,None,None,None,None,None,None,None,None,-,Low,High,-
Accoount 1277,1,High-Volume Competitive Accounts,0,Normal,-2.157,-1.6105,1.0,2.0,0.0,3.0,2.0,0.0,2.0,0.0,1.0,0.0,1.0,2.0,Unknown,None,None,None,None,None,None,None,-,Low,Unknown,-
Accoount 1278,0,Standard / Low-Engagement Base,0,Normal,1.0117,0.0513,1.0,2.0,0.0,3.0,2.0,0.0,2.0,0.0,1.0,3.0,3.0,2.0,Unknown,None,None,None,None,None,None,None,-,-,-,-
Accoount 1279,0,Standard / Low-Engagement Base,0,Normal,1.0117,0.0513,1.0,2.0,0.0,3.0,2.0,0.0,2.0,0.0,1.0,3.0,3.0,2.0,None,None,None,None,None,None,None,None,Yes,High,High,-
Accoount 1280,1,High-Volume Competitive Accounts,0,Normal,-2.4514,-1.3541,3.0,2.0,0.0,3.0,2.0,0.0,2.0,0.0,1.0,0.0,1.0,2.0,Highly Seasonal,None,Low,High,None,None,None,Minimal Change,-,Low,Unknown,-
Accoount 1281,2,Lean High-Margin Accounts,0,Normal,0.448,-0.0291,1.0,2.0,0.0,3.0,2.0,0.0,2.0,0.0,1.0,3.0,2.0,2.0,None,None,None,None,None,None,None,None,Yes,High,Medium,-
Accoount 1282,0,Standard / Low-Engagement Base,0,Normal,1.0117,0.0513,1.0,2.0,0.0,3.0,2.0,0.0,2.0,0.0,1.0,3.0,3.0,2.0,Unknown,None,Low,High,None,None,None,Minimal Change,Yes,High,High,Medium
Accoount 1283,0,Standard / Low-Engagement Base,0,Normal,1.0117,0.0513,1.0,2.0,0.0,3.0,2.0,0.0,2.0,0.0,1.0,3.0,3.0,2.0,Unknown,None,Low,High,None,None,None,None,Yes,High,High,-
Accoount 1284,0,Standard / Low-Engagement Base,0,Normal,1.0117,0.0513,1.0,2.0,0.0,3.0,2.0,0.0,2.0,0.0,1.0,3.0,3.0,2.0,Unknown,None,Low,High,None,None,None,None,Yes,High,High,-
Accoount 1285,0,Standard / Low-Engagement Base,0,Normal,1.041,-0.3009,1.0,2.0,0.0,3.0,2.0,0.0,2.0,0.0,1.0,3.0,3.0,0.0,Unknown,None,Low,High,None,None,None,Minimal Change,Yes,High,High,Low
Accoount 1286,0,Standard / Low-Engagement Base,0,Normal,1.0117,0.0513,1.0,2.0,0.0,3.0,2.0,0.0,2.0,0.0,1.0,3.0,3.0,2.0,Unknown,None,Low,High,None,None,None,None,Yes,High,High,-
Accoount 1287,1,High-Volume Competitive Accounts,0,Normal,-1.0296,-1.4496,1.0,2.0,0.0,3.0,2.0,0.0,2.0,0.0,1.0,0.0,3.0,2.0,None,None,None,None,None,None,None,None,-,Low,High,-
Accoount 1288,0,Standard / Low-Engagement Base,0,Normal,1.0117,0.0513,1.0,2.0,0.0,3.0,2.0,0.0,2.0,0.0,1.0,3.0,3.0,2.0,Unknown,None,None,None,None,None,None,None,Yes,High,High,-
Accoount 1289,0,Standard / Low-Engagement Base,0,Normal,1.0117,0.0513,1.0,2.0,0.0,3.0,2.0,0.0,2.0,0.0,1.0,3.0,3.0,2.0,Unknown,None,Low,High,None,None,None,None,Yes,High,High,-
Accoount 1290,0,Standard / Low-Engagement Base,0,Normal,1.0117,0.0513,1.0,2.0,0.0,3.0,2.0,0.0,2.0,0.0,1.0,3.0,3.0,2.0,Unknown,None,Low,High,None,None,None,None,Yes,High,High,-
Accoount 1291,0,Standard / Low-Engagement Base,0,Normal,1.0117,0.0513,1.0,2.0,0.0,3.0,2.0,0.0,2.0,0.0,1.0,3.0,3.0,2.0,None,None,None,None,None,None,None,None,Yes,High,High,-
Accoount 1292,2,Lean High-Margin Accounts,0,Normal,0.448,-0.0291,1.0,2.0,0.0,3.0,2.0,0.0,2.0,0.0,1.0,3.0,2.0,2.0,None,None,None,None,None,None,None,None,-,High,Medium,-
Accoount 1293,0,Standard / Low-Engagement Base,0,Normal,1.0117,0.0513,1.0,2.0,0.0,3.0,2.0,0.0,2.0,0.0,1.0,3.0,3.0,2.0,None,None,None,None,None,None,None,None,Yes,High,High,-
Accoount 1294,2,Lean High-Margin Accounts,0,Normal,0.448,-0.0291,1.0,2.0,0.0,3.0,2.0,0.0,2.0,0.0,1.0,3.0,2.0,2.0,Unknown,None,None,None,None,None,None,None,Yes,High,Medium,-
Accoount 1295,0,Standard / Low-Engagement Base,0,Normal,1.0117,0.0513,1.0,2.0,0.0,3.0,2.0,0.0,2.0,0.0,1.0,3.0,3.0,2.0,Unknown,None,Low,High,None,None,None,None,Yes,High,High,-
Accoount 1296,0,Standard / Low-Engagement Base,0,Normal,1.0117,0.0513,1.0,2.0,0.0,3.0,2.0,0.0,2.0,0.0,1.0,3.0,3.0,2.0,None,None,None,None,None,None,None,None,Yes,High,High,-
Accoount 1297,1,High-Volume Competitive Accounts,0,Normal,-1.5933,-1.5301,1.0,2.0,0.0,3.0,2.0,0.0,2.0,0.0,1.0,0.0,2.0,2.0,None,None,None,None,None,None,None,None,-,Low,Medium,-
Accoount 1298,0,Standard / Low-Engagement Base,0,Normal,1.0117,0.0513,1.0,2.0,0.0,3.0,2.0,0.0,2.0,0.0,1.0,3.0,3.0,2.0,Unknown,None,Low,High,None,None,None,None,Yes,High,High,-
Accoount 1299,2,Lean High-Margin Accounts,0,Normal,-0.2325,-0.5294,1.0,2.0,0.0,3.0,2.0,0.0,2.0,0.0,1.0,2.0,2.0,2.0,Unknown,None,None,None,None,None,None,None,-,Medium,Medium,-
Accoount 1300,0,Standard / Low-Engagement Base,0,Normal,0.3313,-0.449,1.0,2.0,0.0,3.0,2.0,0.0,2.0,0.0,1.0,2.0,3.0,2.0,None,None,None,None,None,None,None,None,Yes,Medium,High,Medium
Accoount 1301,2,Lean High-Margin Accounts,0,Normal,0.448,-0.0291,1.0,2.0,0.0,3.0,2.0,0.0,2.0,0.0,1.0,3.0,2.0,2.0,None,None,None,None,None,None,None,None,Yes,High,Medium,Medium
Accoount 1302,0,Standard / Low-Engagement Base,0,Normal,1.0117,0.0513,1.0,2.0,0.0,3.0,2.0,0.0,2.0,0.0,1.0,3.0,3.0,2.0,None,None,None,None,None,None,None,None,Yes,High,High,-
Accoount 1303,0,Standard / Low-Engagement Base,0,Normal,1.0117,0.0513,1.0,2.0,0.0,3.0,2.0,0.0,2.0,0.0,1.0,3.0,3.0,2.0,None,None,None,None,None,None,None,None,Yes,High,High,-
Accoount 1304,0,Standard / Low-Engagement Base,0,Normal,1.0117,0.0513,1.0,2.0,0.0,3.0,2.0,0.0,2.0,0.0,1.0,3.0,3.0,2.0,None,None,None,None,None,None,None,None,Yes,High,High,-
Accoount 1305,0,Standard / Low-Engagement Base,0,Normal,1.0117,0.0513,1.0,2.0,0.0,3.0,2.0,0.0,2.0,0.0,1.0,3.0,3.0,2.0,None,None,None,None,None,None,None,None,-,-,-,-
Accoount 1306,3,High-Growth Potential Early Adopters,0,Normal,0.0497,1.7384,2.0,2.0,0.0,3.0,2.0,2.0,3.0,0.0,1.0,3.0,3.0,2.0,Potentially Seasonal,None,Low,High,Medium,Medium,High,Minimal Change,Yes,High,High,Medium
Accoount 1307,0,Standard / Low-Engagement Base,1,Outlier,0.4362,-1.2423,2.0,0.0,0.0,3.0,3.0,0.0,0.0,3.0,1.0,2.0,3.0,2.0,Potentially Seasonal,Late Adopter,Low,High,High,Low,Low,Concerning,-,Medium,High,Medium
Accoount 1308,0,Standard / Low-Engagement Base,0,Normal,1.0117,0.0513,1.0,2.0,0.0,3.0,2.0,0.0,2.0,0.0,1.0,3.0,3.0,2.0,Unknown,None,Low,High,Medium,Low,Medium,Minimal Change,Yes,High,High,Medium
Accoount 1309,0,Standard / Low-Engagement Base,0,Normal,0.6505,1.0176,0.0,3.0,2.0,3.0,2.0,0.0,2.0,0.0,1.0,3.0,3.0,3.0,Non Seasonal,Early Adopter,Medium,High,Medium,Low,Medium,Minimal Change,Yes,High,High,High
Accoount 1310,2,Lean High-Margin Accounts,0,Normal,-1.3351,1.0327,2.0,3.0,2.0,3.0,2.0,0.0,2.0,0.0,1.0,3.0,0.0,3.0,Potentially Seasonal,Early Adopter,Medium,High,Medium,Low,Medium,Minimal Change,Yes,High,Low,High
Accoount 1311,1,High-Volume Competitive Accounts,0,Normal,-1.9286,-2.4707,2.0,1.0,0.0,3.0,3.0,0.0,0.0,0.0,1.0,0.0,1.0,2.0,Potentially Seasonal,Unknown,Low,High,High,Low,Low,Minimal Change,-,Low,Unknown,Medium
Accoount 1312,3,High-Growth Potential Early Adopters,0,Normal,-1.0235,2.551,2.0,0.0,2.0,3.0,2.0,2.0,3.0,0.0,1.0,3.0,2.0,3.0,Potentially Seasonal,Late Adopter,Medium,High,Medium,Medium,High,Minimal Change,Yes,High,Medium,High
Accoount 1313,3,High-Growth Potential Early Adopters,0,Normal,-3.4655,0.8668,1.0,3.0,2.0,3.0,2.0,2.0,3.0,0.0,1.0,0.0,1.0,2.0,Unknown,Early Adopter,Medium,High,Medium,Medium,High,Minimal Change,-,Low,Unknown,Medium
Accoount 1314,1,High-Volume Competitive Accounts,0,Normal,-1.6713,-0.5374,2.0,1.0,2.0,3.0,2.0,0.0,2.0,0.0,1.0,0.0,3.0,2.0,Potentially Seasonal,Unknown,Medium,High,None,None,None,Minimal Change,-,Low,High,Medium
Accoount 1315,3,High-Growth Potential Early Adopters,0,Normal,-0.6737,2.8072,3.0,2.0,2.0,3.0,2.0,2.0,3.0,2.0,1.0,3.0,3.0,2.0,Highly Seasonal,Trend Follower,Medium,High,Medium,Medium,High,Encouraging,Yes,High,High,Medium
Accoount 1316,0,Standard / Low-Engagement Base,0,Normal,0.3313,-0.449,1.0,2.0,0.0,3.0,2.0,0.0,2.0,0.0,1.0,2.0,3.0,2.0,Unknown,None,Low,High,Medium,Low,Medium,Minimal Change,-,Medium,High,Medium
Accoount 1317,3,High-Growth Potential Early Adopters,0,Normal,-0.459,2.7658,2.0,2.0,2.0,3.0,2.0,2.0,3.0,0.0,1.0,3.0,3.0,3.0,Potentially Seasonal,Trend Follower,Medium,High,Medium,Medium,High,Minimal Change,Yes,High,High,High
Accoount 1318,3,High-Growth Potential Early Adopters,0,Normal,-3.7607,0.9888,3.0,1.0,2.0,3.0,2.0,2.0,3.0,0.0,1.0,0.0,1.0,2.0,Highly Seasonal,Unknown,Medium,High,Medium,Medium,High,Minimal Change,-,Low,Unknown,Medium
Accoount 1319,2,Lean High-Margin Accounts,0,Normal,0.448,-0.0291,1.0,2.0,0.0,3.0,2.0,0.0,2.0,0.0,1.0,3.0,2.0,2.0,None,None,None,None,Medium,Low,Medium,None,Yes,High,Medium,-
Accoount 1320,1,High-Volume Competitive Accounts,0,Normal,-1.5933,-1.5301,1.0,2.0,0.0,3.0,2.0,0.0,2.0,0.0,1.0,0.0,2.0,2.0,Unknown,None,Low,High,Medium,Low,Medium,Minimal Change,Yes,Low,Medium,-
Accoount 1321,2,Lean High-Margin Accounts,0,Normal,-0.2328,-0.5966,1.0,1.0,0.0,3.0,2.0,0.0,2.0,0.0,1.0,2.0,2.0,2.0,Unknown,Unknown,Low,High,Medium,Low,Medium,Minimal Change,-,Medium,Medium,Medium
Accoount 1322,1,High-Volume Competitive Accounts,0,Normal,-2.157,-1.6105,1.0,2.0,0.0,3.0,2.0,0.0,2.0,0.0,1.0,0.0,1.0,2.0,Unknown,None,Low,High,None,None,None,Minimal Change,-,Low,Unknown,-
Accoount 1323,3,High-Growth Potential Early Adopters,0,Normal,-2.0968,2.2014,2.0,1.0,2.0,3.0,3.0,2.0,3.0,0.0,1.0,3.0,0.0,2.0,Potentially Seasonal,Unknown,Medium,High,High,Medium,High,Minimal Change,Yes,High,Low,Medium
Accoount 1324,1,High-Volume Competitive Accounts,0,Normal,-2.3867,-1.4602,2.0,1.0,0.0,3.0,2.0,0.0,2.0,2.0,1.0,0.0,1.0,2.0,Potentially Seasonal,Unknown,Low,High,None,None,None,Encouraging,-,Low,Unknown,Medium
Accoount 1325,0,Standard / Low-Engagement Base,0,Normal,-0.5579,0.8217,2.0,0.0,3.0,3.0,2.0,0.0,2.0,0.0,1.0,2.0,3.0,2.0,Potentially Seasonal,Late Adopter,High,High,None,None,None,Minimal Change,-,Medium,High,Medium
Accoount 1326,3,High-Growth Potential Early Adopters,0,Normal,-0.5617,1.2695,1.0,2.0,0.0,3.0,0.0,2.0,3.0,0.0,1.0,2.0,3.0,2.0,Unknown,None,Low,High,Low,Medium,High,Minimal Change,Yes,Medium,High,Medium
Accoount 1327,0,Standard / Low-Engagement Base,0,Normal,1.0117,0.0513,1.0,2.0,0.0,3.0,2.0,0.0,2.0,0.0,1.0,3.0,3.0,2.0,None,None,None,None,None,None,None,None,Yes,High,High,-
Accoount 1328,3,High-Growth Potential Early Adopters,1,Outlier,-0.6546,1.0872,2.0,0.0,3.0,3.0,2.0,0.0,2.0,2.0,1.0,2.0,3.0,3.0,Potentially Seasonal,Late Adopter,High,High,None,None,None,Encouraging,-,Medium,High,High
Accoount 1329,2,Lean High-Margin Accounts,0,Normal,-0.645,-0.343,3.0,2.0,2.0,3.0,3.0,0.0,0.0,0.0,1.0,2.0,2.0,2.0,Highly Seasonal,Trend Follower,Medium,High,High,Low,Low,Minimal Change,-,Medium,Medium,Medium
Accoount 1330,3,High-Growth Potential Early Adopters,0,Normal,-2.2824,2.5437,3.0,3.0,2.0,3.0,2.0,2.0,3.0,0.0,1.0,3.0,0.0,2.0,Highly Seasonal,Early Adopter,Medium,High,Medium,Medium,High,Minimal Change,Yes,High,Low,Medium
Accoount 1331,0,Standard / Low-Engagement Base,0,Normal,1.0117,0.0513,1.0,2.0,0.0,3.0,2.0,0.0,2.0,0.0,1.0,3.0,3.0,2.0,Unknown,Trend Follower,Low,High,Medium,Low,Medium,Minimal Change,Yes,High,High,Medium
Accoount 1332,1,High-Volume Competitive Accounts,0,Normal,-2.3039,-1.4152,2.0,3.0,0.0,3.0,2.0,0.0,2.0,0.0,1.0,0.0,1.0,2.0,Potentially Seasonal,Early Adopter,Low,High,Medium,Low,Medium,Minimal Change,-,Low,Unknown,Medium
Accoount 1333,3,High-Growth Potential Early Adopters,1,Outlier,-2.2354,2.0708,2.0,0.0,0.0,0.0,0.0,3.0,4.0,0.0,1.0,3.0,0.0,0.0,Potentially Seasonal,Late Adopter,Low,Low,Low,High,Very High,Minimal Change,Yes,High,Low,Low
Accoount 1334,0,Standard / Low-Engagement Base,0,Normal,1.0117,0.0513,1.0,2.0,0.0,3.0,2.0,0.0,2.0,0.0,1.0,3.0,3.0,2.0,None,None,None,None,None,None,None,None,Yes,High,High,-
Accoount 1335,0,Standard / Low-Engagement Base,0,Normal,1.0117,0.0513,1.0,2.0,0.0,3.0,2.0,0.0,2.0,0.0,1.0,3.0,3.0,2.0,None,None,None,None,None,None,None,None,Yes,High,High,-
Accoount 1336,0,Standard / Low-Engagement Base,0,Normal,1.0117,0.0513,1.0,2.0,0.0,3.0,2.0,0.0,2.0,0.0,1.0,3.0,3.0,2.0,Unknown,None,None,None,None,None,None,None,Yes,High,High,-
Accoount 1337,0,Standard / Low-Engagement Base,0,Normal,1.0117,0.0513,1.0,2.0,0.0,3.0,2.0,0.0,2.0,0.0,1.0,3.0,3.0,2.0,Unknown,None,None,None,None,None,None,None,Yes,High,High,-
Accoount 1338,0,Standard / Low-Engagement Base,0,Normal,1.0117,0.0513,1.0,2.0,0.0,3.0,2.0,0.0,2.0,0.0,1.0,3.0,3.0,2.0,None,None,None,None,None,None,None,None,Yes,High,High,-
Accoount 1339,0,Standard / Low-Engagement Base,0,Normal,1.0117,0.0513,1.0,2.0,0.0,3.0,2.0,0.0,2.0,0.0,1.0,3.0,3.0,2.0,Unknown,None,None,None,None,None,None,None,Yes,High,High,-
Accoount 1340,0,Standard / Low-Engagement Base,0,Normal,1.0117,0.0513,1.0,2.0,0.0,3.0,2.0,0.0,2.0,0.0,1.0,3.0,3.0,2.0,Unknown,None,None,None,None,None,None,None,Yes,High,High,-
Accoount 1341,0,Standard / Low-Engagement Base,0,Normal,1.0117,0.0513,1.0,2.0,0.0,3.0,2.0,0.0,2.0,0.0,1.0,3.0,3.0,2.0,None,None,None,None,None,None,None,None,Yes,High,High,-
Accoount 1342,0,Standard / Low-Engagement Base,0,Normal,0.5601,-1.242,2.0,2.0,0.0,3.0,3.0,0.0,0.0,0.0,1.0,2.0,3.0,2.0,Potentially Seasonal,None,Low,High,High,Low,Low,Minimal Change,-,Medium,High,Medium
Accoount 1343,1,High-Volume Competitive Accounts,0,Normal,-1.1764,-1.2543,2.0,3.0,0.0,3.0,2.0,0.0,2.0,0.0,1.0,0.0,3.0,2.0,Potentially Seasonal,Early Adopter,Low,High,Medium,Low,Medium,Minimal Change,-,Low,High,Medium
Accoount 1344,0,Standard / Low-Engagement Base,0,Normal,1.0117,0.0513,1.0,2.0,0.0,3.0,2.0,0.0,2.0,0.0,1.0,3.0,3.0,2.0,None,None,None,None,None,None,None,None,Yes,High,High,-
Accoount 1345,0,Standard / Low-Engagement Base,0,Normal,0.3313,-0.449,1.0,2.0,0.0,3.0,2.0,0.0,2.0,0.0,1.0,2.0,3.0,2.0,None,None,None,None,Medium,Low,Medium,None,-,Medium,High,-
Accoount 1346,0,Standard / Low-Engagement Base,0,Normal,0.253,-0.2893,1.0,2.0,0.0,3.0,0.0,0.0,2.0,0.0,1.0,2.0,3.0,2.0,None,None,None,None,Low,Low,Medium,None,-,Medium,High,-
Accoount 1347,0,Standard / Low-Engagement Base,0,Normal,1.0117,0.0513,1.0,2.0,0.0,3.0,2.0,0.0,2.0,0.0,1.0,3.0,3.0,2.0,None,None,None,None,None,None,None,None,Yes,High,High,-
Accoount 1348,1,High-Volume Competitive Accounts,0,Normal,-2.3863,-1.393,2.0,2.0,0.0,3.0,2.0,0.0,2.0,2.0,1.0,0.0,1.0,2.0,Potentially Seasonal,None,Low,High,None,None,None,Encouraging,-,Low,Unknown,Medium
Accoount 1349,2,Lean High-Margin Accounts,0,Normal,-0.2325,-0.5294,1.0,2.0,0.0,3.0,2.0,0.0,2.0,0.0,1.0,2.0,2.0,2.0,Unknown,None,Low,High,None,None,None,Minimal Change,-,Medium,Medium,Medium
Accoount 1350,0,Standard / Low-Engagement Base,0,Normal,1.0117,0.0513,1.0,2.0,0.0,3.0,2.0,0.0,2.0,0.0,1.0,3.0,3.0,2.0,None,None,None,None,None,None,None,None,Yes,High,High,-
Accoount 1351,0,Standard / Low-Engagement Base,0,Normal,0.3313,-0.449,1.0,2.0,0.0,3.0,2.0,0.0,2.0,0.0,1.0,2.0,3.0,2.0,Unknown,None,Low,High,Medium,Low,Medium,Minimal Change,-,Medium,High,-
Accoount 1352,2,Lean High-Margin Accounts,0,Normal,-0.2325,-0.5294,1.0,2.0,0.0,3.0,2.0,0.0,2.0,0.0,1.0,2.0,2.0,2.0,Unknown,None,None,None,None,None,None,Minimal Change,-,Medium,Medium,-
Accoount 1353,2,Lean High-Margin Accounts,0,Normal,0.3004,0.0319,2.0,1.0,0.0,3.0,2.0,0.0,2.0,0.0,1.0,3.0,2.0,2.0,Potentially Seasonal,Unknown,Low,High,Medium,Low,Medium,Minimal Change,Yes,High,Medium,Medium
Accoount 1354,1,High-Volume Competitive Accounts,0,Normal,-1.5933,-1.5301,1.0,2.0,0.0,3.0,2.0,0.0,2.0,0.0,1.0,0.0,2.0,2.0,Unknown,None,None,None,Medium,Low,Medium,None,-,Low,Medium,-
Accoount 1355,3,High-Growth Potential Early Adopters,0,Normal,-0.6616,1.719,3.0,1.0,0.0,3.0,2.0,2.0,3.0,0.0,1.0,3.0,2.0,2.0,Highly Seasonal,Unknown,Low,High,Medium,Medium,High,Minimal Change,Yes,High,Medium,Medium
Accoount 1356,3,High-Growth Potential Early Adopters,0,Normal,-1.5725,1.5286,1.0,2.0,0.0,3.0,0.0,2.0,3.0,0.0,1.0,3.0,0.0,2.0,None,None,None,None,Low,Medium,High,None,Yes,High,Low,-
Accoount 1357,0,Standard / Low-Engagement Base,0,Normal,0.7293,0.1125,2.0,1.0,0.0,0.0,2.0,0.0,2.0,2.0,1.0,3.0,3.0,2.0,Potentially Seasonal,Unknown,Low,Low,None,None,None,Encouraging,-,-,-,Medium
Accoount 1358,0,Standard / Low-Engagement Base,0,Normal,1.0117,0.0513,1.0,2.0,0.0,3.0,2.0,0.0,2.0,0.0,1.0,3.0,3.0,2.0,None,None,None,None,None,None,None,None,-,-,-,-
Accoount 1359,0,Standard / Low-Engagement Base,0,Normal,1.0117,0.0513,1.0,2.0,0.0,3.0,2.0,0.0,2.0,0.0,1.0,3.0,3.0,2.0,Unknown,None,None,None,None,None,None,None,-,-,-,-
Accoount 1360,0,Standard / Low-Engagement Base,0,Normal,1.0117,0.0513,1.0,2.0,0.0,3.0,2.0,0.0,2.0,0.0,1.0,3.0,3.0,2.0,None,None,None,None,None,None,None,None,-,-,-,-
Accoount 1361,0,Standard / Low-Engagement Base,0,Normal,1.0117,0.0513,1.0,2.0,0.0,3.0,2.0,0.0,2.0,0.0,1.0,3.0,3.0,2.0,None,None,None,None,None,None,None,None,-,-,-,-
Accoount 1362,0,Standard / Low-Engagement Base,0,Normal,1.0117,0.0513,1.0,2.0,0.0,3.0,2.0,0.0,2.0,0.0,1.0,3.0,3.0,2.0,None,None,None,None,None,None,None,None,-,-,-,-
Accoount 1363,0,Standard / Low-Engagement Base,0,Normal,1.0117,0.0513,1.0,2.0,0.0,3.0,2.0,0.0,2.0,0.0,1.0,3.0,3.0,2.0,None,None,None,None,None,None,None,None,-,-,-,-
Accoount 1364,0,Standard / Low-Engagement Base,0,Normal,1.0117,0.0513,1.0,2.0,0.0,3.0,2.0,0.0,2.0,0.0,1.0,3.0,3.0,2.0,None,None,None,None,None,None,None,None,-,-,-,-
Accoount 1365,0,Standard / Low-Engagement Base,0,Normal,1.0117,0.0513,1.0,2.0,0.0,3.0,2.0,0.0,2.0,0.0,1.0,3.0,3.0,2.0,None,None,None,None,None,None,None,None,-,-,-,-
Accoount 1366,0,Standard / Low-Engagement Base,0,Normal,1.0117,0.0513,1.0,2.0,0.0,3.0,2.0,0.0,2.0,0.0,1.0,3.0,3.0,2.0,None,None,None,None,None,None,None,None,-,-,-,-
Accoount 1367,0,Standard / Low-Engagement Base,0,Normal,1.0117,0.0513,1.0,2.0,0.0,3.0,2.0,0.0,2.0,0.0,1.0,3.0,3.0,2.0,None,None,None,None,None,None,None,None,-,-,-,-
Accoount 1368,0,Standard / Low-Engagement Base,0,Normal,1.0117,0.0513,1.0,2.0,0.0,3.0,2.0,0.0,2.0,0.0,1.0,3.0,3.0,2.0,None,None,None,None,None,None,None,None,-,-,-,-
Accoount 1369,1,High-Volume Competitive Accounts,0,Normal,-1.2173,-2.4513,1.0,2.0,0.0,3.0,3.0,0.0,0.0,0.0,1.0,0.0,2.0,2.0,Unknown,None,Low,High,High,Low,Low,Minimal Change,-,Low,Medium,-
Accoount 1370,0,Standard / Low-Engagement Base,0,Normal,1.0117,0.0513,1.0,2.0,0.0,3.0,2.0,0.0,2.0,0.0,1.0,3.0,3.0,2.0,Unknown,None,None,None,None,None,None,None,-,-,-,Medium
Accoount 1371,0,Standard / Low-Engagement Base,1,Outlier,0.689,0.2914,2.0,3.0,0.0,0.0,2.0,0.0,2.0,3.0,1.0,3.0,3.0,2.0,Potentially Seasonal,Early Adopter,Low,Low,None,None,None,Concerning,-,-,-,Medium
Accoount 1372,0,Standard / Low-Engagement Base,0,Normal,1.0117,0.0513,1.0,2.0,0.0,3.0,2.0,0.0,2.0,0.0,1.0,3.0,3.0,2.0,None,None,None,None,None,None,None,None,Yes,High,High,-
Accoount 1373,0,Standard / Low-Engagement Base,0,Normal,0.3313,-0.449,1.0,2.0,0.0,3.0,2.0,0.0,2.0,0.0,1.0,2.0,3.0,2.0,None,None,None,None,None,None,None,None,-,Medium,High,-
Accoount 1374,2,Lean High-Margin Accounts,0,Normal,-0.1158,-0.1095,1.0,2.0,0.0,3.0,2.0,0.0,2.0,0.0,1.0,3.0,1.0,2.0,None,None,None,None,None,None,None,None,Yes,High,Unknown,-
Accoount 1375,0,Standard / Low-Engagement Base,0,Normal,1.0117,0.0513,1.0,2.0,0.0,3.0,2.0,0.0,2.0,0.0,1.0,3.0,3.0,2.0,None,None,None,None,None,None,None,None,-,-,-,-
Accoount 1376,0,Standard / Low-Engagement Base,0,Normal,1.0117,0.0513,1.0,2.0,0.0,3.0,2.0,0.0,2.0,0.0,1.0,3.0,3.0,2.0,None,None,None,None,None,None,None,None,-,-,-,-
Accoount 1377,2,Lean High-Margin Accounts,0,Normal,-0.2325,-0.5294,1.0,2.0,0.0,3.0,2.0,0.0,2.0,0.0,1.0,2.0,2.0,2.0,Unknown,None,None,None,None,None,None,None,-,Medium,Medium,-
Accoount 1378,1,High-Volume Competitive Accounts,0,Normal,-1.5933,-1.5301,1.0,2.0,0.0,3.0,2.0,0.0,2.0,0.0,1.0,0.0,2.0,2.0,Unknown,None,None,None,None,None,None,None,Yes,Low,Medium,-
Accoount 1379,2,Lean High-Margin Accounts,0,Normal,-0.7962,-0.6099,1.0,2.0,0.0,3.0,2.0,0.0,2.0,0.0,1.0,2.0,1.0,2.0,Unknown,None,None,None,None,None,None,Minimal Change,-,Medium,Unknown,-
Accoount 1380,2,Lean High-Margin Accounts,0,Normal,0.448,-0.0291,1.0,2.0,0.0,3.0,2.0,0.0,2.0,0.0,1.0,3.0,2.0,2.0,Unknown,None,None,None,None,None,None,None,Yes,High,Medium,-
Accoount 1381,0,Standard / Low-Engagement Base,0,Normal,1.0117,0.0513,1.0,2.0,0.0,3.0,2.0,0.0,2.0,0.0,1.0,3.0,3.0,2.0,None,None,None,None,None,None,None,None,Yes,High,High,-
Accoount 1382,0,Standard / Low-Engagement Base,0,Normal,0.1841,-0.3208,2.0,2.0,0.0,3.0,2.0,0.0,2.0,0.0,1.0,2.0,3.0,2.0,Potentially Seasonal,None,Low,High,None,None,None,Minimal Change,-,Medium,High,Medium
Accoount 1383,1,High-Volume Competitive Accounts,0,Normal,-2.157,-1.6105,1.0,2.0,0.0,3.0,2.0,0.0,2.0,0.0,1.0,0.0,1.0,2.0,None,None,None,None,None,None,None,None,Yes,Low,Unknown,-
Accoount 1384,2,Lean High-Margin Accounts,0,Normal,-0.7962,-0.6099,1.0,2.0,0.0,3.0,2.0,0.0,2.0,0.0,1.0,2.0,1.0,2.0,None,None,None,None,None,None,None,None,Yes,Medium,Unknown,-
Accoount 1385,0,Standard / Low-Engagement Base,0,Normal,1.0117,0.0513,1.0,2.0,0.0,3.0,2.0,0.0,2.0,0.0,1.0,3.0,3.0,2.0,Unknown,None,None,None,None,None,None,None,-,-,-,-
Accoount 1386,0,Standard / Low-Engagement Base,0,Normal,1.0117,0.0513,1.0,2.0,0.0,3.0,2.0,0.0,2.0,0.0,1.0,3.0,3.0,2.0,Unknown,None,None,None,None,None,None,None,Yes,High,High,-
Accoount 1387,0,Standard / Low-Engagement Base,0,Normal,1.0117,0.0513,1.0,2.0,0.0,3.0,2.0,0.0,2.0,0.0,1.0,3.0,3.0,2.0,None,None,None,None,None,None,None,None,Yes,High,High,-
Accoount 1388,1,High-Volume Competitive Accounts,0,Normal,-2.157,-1.6105,1.0,2.0,0.0,3.0,2.0,0.0,2.0,0.0,1.0,0.0,1.0,2.0,None,None,None,None,None,None,None,None,-,Low,Unknown,-
Accoount 1389,0,Standard / Low-Engagement Base,0,Normal,1.0117,0.0513,1.0,2.0,0.0,3.0,2.0,0.0,2.0,0.0,1.0,3.0,3.0,2.0,None,None,None,None,None,None,None,None,-,-,-,-
Accoount 1390,0,Standard / Low-Engagement Base,0,Normal,1.0117,0.0513,1.0,2.0,0.0,3.0,2.0,0.0,2.0,0.0,1.0,3.0,3.0,2.0,None,None,None,None,None,None,None,None,Yes,High,High,-
Accoount 1391,0,Standard / Low-Engagement Base,0,Normal,1.0117,0.0513,1.0,2.0,0.0,3.0,2.0,0.0,2.0,0.0,1.0,3.0,3.0,2.0,None,None,None,None,None,None,None,None,Yes,High,High,-
Accoount 1392,0,Standard / Low-Engagement Base,0,Normal,1.0117,0.0513,1.0,2.0,0.0,3.0,2.0,0.0,2.0,0.0,1.0,3.0,3.0,2.0,Unknown,None,Low,High,None,None,None,None,Yes,High,High,-
Accoount 1393,1,High-Volume Competitive Accounts,0,Normal,-2.7207,-1.6909,1.0,2.0,0.0,3.0,2.0,0.0,2.0,0.0,1.0,0.0,0.0,2.0,Unknown,None,None,None,None,None,None,None,-,Low,Low,-
Accoount 1394,2,Lean High-Margin Accounts,0,Normal,-0.2325,-0.5294,1.0,2.0,0.0,3.0,2.0,0.0,2.0,0.0,1.0,2.0,2.0,2.0,Unknown,None,None,None,None,None,None,None,-,Medium,Medium,-
Accoount 1395,1,High-Volume Competitive Accounts,0,Normal,-1.5933,-1.5301,1.0,2.0,0.0,3.0,2.0,0.0,2.0,0.0,1.0,0.0,2.0,2.0,None,None,None,None,None,None,None,None,-,Low,Medium,-
Accoount 1396,0,Standard / Low-Engagement Base,0,Normal,0.959,-0.0379,1.0,2.0,0.0,0.0,2.0,0.0,2.0,0.0,1.0,3.0,3.0,2.0,Unknown,None,Low,Low,None,None,None,None,Yes,High,High,Medium
Accoount 1397,0,Standard / Low-Engagement Base,0,Normal,1.0117,0.0513,1.0,2.0,0.0,3.0,2.0,0.0,2.0,0.0,1.0,3.0,3.0,2.0,None,None,None,None,None,None,None,None,Yes,High,High,-
Accoount 1398,0,Standard / Low-Engagement Base,0,Normal,1.0117,0.0513,1.0,2.0,0.0,3.0,2.0,0.0,2.0,0.0,1.0,3.0,3.0,2.0,None,None,None,None,None,None,None,None,Yes,High,High,-
Accoount 1399,0,Standard / Low-Engagement Base,0,Normal,1.0117,0.0513,1.0,2.0,0.0,3.0,2.0,0.0,2.0,0.0,1.0,3.0,3.0,2.0,None,None,None,None,None,None,None,None,Yes,High,High,-
Accoount 1400,0,Standard / Low-Engagement Base,0,Normal,1.0117,0.0513,1.0,2.0,0.0,3.0,2.0,0.0,2.0,0.0,1.0,3.0,3.0,2.0,None,None,None,None,None,None,None,None,Yes,High,High,-
Accoount 1401,0,Standard / Low-Engagement Base,0,Normal,1.0117,0.0513,1.0,2.0,0.0,3.0,2.0,0.0,2.0,0.0,1.0,3.0,3.0,2.0,None,None,None,None,None,None,None,None,Yes,High,High,-
Accoount 1402,0,Standard / Low-Engagement Base,0,Normal,1.0117,0.0513,1.0,2.0,0.0,3.0,2.0,0.0,2.0,0.0,1.0,3.0,3.0,2.0,None,None,None,None,None,None,None,None,Yes,High,High,-
Accoount 1403,1,High-Volume Competitive Accounts,0,Normal,-2.157,-1.6105,1.0,2.0,0.0,3.0,2.0,0.0,2.0,0.0,1.0,0.0,1.0,2.0,None,None,None,None,None,None,None,None,-,Low,Unknown,-
Accoount 1404,1,High-Volume Competitive Accounts,0,Normal,-2.3039,-1.4152,2.0,3.0,0.0,3.0,2.0,0.0,2.0,0.0,1.0,0.0,1.0,2.0,Potentially Seasonal,Early Adopter,Low,High,Medium,Low,Medium,Minimal Change,Yes,Low,Unknown,Medium
Accoount 1405,3,High-Growth Potential Early Adopters,0,Normal,-1.5686,3.3155,0.0,3.0,3.0,3.0,2.0,3.0,4.0,0.0,1.0,2.0,3.0,2.0,Non Seasonal,Early Adopter,High,High,Medium,High,Very High,Minimal Change,Yes,Medium,High,Medium
Accoount 1406,3,High-Growth Potential Early Adopters,0,Normal,-3.3183,0.7386,0.0,3.0,2.0,3.0,2.0,2.0,3.0,0.0,1.0,0.0,1.0,2.0,Non Seasonal,Early Adopter,Medium,High,Medium,Medium,High,Minimal Change,-,Low,Unknown,Medium
Accoount 1407,3,High-Growth Potential Early Adopters,0,Normal,-1.5417,1.8135,1.0,1.0,2.0,3.0,2.0,2.0,3.0,0.0,1.0,2.0,2.0,2.0,Unknown,Unknown,Medium,High,Medium,Medium,High,Minimal Change,-,Medium,Medium,Medium
Accoount 1408,3,High-Growth Potential Early Adopters,0,Normal,-0.0979,1.7994,3.0,1.0,0.0,3.0,2.0,2.0,3.0,0.0,1.0,3.0,3.0,2.0,Highly Seasonal,Unknown,Low,High,Medium,Medium,High,Minimal Change,Yes,High,High,Medium
Accoount 1409,3,High-Growth Potential Early Adopters,1,Outlier,0.0211,1.655,1.0,2.0,0.0,0.0,2.0,2.0,3.0,3.0,1.0,3.0,3.0,2.0,Unknown,None,Low,Low,Medium,Medium,High,Concerning,Yes,High,High,-
Accoount 1410,0,Standard / Low-Engagement Base,0,Normal,1.0117,0.0513,1.0,2.0,0.0,3.0,2.0,0.0,2.0,0.0,1.0,3.0,3.0,2.0,Unknown,None,None,None,None,None,None,None,Yes,High,High,-
Accoount 1411,1,High-Volume Competitive Accounts,0,Normal,-2.422,-1.4851,2.0,3.0,2.0,3.0,3.0,0.0,0.0,0.0,1.0,0.0,1.0,2.0,Potentially Seasonal,Early Adopter,Medium,High,High,Low,Low,Minimal Change,-,Low,Unknown,Medium
Accoount 1412,0,Standard / Low-Engagement Base,0,Normal,0.2613,1.437,0.0,0.0,0.0,3.0,2.0,2.0,3.0,2.0,1.0,3.0,3.0,2.0,Non Seasonal,Late Adopter,Low,High,Medium,Medium,High,Encouraging,Yes,High,High,Medium
Accoount 1413,1,High-Volume Competitive Accounts,0,Normal,-1.7405,-1.4019,2.0,2.0,0.0,3.0,2.0,0.0,2.0,0.0,1.0,0.0,2.0,2.0,Potentially Seasonal,None,Low,High,Medium,Low,Medium,Minimal Change,-,Low,Medium,Medium
Accoount 1414,1,High-Volume Competitive Accounts,0,Normal,-2.157,-1.6105,1.0,2.0,0.0,3.0,2.0,0.0,2.0,0.0,1.0,0.0,1.0,2.0,Unknown,None,Low,High,Medium,Low,Medium,Minimal Change,Yes,Low,Unknown,Medium
Accoount 1415,3,High-Growth Potential Early Adopters,0,Normal,-1.761,4.1679,2.0,3.0,3.0,3.0,2.0,3.0,4.0,0.0,1.0,3.0,2.0,3.0,Potentially Seasonal,Early Adopter,High,High,Medium,High,Very High,Minimal Change,-,High,Medium,High
Accoount 1416,2,Lean High-Margin Accounts,0,Normal,0.6768,-0.8221,2.0,2.0,0.0,3.0,3.0,0.0,0.0,0.0,1.0,3.0,2.0,2.0,Potentially Seasonal,None,Low,High,High,Low,Low,Minimal Change,Yes,High,Medium,Medium
Accoount 1417,0,Standard / Low-Engagement Base,0,Normal,-0.3108,0.3961,2.0,0.0,2.0,3.0,2.0,0.0,2.0,0.0,1.0,2.0,3.0,2.0,Potentially Seasonal,Late Adopter,Medium,High,Medium,Low,Medium,Minimal Change,Yes,Medium,High,Medium
Accoount 1418,3,High-Growth Potential Early Adopters,0,Normal,0.0493,1.6713,2.0,1.0,0.0,3.0,2.0,2.0,3.0,0.0,1.0,3.0,3.0,2.0,Potentially Seasonal,Unknown,Low,High,Medium,Medium,High,Minimal Change,Yes,High,High,Medium
Accoount 1419,0,Standard / Low-Engagement Base,0,Normal,0.1841,-0.3208,2.0,2.0,0.0,3.0,2.0,0.0,2.0,0.0,1.0,2.0,3.0,2.0,Potentially Seasonal,None,Low,High,Medium,Low,Medium,Minimal Change,-,Medium,High,Medium
Accoount 1420,0,Standard / Low-Engagement Base,0,Normal,1.3877,-0.8699,1.0,2.0,0.0,3.0,3.0,0.0,0.0,0.0,1.0,3.0,3.0,2.0,Unknown,None,Low,High,High,Low,Low,Minimal Change,-,High,High,-
Accoount 1421,1,High-Volume Competitive Accounts,0,Normal,-2.6519,-0.8936,1.0,0.0,2.0,3.0,2.0,0.0,2.0,0.0,1.0,0.0,1.0,2.0,Unknown,Late Adopter,Medium,High,Medium,Low,Medium,Minimal Change,-,Low,Unknown,Medium
Accoount 1422,1,High-Volume Competitive Accounts,0,Normal,-1.5933,-1.5301,1.0,2.0,0.0,3.0,2.0,0.0,2.0,0.0,1.0,0.0,2.0,2.0,None,None,None,None,None,None,None,None,-,Low,Medium,-
Accoount 1423,3,High-Growth Potential Early Adopters,0,Normal,-0.9506,3.7555,2.0,2.0,2.0,3.0,2.0,3.0,4.0,0.0,1.0,3.0,3.0,3.0,Potentially Seasonal,Trend Follower,Medium,High,Medium,High,Very High,Minimal Change,Yes,High,High,High
Accoount 1424,3,High-Growth Potential Early Adopters,0,Normal,-0.5324,0.9173,1.0,2.0,0.0,3.0,0.0,2.0,3.0,0.0,1.0,2.0,3.0,0.0,None,None,None,None,Low,Medium,High,None,-,Medium,High,Low
Accoount 1425,0,Standard / Low-Engagement Base,0,Normal,0.3313,-0.449,1.0,2.0,0.0,3.0,2.0,0.0,2.0,0.0,1.0,2.0,3.0,2.0,Unknown,None,Low,High,Medium,Low,Medium,Minimal Change,-,Medium,High,-
Accoount 1426,1,High-Volume Competitive Accounts,0,Normal,-0.8004,-2.1755,2.0,3.0,0.0,3.0,3.0,0.0,0.0,0.0,1.0,0.0,3.0,2.0,Potentially Seasonal,Early Adopter,Low,High,High,Low,Low,Minimal Change,-,Low,High,Medium
Accoount 1427,0,Standard / Low-Engagement Base,0,Normal,1.0117,0.0513,1.0,2.0,0.0,3.0,2.0,0.0,2.0,0.0,1.0,3.0,3.0,2.0,Unknown,None,None,None,None,None,None,None,Yes,High,High,-
Accoount 1428,0,Standard / Low-Engagement Base,0,Normal,0.9334,0.211,1.0,2.0,0.0,3.0,0.0,0.0,2.0,0.0,1.0,3.0,3.0,2.0,Unknown,None,Low,High,Low,Low,Medium,Minimal Change,-,High,High,Medium
Accoount 1429,1,High-Volume Competitive Accounts,0,Normal,-3.0148,-1.3674,3.0,3.0,0.0,3.0,2.0,0.0,2.0,0.0,1.0,0.0,0.0,2.0,Highly Seasonal,Early Adopter,Low,High,Medium,Low,Medium,Minimal Change,-,Low,Low,Medium
Accoount 1430,3,High-Growth Potential Early Adopters,1,Outlier,-3.9717,2.0327,1.0,3.0,2.0,3.0,2.0,3.0,4.0,0.0,1.0,0.0,1.0,3.0,Unknown,Early Adopter,Medium,High,Medium,High,Very High,Minimal Change,Yes,Low,Unknown,High
Accoount 1431,0,Standard / Low-Engagement Base,0,Normal,1.0117,0.0513,1.0,2.0,0.0,3.0,2.0,0.0,2.0,0.0,1.0,3.0,3.0,2.0,Unknown,None,Low,High,None,None,None,Minimal Change,Yes,High,High,-
Accoount 1432,0,Standard / Low-Engagement Base,0,Normal,1.0117,0.0513,1.0,2.0,0.0,3.0,2.0,0.0,2.0,0.0,1.0,3.0,3.0,2.0,Unknown,None,Low,High,None,None,None,Minimal Change,Yes,High,High,Medium
Accoount 1433,0,Standard / Low-Engagement Base,0,Normal,1.0117,0.0513,1.0,2.0,0.0,3.0,2.0,0.0,2.0,0.0,1.0,3.0,3.0,2.0,None,None,None,None,None,None,None,None,Yes,High,High,-
Accoount 1434,0,Standard / Low-Engagement Base,0,Normal,1.0117,0.0513,1.0,2.0,0.0,3.0,2.0,0.0,2.0,0.0,1.0,3.0,3.0,2.0,None,None,None,None,None,None,None,None,Yes,High,High,-
Accoount 1435,0,Standard / Low-Engagement Base,0,Normal,1.0117,0.0513,1.0,2.0,0.0,3.0,2.0,0.0,2.0,0.0,1.0,3.0,3.0,2.0,Unknown,None,None,None,None,None,None,None,Yes,High,High,-
Accoount 1436,0,Standard / Low-Engagement Base,0,Normal,1.0117,0.0513,1.0,2.0,0.0,3.0,2.0,0.0,2.0,0.0,1.0,3.0,3.0,2.0,None,None,None,None,None,None,None,None,Yes,High,High,-
Accoount 1437,1,High-Volume Competitive Accounts,0,Normal,-1.5933,-1.5301,1.0,2.0,0.0,3.0,2.0,0.0,2.0,0.0,1.0,0.0,2.0,2.0,Unknown,None,Low,High,None,None,None,Minimal Change,Yes,Low,Medium,-
Accoount 1438,1,High-Volume Competitive Accounts,0,Normal,-1.5933,-1.5301,1.0,2.0,0.0,3.0,2.0,0.0,2.0,0.0,1.0,0.0,2.0,2.0,Unknown,None,Low,High,None,None,None,Minimal Change,-,Low,Medium,-
Accoount 1439,3,High-Growth Potential Early Adopters,0,Normal,-1.4085,2.6458,2.0,3.0,2.0,3.0,3.0,3.0,3.0,0.0,1.0,2.0,3.0,2.0,Potentially Seasonal,Early Adopter,Medium,High,High,High,High,Minimal Change,-,Medium,High,Medium
Accoount 1440,0,Standard / Low-Engagement Base,0,Normal,0.7073,-1.3702,1.0,2.0,0.0,3.0,3.0,0.0,0.0,0.0,1.0,2.0,3.0,2.0,None,None,None,None,High,Low,Low,None,-,Medium,High,-
Accoount 1441,0,Standard / Low-Engagement Base,0,Normal,1.0117,0.0513,1.0,2.0,0.0,3.0,2.0,0.0,2.0,0.0,1.0,3.0,3.0,2.0,None,None,None,None,None,None,None,None,-,High,High,-
Accoount 1442,2,Lean High-Margin Accounts,0,Normal,0.5295,-0.6939,3.0,2.0,0.0,3.0,3.0,0.0,0.0,0.0,1.0,3.0,2.0,2.0,Highly Seasonal,None,Low,High,High,Low,Low,Minimal Change,Yes,High,Medium,Medium
Accoount 1443,3,High-Growth Potential Early Adopters,0,Normal,-1.0975,3.9509,3.0,3.0,2.0,3.0,2.0,3.0,4.0,0.0,1.0,3.0,3.0,3.0,Highly Seasonal,Early Adopter,Medium,High,Medium,High,Very High,Minimal Change,Yes,High,High,High
Accoount 1444,2,Lean High-Margin Accounts,0,Normal,-0.2325,-0.5294,1.0,2.0,0.0,3.0,2.0,0.0,2.0,0.0,1.0,2.0,2.0,2.0,Unknown,None,Low,High,None,None,None,None,-,Medium,Medium,Medium
Accoount 1445,0,Standard / Low-Engagement Base,0,Normal,1.0117,0.0513,1.0,2.0,0.0,3.0,2.0,0.0,2.0,0.0,1.0,3.0,3.0,2.0,Unknown,None,Low,High,None,None,None,Minimal Change,-,High,High,-
Accoount 1446,2,Lean High-Margin Accounts,0,Normal,-0.2325,-0.5294,1.0,2.0,0.0,3.0,2.0,0.0,2.0,0.0,1.0,2.0,2.0,2.0,None,None,None,None,None,None,None,None,-,Medium,Medium,-
Accoount 1447,0,Standard / Low-Engagement Base,0,Normal,1.0117,0.0513,1.0,2.0,0.0,3.0,2.0,0.0,2.0,0.0,1.0,3.0,3.0,2.0,Unknown,None,None,None,None,None,None,None,Yes,High,High,-
Accoount 1448,1,High-Volume Competitive Accounts,0,Normal,-2.157,-1.6105,1.0,2.0,0.0,3.0,2.0,0.0,2.0,0.0,1.0,0.0,1.0,2.0,None,None,None,None,None,None,None,None,-,Low,Unknown,-
Accoount 1449,0,Standard / Low-Engagement Base,0,Normal,0.8118,0.0903,2.0,2.0,0.0,0.0,2.0,0.0,2.0,0.0,1.0,3.0,3.0,2.0,Potentially Seasonal,None,Low,Low,None,None,None,Minimal Change,-,-,-,Medium
Accoount 1450,0,Standard / Low-Engagement Base,0,Normal,1.0117,0.0513,1.0,2.0,0.0,3.0,2.0,0.0,2.0,0.0,1.0,3.0,3.0,2.0,Unknown,None,None,None,None,None,None,None,-,-,-,-
Accoount 1451,0,Standard / Low-Engagement Base,0,Normal,1.0117,0.0513,1.0,2.0,0.0,3.0,2.0,0.0,2.0,0.0,1.0,3.0,3.0,2.0,None,None,None,None,None,None,None,None,-,-,-,-
Accoount 1452,0,Standard / Low-Engagement Base,0,Normal,1.0117,0.0513,1.0,2.0,0.0,3.0,2.0,0.0,2.0,0.0,1.0,3.0,3.0,2.0,None,None,None,None,None,None,None,None,Yes,High,High,-
Accoount 1453,0,Standard / Low-Engagement Base,0,Normal,1.0117,0.0513,1.0,2.0,0.0,3.0,2.0,0.0,2.0,0.0,1.0,3.0,3.0,2.0,None,None,None,None,None,None,None,None,-,-,-,-
Accoount 1454,0,Standard / Low-Engagement Base,0,Normal,1.0117,0.0513,1.0,2.0,0.0,3.0,2.0,0.0,2.0,0.0,1.0,3.0,3.0,2.0,None,None,None,None,None,None,None,None,-,-,-,-
Accoount 1455,2,Lean High-Margin Accounts,0,Normal,-0.6795,-0.19,1.0,2.0,0.0,3.0,2.0,0.0,2.0,0.0,1.0,3.0,0.0,2.0,None,None,None,None,None,None,None,None,-,High,Low,-
Accoount 1456,0,Standard / Low-Engagement Base,0,Normal,1.0117,0.0513,1.0,2.0,0.0,3.0,2.0,0.0,2.0,0.0,1.0,3.0,3.0,2.0,None,None,None,None,None,None,None,None,-,-,-,-
Accoount 1457,0,Standard / Low-Engagement Base,0,Normal,1.0117,0.0513,1.0,2.0,0.0,3.0,2.0,0.0,2.0,0.0,1.0,3.0,3.0,2.0,None,None,None,None,None,None,None,None,-,-,-,-
Accoount 1458,0,Standard / Low-Engagement Base,0,Normal,1.0117,0.0513,1.0,2.0,0.0,3.0,2.0,0.0,2.0,0.0,1.0,3.0,3.0,2.0,None,None,None,None,None,None,None,None,-,-,-,-
Accoount 1459,0,Standard / Low-Engagement Base,0,Normal,1.0117,0.0513,1.0,2.0,0.0,3.0,2.0,0.0,2.0,0.0,1.0,3.0,3.0,2.0,None,None,None,None,None,None,None,None,-,-,-,-
Accoount 1460,0,Standard / Low-Engagement Base,0,Normal,0.3313,-0.449,1.0,2.0,0.0,3.0,2.0,0.0,2.0,0.0,1.0,2.0,3.0,2.0,None,None,None,None,Medium,Low,Medium,None,-,Medium,High,-
Accoount 1461,0,Standard / Low-Engagement Base,0,Normal,1.0117,0.0513,1.0,2.0,0.0,3.0,2.0,0.0,2.0,0.0,1.0,3.0,3.0,2.0,None,None,None,None,None,None,None,None,-,-,-,-
Accoount 1462,0,Standard / Low-Engagement Base,0,Normal,0.7169,0.2406,3.0,1.0,0.0,3.0,2.0,0.0,2.0,0.0,1.0,3.0,3.0,2.0,Highly Seasonal,Unknown,Low,High,None,None,None,Minimal Change,Yes,High,High,Medium
Accoount 1463,0,Standard / Low-Engagement Base,0,Normal,1.0117,0.0513,1.0,2.0,0.0,3.0,2.0,0.0,2.0,0.0,1.0,3.0,3.0,2.0,None,None,None,None,None,None,None,None,-,-,-,-
Accoount 1464,0,Standard / Low-Engagement Base,0,Normal,1.0121,0.1185,1.0,3.0,0.0,3.0,2.0,0.0,2.0,0.0,1.0,3.0,3.0,2.0,Unknown,Early Adopter,None,None,None,None,None,None,-,-,-,Medium
Accoount 1465,0,Standard / Low-Engagement Base,0,Normal,1.0117,0.0513,1.0,2.0,0.0,3.0,2.0,0.0,2.0,0.0,1.0,3.0,3.0,2.0,Unknown,None,Low,High,None,None,None,Minimal Change,Yes,High,High,-
Accoount 1466,2,Lean High-Margin Accounts,0,Normal,0.448,-0.0291,1.0,2.0,0.0,3.0,2.0,0.0,2.0,0.0,1.0,3.0,2.0,2.0,None,None,None,None,Medium,Low,Medium,None,Yes,High,Medium,-
Accoount 1467,3,High-Growth Potential Early Adopters,0,Normal,-0.9502,3.8227,2.0,3.0,2.0,3.0,2.0,3.0,4.0,0.0,1.0,3.0,3.0,3.0,Potentially Seasonal,Early Adopter,Medium,High,Medium,High,Very High,Minimal Change,-,High,High,High
Accoount 1468,1,High-Volume Competitive Accounts,0,Normal,-2.6511,-0.7593,1.0,2.0,2.0,3.0,2.0,0.0,2.0,0.0,1.0,0.0,1.0,2.0,Unknown,None,Medium,High,None,None,None,Minimal Change,-,Low,Unknown,-
Accoount 1469,0,Standard / Low-Engagement Base,0,Normal,1.0117,0.0513,1.0,2.0,0.0,3.0,2.0,0.0,2.0,0.0,1.0,3.0,3.0,2.0,None,None,None,None,None,None,None,None,Yes,High,High,-
Accoount 1470,0,Standard / Low-Engagement Base,0,Normal,0.0368,-0.1926,3.0,2.0,0.0,3.0,2.0,0.0,2.0,0.0,1.0,2.0,3.0,2.0,Highly Seasonal,None,None,None,None,None,None,Minimal Change,-,Medium,High,-
Accoount 1471,0,Standard / Low-Engagement Base,0,Normal,1.0117,0.0513,1.0,2.0,0.0,3.0,2.0,0.0,2.0,0.0,1.0,3.0,3.0,2.0,None,None,None,None,None,None,None,None,-,-,-,-
Accoount 1472,0,Standard / Low-Engagement Base,0,Normal,1.0117,0.0513,1.0,2.0,0.0,3.0,2.0,0.0,2.0,0.0,1.0,3.0,3.0,2.0,None,None,None,None,None,None,None,None,-,-,-,-
Accoount 1473,0,Standard / Low-Engagement Base,0,Normal,1.0117,0.0513,1.0,2.0,0.0,3.0,2.0,0.0,2.0,0.0,1.0,3.0,3.0,2.0,Unknown,None,None,None,None,None,None,None,-,-,-,-
Accoount 1474,0,Standard / Low-Engagement Base,0,Normal,1.0117,0.0513,1.0,2.0,0.0,3.0,2.0,0.0,2.0,0.0,1.0,3.0,3.0,2.0,None,None,None,None,None,None,None,None,-,-,-,-
Accoount 1475,0,Standard / Low-Engagement Base,0,Normal,1.0117,0.0513,1.0,2.0,0.0,3.0,2.0,0.0,2.0,0.0,1.0,3.0,3.0,2.0,Unknown,None,None,None,None,None,None,None,Yes,High,High,-
Accoount 1476,0,Standard / Low-Engagement Base,0,Normal,1.0117,0.0513,1.0,2.0,0.0,3.0,2.0,0.0,2.0,0.0,1.0,3.0,3.0,2.0,Unknown,None,None,None,None,None,None,None,Yes,High,High,-
Accoount 1477,0,Standard / Low-Engagement Base,0,Normal,0.1833,-0.4551,2.0,0.0,0.0,3.0,2.0,0.0,2.0,0.0,1.0,2.0,3.0,2.0,Potentially Seasonal,Late Adopter,Low,High,None,None,None,Minimal Change,-,Medium,High,Medium
Accoount 1478,2,Lean High-Margin Accounts,0,Normal,-0.6795,-0.19,1.0,2.0,0.0,3.0,2.0,0.0,2.0,0.0,1.0,3.0,0.0,2.0,Unknown,None,None,None,None,None,None,None,Yes,High,Low,-
Accoount 1479,0,Standard / Low-Engagement Base,0,Normal,1.0117,0.0513,1.0,2.0,0.0,3.0,2.0,0.0,2.0,0.0,1.0,3.0,3.0,2.0,None,None,None,None,None,None,None,None,Yes,High,High,-
Accoount 1480,0,Standard / Low-Engagement Base,0,Normal,1.0117,0.0513,1.0,2.0,0.0,3.0,2.0,0.0,2.0,0.0,1.0,3.0,3.0,2.0,None,None,None,None,None,None,None,None,Yes,High,High,-
Accoount 1481,0,Standard / Low-Engagement Base,0,Normal,0.3313,-0.449,1.0,2.0,0.0,3.0,2.0,0.0,2.0,0.0,1.0,2.0,3.0,2.0,None,None,None,None,None,None,None,None,-,Medium,High,-
Accoount 1482,1,High-Volume Competitive Accounts,0,Normal,-2.157,-1.6105,1.0,2.0,0.0,3.0,2.0,0.0,2.0,0.0,1.0,0.0,1.0,2.0,Unknown,None,None,None,None,None,None,Minimal Change,-,Low,Unknown,-
Accoount 1483,2,Lean High-Margin Accounts,0,Normal,-0.7962,-0.6099,1.0,2.0,0.0,3.0,2.0,0.0,2.0,0.0,1.0,2.0,1.0,2.0,None,None,None,None,None,None,None,None,Yes,Medium,Unknown,-
Accoount 1484,0,Standard / Low-Engagement Base,0,Normal,1.0117,0.0513,1.0,2.0,0.0,3.0,2.0,0.0,2.0,0.0,1.0,3.0,3.0,2.0,None,None,None,None,None,None,None,None,Yes,High,High,-
Accoount 1485,2,Lean High-Margin Accounts,0,Normal,0.448,-0.0291,1.0,2.0,0.0,3.0,2.0,0.0,2.0,0.0,1.0,3.0,2.0,2.0,Unknown,None,None,None,None,None,None,None,Yes,High,Medium,-
Accoount 1486,2,Lean High-Margin Accounts,0,Normal,0.448,-0.0291,1.0,2.0,0.0,3.0,2.0,0.0,2.0,0.0,1.0,3.0,2.0,2.0,Unknown,None,None,None,None,None,None,None,Yes,High,Medium,-
Accoount 1487,2,Lean High-Margin Accounts,0,Normal,-0.6795,-0.19,1.0,2.0,0.0,3.0,2.0,0.0,2.0,0.0,1.0,3.0,0.0,2.0,Unknown,None,None,None,None,None,None,None,Yes,High,Low,-
Accoount 1488,0,Standard / Low-Engagement Base,0,Normal,1.0117,0.0513,1.0,2.0,0.0,3.0,2.0,0.0,2.0,0.0,1.0,3.0,3.0,2.0,Unknown,None,Low,High,None,None,None,None,Yes,High,High,-
Accoount 1489,0,Standard / Low-Engagement Base,0,Normal,1.0117,0.0513,1.0,2.0,0.0,3.0,2.0,0.0,2.0,0.0,1.0,3.0,3.0,2.0,Unknown,None,Low,High,None,None,None,None,Yes,High,High,-
Accoount 1490,0,Standard / Low-Engagement Base,0,Normal,1.0117,0.0513,1.0,2.0,0.0,3.0,2.0,0.0,2.0,0.0,1.0,3.0,3.0,2.0,Unknown,None,Low,High,None,None,None,None,Yes,High,High,-
Accoount 1491,0,Standard / Low-Engagement Base,0,Normal,1.0117,0.0513,1.0,2.0,0.0,3.0,2.0,0.0,2.0,0.0,1.0,3.0,3.0,2.0,Unknown,None,Low,High,None,None,None,None,Yes,High,High,-
Accoount 1492,0,Standard / Low-Engagement Base,0,Normal,1.0117,0.0513,1.0,2.0,0.0,3.0,2.0,0.0,2.0,0.0,1.0,3.0,3.0,2.0,Unknown,None,None,None,None,None,None,None,Yes,High,High,-
Accoount 1493,0,Standard / Low-Engagement Base,0,Normal,1.0117,0.0513,1.0,2.0,0.0,3.0,2.0,0.0,2.0,0.0,1.0,3.0,3.0,2.0,None,None,None,None,None,None,None,None,Yes,High,High,-
Accoount 1494,2,Lean High-Margin Accounts,0,Normal,-0.2325,-0.5294,1.0,2.0,0.0,3.0,2.0,0.0,2.0,0.0,1.0,2.0,2.0,2.0,Unknown,None,None,None,None,None,None,None,Yes,Medium,Medium,-
Accoount 1495,0,Standard / Low-Engagement Base,0,Normal,1.0117,0.0513,1.0,2.0,0.0,3.0,2.0,0.0,2.0,0.0,1.0,3.0,3.0,2.0,None,None,None,None,None,None,None,None,Yes,High,High,-
Accoount 1496,0,Standard / Low-Engagement Base,0,Normal,1.0117,0.0513,1.0,2.0,0.0,3.0,2.0,0.0,2.0,0.0,1.0,3.0,3.0,2.0,Unknown,None,Low,High,None,None,None,None,Yes,High,High,-
Accoount 1497,0,Standard / Low-Engagement Base,0,Normal,1.0117,0.0513,1.0,2.0,0.0,3.0,2.0,0.0,2.0,0.0,1.0,3.0,3.0,2.0,None,None,None,None,None,None,None,None,-,-,-,-
Accoount 1498,2,Lean High-Margin Accounts,0,Normal,-0.7962,-0.6099,1.0,2.0,0.0,3.0,2.0,0.0,2.0,0.0,1.0,2.0,1.0,2.0,Unknown,None,Low,High,None,None,None,None,Yes,Medium,Unknown,-
Accoount 1499,3,High-Growth Potential Early Adopters,0,Normal,-0.4598,2.6314,2.0,0.0,2.0,3.0,2.0,2.0,3.0,0.0,1.0,3.0,3.0,3.0,Potentially Seasonal,Late Adopter,Medium,High,Medium,Medium,High,Minimal Change,Yes,High,High,High
Accoount 1500,3,High-Growth Potential Early Adopters,0,Normal,-2.2665,2.1717,2.0,3.0,2.0,3.0,2.0,2.0,3.0,0.0,1.0,2.0,1.0,3.0,Potentially Seasonal,Early Adopter,Medium,High,Medium,Medium,High,Minimal Change,Yes,Medium,Unknown,High
Accoount 1501,0,Standard / Low-Engagement Base,0,Normal,1.0117,0.0513,1.0,2.0,0.0,3.0,2.0,0.0,2.0,0.0,1.0,3.0,3.0,2.0,None,None,None,None,None,None,None,None,-,-,-,-
Accoount 1502,2,Lean High-Margin Accounts,0,Normal,-0.7962,-0.6099,1.0,2.0,0.0,3.0,2.0,0.0,2.0,0.0,1.0,2.0,1.0,2.0,None,None,None,None,None,None,None,None,-,Medium,Unknown,-
Accoount 1503,2,Lean High-Margin Accounts,0,Normal,-0.2325,-0.5294,1.0,2.0,0.0,3.0,2.0,0.0,2.0,0.0,1.0,2.0,2.0,2.0,None,None,None,None,None,None,None,None,Yes,Medium,Medium,-
Accoount 1504,0,Standard / Low-Engagement Base,0,Normal,1.0117,0.0513,1.0,2.0,0.0,3.0,2.0,0.0,2.0,0.0,1.0,3.0,3.0,2.0,None,None,None,None,None,None,None,None,-,-,-,-
Accoount 1505,0,Standard / Low-Engagement Base,0,Normal,1.0117,0.0513,1.0,2.0,0.0,3.0,2.0,0.0,2.0,0.0,1.0,3.0,3.0,2.0,None,None,None,None,None,None,None,None,-,-,-,-
Accoount 1506,0,Standard / Low-Engagement Base,0,Normal,1.0117,0.0513,1.0,2.0,0.0,3.0,2.0,0.0,2.0,0.0,1.0,3.0,3.0,2.0,Unknown,None,None,None,None,None,None,None,-,-,-,-
Accoount 1507,3,High-Growth Potential Early Adopters,0,Normal,-3.4659,0.7996,1.0,2.0,2.0,3.0,2.0,2.0,3.0,0.0,1.0,0.0,1.0,2.0,Unknown,None,Medium,High,Medium,Medium,High,Minimal Change,Yes,Low,Unknown,Medium
Accoount 1508,1,High-Volume Competitive Accounts,0,Normal,-2.157,-1.6105,1.0,2.0,0.0,3.0,2.0,0.0,2.0,0.0,1.0,0.0,1.0,2.0,Unknown,None,Low,High,Medium,Low,Medium,Minimal Change,Yes,Low,Unknown,-
Accoount 1509,3,High-Growth Potential Early Adopters,0,Normal,-1.6164,3.0791,2.0,2.0,2.0,3.0,2.0,3.0,4.0,0.0,1.0,2.0,3.0,2.0,Potentially Seasonal,None,Medium,High,Medium,High,Very High,Minimal Change,Yes,Medium,High,Medium
Accoount 1510,3,High-Growth Potential Early Adopters,1,Outlier,-2.0348,2.1661,1.0,2.0,0.0,3.0,0.0,3.0,4.0,0.0,1.0,3.0,0.0,0.0,Unknown,None,None,None,Low,High,Very High,None,Yes,High,Low,Low
Accoount 1511,0,Standard / Low-Engagement Base,0,Normal,1.0117,0.0513,1.0,2.0,0.0,3.0,2.0,0.0,2.0,0.0,1.0,3.0,3.0,2.0,Unknown,None,Low,High,None,None,None,Minimal Change,Yes,High,High,-
Accoount 1512,0,Standard / Low-Engagement Base,0,Normal,1.0117,0.0513,1.0,2.0,0.0,3.0,2.0,0.0,2.0,0.0,1.0,3.0,3.0,2.0,None,None,None,None,None,None,None,None,-,-,-,-
Accoount 1513,0,Standard / Low-Engagement Base,0,Normal,1.0117,0.0513,1.0,2.0,0.0,3.0,2.0,0.0,2.0,0.0,1.0,3.0,3.0,2.0,None,None,None,None,None,None,None,None,-,-,-,-
Accoount 1514,0,Standard / Low-Engagement Base,0,Normal,1.0117,0.0513,1.0,2.0,0.0,3.0,2.0,0.0,2.0,0.0,1.0,3.0,3.0,2.0,Unknown,None,None,None,None,None,None,None,-,-,-,-
Accoount 1515,3,High-Growth Potential Early Adopters,0,Normal,-3.6274,1.1711,2.0,3.0,2.0,3.0,2.0,2.0,3.0,0.0,1.0,0.0,1.0,3.0,Potentially Seasonal,Early Adopter,Medium,High,Medium,Medium,High,Minimal Change,-,Low,Unknown,High
Accoount 1516,0,Standard / Low-Engagement Base,0,Normal,1.0117,0.0513,1.0,2.0,0.0,3.0,2.0,0.0,2.0,0.0,1.0,3.0,3.0,2.0,None,None,None,None,None,None,None,None,-,-,-,-
Accoount 1517,0,Standard / Low-Engagement Base,0,Normal,1.1593,-0.0097,0.0,3.0,0.0,3.0,2.0,0.0,2.0,0.0,1.0,3.0,3.0,2.0,Non Seasonal,Early Adopter,Low,High,None,None,None,Minimal Change,Yes,High,High,Medium
Accoount 1518,0,Standard / Low-Engagement Base,0,Normal,-0.0166,-0.4161,3.0,0.0,0.0,0.0,2.0,0.0,2.0,0.0,1.0,2.0,3.0,2.0,Highly Seasonal,Late Adopter,Low,Low,None,None,None,Minimal Change,-,Medium,High,-
Accoount 1519,0,Standard / Low-Engagement Base,0,Normal,1.0117,0.0513,1.0,2.0,0.0,3.0,2.0,0.0,2.0,0.0,1.0,3.0,3.0,2.0,Unknown,None,Low,High,None,None,None,None,Yes,High,High,-
Accoount 1520,1,High-Volume Competitive Accounts,1,Outlier,-2.0989,-2.7168,3.0,2.0,0.0,0.0,3.0,0.0,0.0,0.0,1.0,0.0,1.0,0.0,Highly Seasonal,None,Low,Low,High,Low,Low,Minimal Change,-,Low,Unknown,Low
Accoount 1521,0,Standard / Low-Engagement Base,0,Normal,1.0117,0.0513,1.0,2.0,0.0,3.0,2.0,0.0,2.0,0.0,1.0,3.0,3.0,2.0,None,None,None,None,None,None,None,None,Yes,High,High,-
Accoount 1522,0,Standard / Low-Engagement Base,0,Normal,1.0117,0.0513,1.0,2.0,0.0,3.0,2.0,0.0,2.0,0.0,1.0,3.0,3.0,2.0,None,None,None,None,None,None,None,None,Yes,High,High,Medium
Accoount 1523,2,Lean High-Margin Accounts,0,Normal,-0.3107,-0.3698,1.0,2.0,0.0,3.0,0.0,0.0,2.0,0.0,1.0,2.0,2.0,2.0,Unknown,None,Low,High,Low,Low,Medium,Minimal Change,Yes,Medium,Medium,-
Accoount 1524,1,High-Volume Competitive Accounts,0,Normal,-2.3039,-1.4152,2.0,3.0,0.0,3.0,2.0,0.0,2.0,0.0,1.0,0.0,1.0,2.0,Potentially Seasonal,Early Adopter,Low,High,Medium,Low,Medium,Minimal Change,Yes,Low,Unknown,Medium
Accoount 1525,0,Standard / Low-Engagement Base,0,Normal,1.0117,0.0513,1.0,2.0,0.0,3.0,2.0,0.0,2.0,0.0,1.0,3.0,3.0,2.0,Unknown,None,Low,High,Medium,Low,Medium,Minimal Change,Yes,High,High,Medium
Accoount 1526,0,Standard / Low-Engagement Base,0,Normal,1.0117,0.0513,1.0,2.0,0.0,3.0,2.0,0.0,2.0,0.0,1.0,3.0,3.0,2.0,Unknown,None,None,None,None,None,None,None,Yes,High,High,-
Accoount 1527,0,Standard / Low-Engagement Base,0,Normal,1.0117,0.0513,1.0,2.0,0.0,3.0,2.0,0.0,2.0,0.0,1.0,3.0,3.0,2.0,Unknown,None,None,None,None,None,None,None,Yes,High,High,-
Accoount 1528,3,High-Growth Potential Early Adopters,1,Outlier,-2.5452,2.9439,3.0,0.0,3.0,3.0,2.0,2.0,3.0,0.0,1.0,3.0,0.0,3.0,Highly Seasonal,Late Adopter,High,High,Medium,Medium,High,Minimal Change,-,High,Low,High
Accoount 1529,0,Standard / Low-Engagement Base,0,Normal,1.0117,0.0513,1.0,2.0,0.0,3.0,2.0,0.0,2.0,0.0,1.0,3.0,3.0,2.0,None,None,None,None,None,None,None,None,-,-,-,-
Accoount 1530,0,Standard / Low-Engagement Base,0,Normal,1.0117,0.0513,1.0,2.0,0.0,3.0,2.0,0.0,2.0,0.0,1.0,3.0,3.0,2.0,None,None,None,None,None,None,None,None,-,-,-,-
Accoount 1531,0,Standard / Low-Engagement Base,0,Normal,1.0117,0.0513,1.0,2.0,0.0,3.0,2.0,0.0,2.0,0.0,1.0,3.0,3.0,2.0,None,None,None,None,None,None,None,None,-,-,-,-
Accoount 1532,0,Standard / Low-Engagement Base,0,Normal,1.0117,0.0513,1.0,2.0,0.0,3.0,2.0,0.0,2.0,0.0,1.0,3.0,3.0,2.0,None,None,None,None,None,None,None,None,-,-,-,-
Accoount 1533,3,High-Growth Potential Early Adopters,0,Normal,-1.6109,0.949,1.0,2.0,0.0,3.0,2.0,2.0,3.0,0.0,1.0,2.0,1.0,2.0,Unknown,None,Low,High,Medium,Medium,High,Minimal Change,-,Medium,Unknown,-
Accoount 1534,3,High-Growth Potential Early Adopters,0,Normal,0.0493,1.6713,2.0,1.0,0.0,3.0,2.0,2.0,3.0,0.0,1.0,3.0,3.0,2.0,Potentially Seasonal,Unknown,Low,High,Medium,Medium,High,Minimal Change,-,High,High,Medium
Accoount 1535,2,Lean High-Margin Accounts,0,Normal,-0.6795,-0.19,1.0,2.0,0.0,3.0,2.0,0.0,2.0,0.0,1.0,3.0,0.0,2.0,None,None,None,None,None,None,None,None,Yes,High,Low,-
Accoount 1536,0,Standard / Low-Engagement Base,0,Normal,1.0117,0.0513,1.0,2.0,0.0,3.0,2.0,0.0,2.0,0.0,1.0,3.0,3.0,2.0,None,None,None,None,None,None,None,None,Yes,High,High,-
Accoount 1537,0,Standard / Low-Engagement Base,0,Normal,1.0117,0.0513,1.0,2.0,0.0,3.0,2.0,0.0,2.0,0.0,1.0,3.0,3.0,2.0,None,None,None,None,None,None,None,None,-,-,-,-
Accoount 1538,0,Standard / Low-Engagement Base,0,Normal,0.9334,0.211,1.0,2.0,0.0,3.0,0.0,0.0,2.0,0.0,1.0,3.0,3.0,2.0,Unknown,None,Low,High,Low,Low,Medium,Minimal Change,Yes,High,High,-
Accoount 1539,3,High-Growth Potential Early Adopters,1,Outlier,-2.8885,4.007,2.0,3.0,3.0,3.0,2.0,3.0,4.0,0.0,1.0,3.0,0.0,3.0,Potentially Seasonal,Early Adopter,High,High,Medium,High,Very High,Minimal Change,-,High,Low,High
Accoount 1540,1,High-Volume Competitive Accounts,0,Normal,-1.3649,-2.3902,2.0,1.0,0.0,3.0,3.0,0.0,0.0,0.0,1.0,0.0,2.0,2.0,Potentially Seasonal,Unknown,Low,High,High,Low,Low,Minimal Change,-,Low,Medium,Medium
Accoount 1541,0,Standard / Low-Engagement Base,0,Normal,0.3309,-0.5161,1.0,1.0,0.0,3.0,2.0,0.0,2.0,0.0,1.0,2.0,3.0,2.0,Unknown,Unknown,Low,High,Medium,Low,Medium,Minimal Change,-,Medium,High,Medium
Accoount 1542,0,Standard / Low-Engagement Base,0,Normal,1.0117,0.0513,1.0,2.0,0.0,3.0,2.0,0.0,2.0,0.0,1.0,3.0,3.0,2.0,Unknown,None,None,None,None,None,None,None,Yes,High,High,-
Accoount 1543,3,High-Growth Potential Early Adopters,0,Normal,-1.836,1.304,2.0,3.0,0.0,3.0,0.0,2.0,3.0,0.0,1.0,2.0,1.0,2.0,Potentially Seasonal,Early Adopter,Low,High,Low,Medium,High,Minimal Change,Yes,Medium,Unknown,Medium
Accoount 1544,3,High-Growth Potential Early Adopters,0,Normal,-0.6608,1.8533,3.0,3.0,0.0,3.0,2.0,2.0,3.0,0.0,1.0,3.0,2.0,2.0,Highly Seasonal,Early Adopter,Low,High,Medium,Medium,High,Minimal Change,Yes,High,Medium,Medium
Accoount 1545,2,Lean High-Margin Accounts,0,Normal,0.448,-0.0291,1.0,2.0,0.0,3.0,2.0,0.0,2.0,0.0,1.0,3.0,2.0,2.0,Unknown,None,None,None,None,None,None,None,Yes,High,Medium,-
Accoount 1546,0,Standard / Low-Engagement Base,0,Normal,0.2003,-0.3786,1.0,2.0,0.0,0.0,0.0,0.0,2.0,0.0,1.0,2.0,3.0,2.0,Unknown,None,Low,Low,Low,Low,Medium,Minimal Change,-,Medium,High,-
Accoount 1547,1,High-Volume Competitive Accounts,0,Normal,-1.5933,-1.5301,1.0,2.0,0.0,3.0,2.0,0.0,2.0,0.0,1.0,0.0,2.0,2.0,Unknown,None,Low,High,None,None,None,Minimal Change,-,Low,Medium,-
Accoount 1548,0,Standard / Low-Engagement Base,0,Normal,1.0117,0.0513,1.0,2.0,0.0,3.0,2.0,0.0,2.0,0.0,1.0,3.0,3.0,2.0,Unknown,None,None,None,None,None,None,None,-,-,-,-
Accoount 1549,2,Lean High-Margin Accounts,0,Normal,-1.1429,-0.3756,3.0,3.0,0.0,0.0,2.0,0.0,2.0,0.0,1.0,2.0,1.0,2.0,Highly Seasonal,Early Adopter,Low,Low,None,None,None,Minimal Change,-,Medium,Unknown,Medium
Accoount 1550,2,Lean High-Margin Accounts,0,Normal,0.448,-0.0291,1.0,2.0,0.0,3.0,2.0,0.0,2.0,0.0,1.0,3.0,2.0,2.0,Unknown,None,None,None,None,None,None,None,Yes,High,Medium,-
Accoount 1551,0,Standard / Low-Engagement Base,0,Normal,1.0117,0.0513,1.0,2.0,0.0,3.0,2.0,0.0,2.0,0.0,1.0,3.0,3.0,2.0,Unknown,None,Low,High,None,None,None,None,Yes,High,High,-
Accoount 1552,2,Lean High-Margin Accounts,0,Normal,0.448,-0.0291,1.0,2.0,0.0,3.0,2.0,0.0,2.0,0.0,1.0,3.0,2.0,2.0,Unknown,None,None,None,None,None,None,None,Yes,High,Medium,-
Accoount 1553,0,Standard / Low-Engagement Base,0,Normal,1.0117,0.0513,1.0,2.0,0.0,3.0,2.0,0.0,2.0,0.0,1.0,3.0,3.0,2.0,None,None,None,None,None,None,None,None,-,-,-,-
Accoount 1554,0,Standard / Low-Engagement Base,0,Normal,1.0117,0.0513,1.0,2.0,0.0,3.0,2.0,0.0,2.0,0.0,1.0,3.0,3.0,2.0,Unknown,None,None,None,None,None,None,None,Yes,High,High,-
Accoount 1555,0,Standard / Low-Engagement Base,0,Normal,1.0117,0.0513,1.0,2.0,0.0,3.0,2.0,0.0,2.0,0.0,1.0,3.0,3.0,2.0,None,None,None,None,None,None,None,None,-,-,-,-
Accoount 1556,2,Lean High-Margin Accounts,0,Normal,-0.6502,-0.5422,1.0,2.0,0.0,3.0,2.0,0.0,2.0,0.0,1.0,3.0,0.0,0.0,None,None,None,None,None,None,None,None,Yes,High,Low,Low
Accoount 1557,1,High-Volume Competitive Accounts,0,Normal,-1.2173,-2.4513,1.0,2.0,0.0,3.0,3.0,0.0,0.0,0.0,1.0,0.0,2.0,2.0,Unknown,None,Low,High,High,Low,Low,Minimal Change,-,Low,Medium,-
Accoount 1558,0,Standard / Low-Engagement Base,0,Normal,0.102,-0.2315,2.0,2.0,0.0,3.0,2.0,0.0,2.0,2.0,1.0,2.0,3.0,2.0,Potentially Seasonal,None,Low,High,Medium,Low,Medium,Encouraging,-,Medium,High,Medium
Accoount 1559,2,Lean High-Margin Accounts,0,Normal,0.5947,-0.7328,2.0,2.0,0.0,3.0,3.0,0.0,0.0,2.0,1.0,3.0,2.0,2.0,Potentially Seasonal,None,Low,High,High,Low,Low,Encouraging,Yes,High,Medium,Medium
Accoount 1560,1,High-Volume Competitive Accounts,0,Normal,-2.7207,-1.6909,1.0,2.0,0.0,3.0,2.0,0.0,2.0,0.0,1.0,0.0,0.0,2.0,Unknown,None,Low,High,Medium,Low,Medium,Minimal Change,Yes,Low,Low,Medium
Accoount 1561,2,Lean High-Margin Accounts,0,Normal,-0.056,-1.3445,2.0,3.0,0.0,0.0,3.0,0.0,0.0,0.0,1.0,2.0,2.0,2.0,Potentially Seasonal,Early Adopter,Low,Low,High,Low,Low,Minimal Change,Yes,Medium,Medium,-
Accoount 1562,1,High-Volume Competitive Accounts,0,Normal,-1.4172,-2.4123,2.0,2.0,0.0,0.0,3.0,0.0,0.0,0.0,1.0,0.0,2.0,2.0,Potentially Seasonal,Trend Follower,Low,Low,High,Low,Low,Minimal Change,-,Low,Medium,-
Accoount 1563,2,Lean High-Margin Accounts,0,Normal,-0.2325,-0.5294,1.0,2.0,0.0,3.0,2.0,0.0,2.0,0.0,1.0,2.0,2.0,2.0,Unknown,None,Low,High,None,None,None,Minimal Change,-,Medium,Medium,-
Accoount 1564,0,Standard / Low-Engagement Base,0,Normal,1.0117,0.0513,1.0,2.0,0.0,3.0,2.0,0.0,2.0,0.0,1.0,3.0,3.0,2.0,None,None,None,None,None,None,None,None,-,-,-,-
Accoount 1565,0,Standard / Low-Engagement Base,0,Normal,1.0117,0.0513,1.0,2.0,0.0,3.0,2.0,0.0,2.0,0.0,1.0,3.0,3.0,2.0,None,None,None,None,None,None,None,None,-,-,-,-
Accoount 1566,0,Standard / Low-Engagement Base,0,Normal,1.0117,0.0513,1.0,2.0,0.0,3.0,2.0,0.0,2.0,0.0,1.0,3.0,3.0,2.0,None,None,None,None,None,None,None,None,-,-,-,-
Accoount 1567,3,High-Growth Potential Early Adopters,0,Normal,-1.6885,2.0089,2.0,2.0,2.0,3.0,2.0,2.0,3.0,0.0,1.0,2.0,2.0,2.0,Potentially Seasonal,Trend Follower,Medium,High,Medium,Medium,High,Minimal Change,-,Medium,Medium,Medium
Accoount 1568,0,Standard / Low-Engagement Base,0,Normal,1.0117,0.0513,1.0,2.0,0.0,3.0,2.0,0.0,2.0,0.0,1.0,3.0,3.0,2.0,None,None,None,None,None,None,None,None,Yes,High,High,-
Accoount 1569,0,Standard / Low-Engagement Base,0,Normal,1.0117,0.0513,1.0,2.0,0.0,3.0,2.0,0.0,2.0,0.0,1.0,3.0,3.0,2.0,Unknown,None,Low,High,None,None,None,None,Yes,High,High,-
Accoount 1570,0,Standard / Low-Engagement Base,0,Normal,0.3313,-0.449,1.0,2.0,0.0,3.0,2.0,0.0,2.0,0.0,1.0,2.0,3.0,2.0,None,None,None,None,Medium,Low,Medium,None,-,Medium,High,-
Accoount 1571,0,Standard / Low-Engagement Base,0,Normal,0.1841,-0.3208,2.0,2.0,0.0,3.0,2.0,0.0,2.0,0.0,1.0,2.0,3.0,2.0,Potentially Seasonal,None,Low,High,Medium,Low,Medium,Minimal Change,Yes,Medium,High,Medium
Accoount 1572,0,Standard / Low-Engagement Base,0,Normal,0.1966,1.5431,1.0,1.0,0.0,3.0,2.0,2.0,3.0,0.0,1.0,3.0,3.0,2.0,Unknown,Unknown,Low,High,Medium,Medium,High,Minimal Change,Yes,High,High,Medium
Accoount 1573,0,Standard / Low-Engagement Base,0,Normal,1.0117,0.0513,1.0,2.0,0.0,3.0,2.0,0.0,2.0,0.0,1.0,3.0,3.0,2.0,Unknown,None,Low,High,None,None,None,Minimal Change,Yes,High,High,-
Accoount 1574,0,Standard / Low-Engagement Base,0,Normal,1.0117,0.0513,1.0,2.0,0.0,3.0,2.0,0.0,2.0,0.0,1.0,3.0,3.0,2.0,Unknown,None,None,None,None,None,None,None,Yes,High,High,-
Accoount 1575,0,Standard / Low-Engagement Base,0,Normal,1.0117,0.0513,1.0,2.0,0.0,3.0,2.0,0.0,2.0,0.0,1.0,3.0,3.0,2.0,None,None,None,None,None,None,None,None,-,-,-,-
Accoount 1576,3,High-Growth Potential Early Adopters,0,Normal,0.1187,1.7699,1.0,2.0,0.0,3.0,0.0,2.0,3.0,0.0,1.0,3.0,3.0,2.0,Unknown,None,Low,High,Low,Medium,High,Minimal Change,Yes,High,High,-
Accoount 1577,0,Standard / Low-Engagement Base,0,Normal,1.0117,0.0513,1.0,2.0,0.0,3.0,2.0,0.0,2.0,0.0,1.0,3.0,3.0,2.0,None,None,None,None,None,None,None,None,-,-,-,-
Accoount 1578,0,Standard / Low-Engagement Base,0,Normal,1.0117,0.0513,1.0,2.0,0.0,3.0,2.0,0.0,2.0,0.0,1.0,3.0,3.0,2.0,Unknown,None,None,None,None,None,None,None,Yes,High,High,-
Accoount 1579,3,High-Growth Potential Early Adopters,1,Outlier,-3.0123,3.128,3.0,3.0,3.0,3.0,3.0,3.0,3.0,2.0,1.0,2.0,1.0,2.0,Highly Seasonal,Early Adopter,High,High,High,High,High,Encouraging,Yes,Medium,Unknown,Medium
Accoount 1580,2,Lean High-Margin Accounts,0,Normal,-0.3107,-0.3698,1.0,2.0,0.0,3.0,0.0,0.0,2.0,0.0,1.0,2.0,2.0,2.0,Unknown,None,Low,High,Low,Low,Medium,Minimal Change,-,Medium,Medium,Medium
Accoount 1581,1,High-Volume Competitive Accounts,0,Normal,-1.0296,-1.4496,1.0,2.0,0.0,3.0,2.0,0.0,2.0,0.0,1.0,0.0,3.0,2.0,Unknown,None,Low,High,Medium,Low,Medium,Minimal Change,Yes,Low,High,-
Accoount 1582,2,Lean High-Margin Accounts,0,Normal,0.5292,-0.7611,3.0,1.0,0.0,3.0,3.0,0.0,0.0,0.0,1.0,3.0,2.0,2.0,Highly Seasonal,Unknown,Low,High,High,Low,Low,Minimal Change,Yes,High,Medium,Medium
Accoount 1583,3,High-Growth Potential Early Adopters,0,Normal,-2.3998,1.9895,3.0,1.0,2.0,3.0,2.0,2.0,3.0,0.0,1.0,2.0,1.0,2.0,Highly Seasonal,Unknown,Medium,High,Medium,Medium,High,Minimal Change,Yes,Medium,Unknown,Medium
Accoount 1584,0,Standard / Low-Engagement Base,0,Normal,1.0117,0.0513,1.0,2.0,0.0,3.0,2.0,0.0,2.0,0.0,1.0,3.0,3.0,2.0,None,None,None,None,None,None,None,None,Yes,High,High,-
Accoount 1585,0,Standard / Low-Engagement Base,0,Normal,1.0117,0.0513,1.0,2.0,0.0,3.0,2.0,0.0,2.0,0.0,1.0,3.0,3.0,2.0,Unknown,None,None,None,None,None,None,None,-,-,-,-
Accoount 1586,0,Standard / Low-Engagement Base,0,Normal,1.0408,-0.1468,0.0,2.0,2.0,3.0,3.0,0.0,0.0,0.0,1.0,3.0,3.0,2.0,Non Seasonal,Trend Follower,Medium,High,High,Low,Low,Minimal Change,Yes,High,High,Medium
Accoount 1587,2,Lean High-Margin Accounts,0,Normal,-0.2325,-0.5294,1.0,2.0,0.0,3.0,2.0,0.0,2.0,0.0,1.0,2.0,2.0,2.0,None,None,None,None,None,None,None,None,-,Medium,Medium,-
Accoount 1588,2,Lean High-Margin Accounts,0,Normal,0.448,-0.0291,1.0,2.0,0.0,3.0,2.0,0.0,2.0,0.0,1.0,3.0,2.0,2.0,Unknown,None,None,None,None,None,None,None,Yes,High,Medium,-
Accoount 1589,2,Lean High-Margin Accounts,0,Normal,0.448,-0.0291,1.0,2.0,0.0,3.0,2.0,0.0,2.0,0.0,1.0,3.0,2.0,2.0,Unknown,None,None,None,None,None,None,None,Yes,High,Medium,-
Accoount 1590,0,Standard / Low-Engagement Base,0,Normal,1.335,-0.9591,1.0,2.0,0.0,0.0,3.0,0.0,0.0,0.0,1.0,3.0,3.0,2.0,Unknown,None,Low,Low,High,Low,Low,Minimal Change,-,High,High,-
Accoount 1591,0,Standard / Low-Engagement Base,0,Normal,0.3445,1.5492,0.0,3.0,0.0,3.0,2.0,2.0,3.0,0.0,1.0,3.0,3.0,2.0,Non Seasonal,Early Adopter,Low,High,Medium,Medium,High,Minimal Change,Yes,High,High,Medium
Accoount 1592,3,High-Growth Potential Early Adopters,0,Normal,-1.1977,4.1812,2.0,2.0,3.0,3.0,2.0,3.0,4.0,0.0,1.0,3.0,3.0,3.0,Potentially Seasonal,Trend Follower,High,High,Medium,High,Very High,Minimal Change,Yes,High,High,High
Accoount 1593,3,High-Growth Potential Early Adopters,1,Outlier,-1.5432,1.1763,1.0,2.0,0.0,3.0,0.0,2.0,3.0,0.0,1.0,3.0,0.0,0.0,Unknown,None,None,None,Low,Medium,High,None,Yes,High,Low,Low
Accoount 1594,0,Standard / Low-Engagement Base,0,Normal,1.0117,0.0513,1.0,2.0,0.0,3.0,2.0,0.0,2.0,0.0,1.0,3.0,3.0,2.0,Unknown,None,None,None,None,None,None,None,-,-,-,Medium
Accoount 1595,0,Standard / Low-Engagement Base,0,Normal,1.0117,0.0513,1.0,2.0,0.0,3.0,2.0,0.0,2.0,0.0,1.0,3.0,3.0,2.0,None,None,None,None,None,None,None,None,-,-,-,-
Accoount 1596,1,High-Volume Competitive Accounts,0,Normal,-2.3042,-1.4823,2.0,2.0,0.0,3.0,2.0,0.0,2.0,0.0,1.0,0.0,1.0,2.0,Potentially Seasonal,Trend Follower,Low,High,None,None,None,Minimal Change,-,Low,Unknown,-
Accoount 1597,0,Standard / Low-Engagement Base,0,Normal,1.0117,0.0513,1.0,2.0,0.0,3.0,2.0,0.0,2.0,0.0,1.0,3.0,3.0,2.0,Unknown,None,None,None,None,None,None,None,-,-,-,-
Accoount 1598,0,Standard / Low-Engagement Base,0,Normal,0.3313,-0.449,1.0,2.0,0.0,3.0,2.0,0.0,2.0,0.0,1.0,2.0,3.0,2.0,Unknown,None,Low,High,None,None,None,Minimal Change,-,Medium,High,-
Accoount 1599,0,Standard / Low-Engagement Base,0,Normal,1.0117,0.0513,1.0,2.0,0.0,3.0,2.0,0.0,2.0,0.0,1.0,3.0,3.0,2.0,Unknown,None,None,None,None,None,None,None,Yes,High,High,-
Accoount 1600,0,Standard / Low-Engagement Base,0,Normal,0.3313,-0.449,1.0,2.0,0.0,3.0,2.0,0.0,2.0,0.0,1.0,2.0,3.0,2.0,Unknown,None,None,None,None,None,None,Minimal Change,-,Medium,High,-
Accoount 1601,2,Lean High-Margin Accounts,0,Normal,0.448,-0.0291,1.0,2.0,0.0,3.0,2.0,0.0,2.0,0.0,1.0,3.0,2.0,2.0,Unknown,None,None,None,None,None,None,None,Yes,High,Medium,-
Accoount 1602,0,Standard / Low-Engagement Base,0,Normal,1.0117,0.0513,1.0,2.0,0.0,3.0,2.0,0.0,2.0,0.0,1.0,3.0,3.0,2.0,Unknown,None,Low,High,None,None,None,None,Yes,High,High,-
Accoount 1603,2,Lean High-Margin Accounts,0,Normal,-0.2325,-0.5294,1.0,2.0,0.0,3.0,2.0,0.0,2.0,0.0,1.0,2.0,2.0,2.0,Unknown,None,Low,High,None,None,None,None,-,Medium,Medium,-
Accoount 1604,0,Standard / Low-Engagement Base,0,Normal,0.3316,-0.3818,1.0,3.0,0.0,3.0,2.0,0.0,2.0,0.0,1.0,2.0,3.0,2.0,Unknown,Early Adopter,Low,High,None,None,None,Minimal Change,-,Medium,High,-
Accoount 1605,0,Standard / Low-Engagement Base,0,Normal,1.0117,0.0513,1.0,2.0,0.0,3.0,2.0,0.0,2.0,0.0,1.0,3.0,3.0,2.0,Unknown,None,None,None,None,None,None,None,Yes,High,High,-
Accoount 1606,3,High-Growth Potential Early Adopters,0,Normal,-0.5916,1.1583,2.0,2.0,0.0,3.0,3.0,2.0,3.0,0.0,1.0,2.0,3.0,2.0,Potentially Seasonal,None,Low,High,High,Medium,High,Minimal Change,-,Medium,High,Medium
Accoount 1607,3,High-Growth Potential Early Adopters,0,Normal,-1.9086,4.2289,3.0,2.0,3.0,3.0,2.0,3.0,4.0,0.0,1.0,3.0,2.0,3.0,Highly Seasonal,None,High,High,Medium,High,Very High,Minimal Change,-,High,Medium,High
Accoount 1608,3,High-Growth Potential Early Adopters,1,Outlier,-2.8988,1.803,2.0,0.0,2.0,3.0,2.0,2.0,3.0,2.0,1.0,2.0,0.0,2.0,Potentially Seasonal,Late Adopter,Medium,High,Medium,Medium,High,Encouraging,-,Medium,Low,Medium
Accoount 1609,0,Standard / Low-Engagement Base,0,Normal,0.1837,-0.388,2.0,1.0,0.0,3.0,2.0,0.0,2.0,0.0,1.0,2.0,3.0,2.0,Potentially Seasonal,Unknown,Low,High,Medium,Low,Medium,Minimal Change,Yes,Medium,High,Medium
Accoount 1610,3,High-Growth Potential Early Adopters,0,Normal,-0.6303,1.3052,2.0,3.0,0.0,3.0,2.0,2.0,3.0,0.0,1.0,2.0,3.0,2.0,Potentially Seasonal,Early Adopter,Low,High,Medium,Medium,High,Minimal Change,-,Medium,High,Medium
Accoount 1611,0,Standard / Low-Engagement Base,0,Normal,1.0117,0.0513,1.0,2.0,0.0,3.0,2.0,0.0,2.0,0.0,1.0,3.0,3.0,2.0,None,None,None,None,None,None,None,None,-,-,-,-
Accoount 1612,0,Standard / Low-Engagement Base,0,Normal,1.0117,0.0513,1.0,2.0,0.0,3.0,2.0,0.0,2.0,0.0,1.0,3.0,3.0,2.0,Unknown,None,None,None,None,None,None,None,Yes,High,High,-
Accoount 1613,0,Standard / Low-Engagement Base,0,Normal,1.0117,0.0513,1.0,2.0,0.0,3.0,2.0,0.0,2.0,0.0,1.0,3.0,3.0,2.0,Unknown,None,None,None,None,None,None,None,-,-,-,-
Accoount 1614,1,High-Volume Competitive Accounts,0,Normal,-2.8249,-0.247,0.0,1.0,0.0,3.0,2.0,2.0,3.0,0.0,1.0,0.0,1.0,2.0,Non Seasonal,Unknown,Low,High,Medium,Medium,High,Minimal Change,-,Low,Unknown,Medium
Accoount 1615,0,Standard / Low-Engagement Base,0,Normal,1.0117,0.0513,1.0,2.0,0.0,3.0,2.0,0.0,2.0,0.0,1.0,3.0,3.0,2.0,Unknown,None,None,None,None,None,None,None,Yes,High,High,-
Accoount 1616,0,Standard / Low-Engagement Base,0,Normal,1.0117,0.0513,1.0,2.0,0.0,3.0,2.0,0.0,2.0,0.0,1.0,3.0,3.0,2.0,Unknown,None,Low,High,None,None,None,None,Yes,High,High,-
Accoount 1617,0,Standard / Low-Engagement Base,0,Normal,1.0117,0.0513,1.0,2.0,0.0,3.0,2.0,0.0,2.0,0.0,1.0,3.0,3.0,2.0,Unknown,None,Low,High,None,None,None,None,Yes,High,High,-
Accoount 1618,0,Standard / Low-Engagement Base,0,Normal,1.0117,0.0513,1.0,2.0,0.0,3.0,2.0,0.0,2.0,0.0,1.0,3.0,3.0,2.0,Unknown,None,Low,High,None,None,None,None,Yes,High,High,-
Accoount 1619,0,Standard / Low-Engagement Base,0,Normal,0.1023,-0.1643,2.0,3.0,0.0,3.0,2.0,0.0,2.0,2.0,1.0,2.0,3.0,2.0,Potentially Seasonal,Early Adopter,Low,High,Medium,Low,Medium,Encouraging,Yes,Medium,High,Medium
Accoount 1620,0,Standard / Low-Engagement Base,0,Normal,0.7069,-1.4373,1.0,1.0,0.0,3.0,3.0,0.0,0.0,0.0,1.0,2.0,3.0,2.0,Unknown,Unknown,Low,High,High,Low,Low,Minimal Change,-,Medium,High,-
Accoount 1621,3,High-Growth Potential Early Adopters,0,Normal,-0.3122,2.5704,1.0,1.0,2.0,3.0,2.0,2.0,3.0,0.0,1.0,3.0,3.0,3.0,Unknown,Unknown,Medium,High,Medium,Medium,High,Minimal Change,Yes,High,High,High
Accoount 1622,3,High-Growth Potential Early Adopters,1,Outlier,-1.5833,3.4916,0.0,3.0,3.0,3.0,2.0,3.0,4.0,0.0,1.0,2.0,3.0,3.0,Non Seasonal,Early Adopter,High,High,Medium,High,Very High,Minimal Change,Yes,Medium,High,High
Accoount 1623,0,Standard / Low-Engagement Base,0,Normal,0.1969,1.6102,1.0,2.0,0.0,3.0,2.0,2.0,3.0,0.0,1.0,3.0,3.0,2.0,Unknown,None,Low,High,Medium,Medium,High,Minimal Change,Yes,High,High,Medium
Accoount 1624,0,Standard / Low-Engagement Base,0,Normal,0.3313,-0.449,1.0,2.0,0.0,3.0,2.0,0.0,2.0,0.0,1.0,2.0,3.0,2.0,None,None,None,None,None,None,None,None,Yes,Medium,High,-
Accoount 1625,3,High-Growth Potential Early Adopters,1,Outlier,-2.6251,2.9526,0.0,0.0,2.0,3.0,0.0,3.0,4.0,2.0,1.0,2.0,1.0,3.0,Non Seasonal,Late Adopter,Medium,High,Low,High,Very High,Encouraging,Yes,Medium,Unknown,High
Accoount 1626,1,High-Volume Competitive Accounts,0,Normal,-2.2755,-1.7476,1.0,1.0,2.0,3.0,3.0,0.0,0.0,0.0,1.0,0.0,1.0,2.0,Unknown,Unknown,Medium,High,High,Low,Low,Minimal Change,-,Low,Unknown,Medium
Accoount 1627,0,Standard / Low-Engagement Base,0,Normal,1.0117,0.0513,1.0,2.0,0.0,3.0,2.0,0.0,2.0,0.0,1.0,3.0,3.0,2.0,None,None,None,None,None,None,None,None,-,-,-,-
Accoount 1628,0,Standard / Low-Engagement Base,0,Normal,1.0117,0.0513,1.0,2.0,0.0,3.0,2.0,0.0,2.0,0.0,1.0,3.0,3.0,2.0,None,None,None,None,None,None,None,None,-,-,-,-
Accoount 1629,3,High-Growth Potential Early Adopters,0,Normal,-1.1561,0.9435,2.0,0.0,0.0,3.0,3.0,2.0,3.0,0.0,1.0,2.0,2.0,2.0,Potentially Seasonal,Late Adopter,Low,High,High,Medium,High,Minimal Change,-,Medium,Medium,Medium
Accoount 1630,2,Lean High-Margin Accounts,1,Outlier,-0.1083,-1.0319,0.0,3.0,0.0,0.0,2.0,0.0,2.0,0.0,1.0,2.0,2.0,0.0,Non Seasonal,Early Adopter,Low,Low,None,None,None,Minimal Change,-,Medium,Medium,Low
Accoount 1631,0,Standard / Low-Engagement Base,0,Normal,1.0117,0.0513,1.0,2.0,0.0,3.0,2.0,0.0,2.0,0.0,1.0,3.0,3.0,2.0,Unknown,None,Low,High,None,None,None,None,Yes,High,High,-
Accoount 1632,0,Standard / Low-Engagement Base,0,Normal,1.0117,0.0513,1.0,2.0,0.0,3.0,2.0,0.0,2.0,0.0,1.0,3.0,3.0,2.0,Unknown,None,Low,High,None,None,None,None,Yes,High,High,-
Accoount 1633,0,Standard / Low-Engagement Base,0,Normal,1.0117,0.0513,1.0,2.0,0.0,3.0,2.0,0.0,2.0,0.0,1.0,3.0,3.0,2.0,Unknown,None,Low,High,None,None,None,None,Yes,High,High,-
Accoount 1634,0,Standard / Low-Engagement Base,0,Normal,1.0117,0.0513,1.0,2.0,0.0,3.0,2.0,0.0,2.0,0.0,1.0,3.0,3.0,2.0,Unknown,None,Low,High,None,None,None,None,Yes,High,High,-
Accoount 1635,2,Lean High-Margin Accounts,0,Normal,-0.6795,-0.19,1.0,2.0,0.0,3.0,2.0,0.0,2.0,0.0,1.0,3.0,0.0,2.0,Unknown,None,Low,High,None,None,None,None,-,High,Low,-
Accoount 1636,0,Standard / Low-Engagement Base,0,Normal,1.0117,0.0513,1.0,2.0,0.0,3.0,2.0,0.0,2.0,0.0,1.0,3.0,3.0,2.0,Unknown,None,Low,High,None,None,None,None,Yes,High,High,-
Accoount 1637,0,Standard / Low-Engagement Base,0,Normal,1.0117,0.0513,1.0,2.0,0.0,3.0,2.0,0.0,2.0,0.0,1.0,3.0,3.0,2.0,Unknown,None,None,None,None,None,None,None,Yes,High,High,-
Accoount 1638,0,Standard / Low-Engagement Base,0,Normal,1.0117,0.0513,1.0,2.0,0.0,3.0,2.0,0.0,2.0,0.0,1.0,3.0,3.0,2.0,Unknown,None,None,None,None,None,None,None,Yes,High,High,-
Accoount 1639,0,Standard / Low-Engagement Base,0,Normal,1.0117,0.0513,1.0,2.0,0.0,3.0,2.0,0.0,2.0,0.0,1.0,3.0,3.0,2.0,None,None,None,None,None,None,None,None,Yes,High,High,-
Accoount 1640,0,Standard / Low-Engagement Base,0,Normal,0.8649,0.2467,2.0,3.0,0.0,3.0,2.0,0.0,2.0,0.0,1.0,3.0,3.0,2.0,Potentially Seasonal,Early Adopter,Low,High,Medium,Low,Medium,Minimal Change,Yes,High,High,Medium
Accoount 1641,3,High-Growth Potential Early Adopters,0,Normal,-2.0274,0.7404,0.0,2.0,0.0,3.0,2.0,2.0,3.0,0.0,1.0,2.0,0.0,2.0,Non Seasonal,None,Low,High,Medium,Medium,High,Minimal Change,-,Medium,Low,Medium
Accoount 1642,0,Standard / Low-Engagement Base,0,Normal,1.0117,0.0513,1.0,2.0,0.0,3.0,2.0,0.0,2.0,0.0,1.0,3.0,3.0,2.0,Unknown,None,None,None,None,None,None,None,Yes,High,High,-
Accoount 1643,0,Standard / Low-Engagement Base,0,Normal,1.0117,0.0513,1.0,2.0,0.0,3.0,2.0,0.0,2.0,0.0,1.0,3.0,3.0,2.0,Unknown,None,None,None,Medium,Low,Medium,None,-,High,High,-
Accoount 1644,0,Standard / Low-Engagement Base,0,Normal,0.2137,-0.6058,2.0,3.0,0.0,3.0,2.0,0.0,2.0,0.0,1.0,2.0,3.0,0.0,Potentially Seasonal,Early Adopter,Low,High,Medium,Low,Medium,Minimal Change,-,Medium,High,Low
Accoount 1645,1,High-Volume Competitive Accounts,0,Normal,-1.9282,-2.4035,2.0,2.0,0.0,3.0,3.0,0.0,0.0,0.0,1.0,0.0,1.0,2.0,Potentially Seasonal,None,Low,High,High,Low,Low,Minimal Change,Yes,Low,Unknown,Medium
Accoount 1646,1,High-Volume Competitive Accounts,0,Normal,-2.1804,-2.0519,1.0,2.0,0.0,0.0,2.0,0.0,2.0,0.0,1.0,0.0,1.0,0.0,Unknown,Trend Follower,Low,Low,None,None,None,Minimal Change,-,Low,Unknown,Low
Accoount 1647,0,Standard / Low-Engagement Base,0,Normal,1.0117,0.0513,1.0,2.0,0.0,3.0,2.0,0.0,2.0,0.0,1.0,3.0,3.0,2.0,Unknown,None,None,None,None,None,None,None,Yes,High,High,-
Accoount 1648,0,Standard / Low-Engagement Base,0,Normal,0.3313,-0.449,1.0,2.0,0.0,3.0,2.0,0.0,2.0,0.0,1.0,2.0,3.0,2.0,Unknown,None,Low,High,Medium,Low,Medium,Minimal Change,-,Medium,High,-
Accoount 1649,0,Standard / Low-Engagement Base,0,Normal,1.0117,0.0513,1.0,2.0,0.0,3.0,2.0,0.0,2.0,0.0,1.0,3.0,3.0,2.0,None,None,None,None,None,None,None,None,-,-,-,-
Accoount 1650,0,Standard / Low-Engagement Base,0,Normal,1.0117,0.0513,1.0,2.0,0.0,3.0,2.0,0.0,2.0,0.0,1.0,3.0,3.0,2.0,Unknown,None,None,None,None,None,None,None,Yes,High,High,-
Accoount 1651,2,Lean High-Margin Accounts,0,Normal,-0.2325,-0.5294,1.0,2.0,0.0,3.0,2.0,0.0,2.0,0.0,1.0,2.0,2.0,2.0,None,None,None,None,None,None,None,None,-,Medium,Medium,-
Accoount 1652,0,Standard / Low-Engagement Base,0,Normal,0.37,0.9636,2.0,1.0,2.0,3.0,2.0,0.0,2.0,0.0,1.0,3.0,3.0,2.0,Potentially Seasonal,Unknown,Medium,High,Medium,Low,Medium,Minimal Change,Yes,High,High,Medium
Accoount 1653,3,High-Growth Potential Early Adopters,0,Normal,-0.6311,1.1709,2.0,1.0,0.0,3.0,2.0,2.0,3.0,0.0,1.0,2.0,3.0,2.0,Potentially Seasonal,Unknown,Low,High,Medium,Medium,High,Minimal Change,-,Medium,High,Medium
Accoount 1654,0,Standard / Low-Engagement Base,0,Normal,1.0117,0.0513,1.0,2.0,0.0,3.0,2.0,0.0,2.0,0.0,1.0,3.0,3.0,2.0,None,None,None,None,None,None,None,None,Yes,High,High,-
Accoount 1655,0,Standard / Low-Engagement Base,0,Normal,1.0117,0.0513,1.0,2.0,0.0,3.0,2.0,0.0,2.0,0.0,1.0,3.0,3.0,2.0,None,None,None,None,None,None,None,None,Yes,High,High,-
Accoount 1656,3,High-Growth Potential Early Adopters,0,Normal,-0.459,2.7658,2.0,2.0,2.0,3.0,2.0,2.0,3.0,0.0,1.0,3.0,3.0,3.0,Potentially Seasonal,Trend Follower,Medium,High,Medium,Medium,High,Minimal Change,Yes,High,High,High
Accoount 1657,3,High-Growth Potential Early Adopters,0,Normal,-2.3301,2.1553,2.0,3.0,2.0,3.0,0.0,2.0,3.0,0.0,1.0,2.0,1.0,2.0,Potentially Seasonal,Early Adopter,Medium,High,Low,Medium,High,Minimal Change,-,Medium,Unknown,Medium
Accoount 1658,3,High-Growth Potential Early Adopters,0,Normal,-3.6135,0.8606,2.0,1.0,2.0,3.0,2.0,2.0,3.0,0.0,1.0,0.0,1.0,2.0,Potentially Seasonal,Unknown,Medium,High,Medium,Medium,High,Minimal Change,Yes,Low,Unknown,Medium
Accoount 1659,0,Standard / Low-Engagement Base,0,Normal,1.0117,0.0513,1.0,2.0,0.0,3.0,2.0,0.0,2.0,0.0,1.0,3.0,3.0,2.0,None,None,None,None,None,None,None,None,-,-,-,-
Accoount 1660,0,Standard / Low-Engagement Base,0,Normal,1.0117,0.0513,1.0,2.0,0.0,3.0,2.0,0.0,2.0,0.0,1.0,3.0,3.0,2.0,Unknown,None,None,None,None,None,None,None,-,-,-,-
Accoount 1661,0,Standard / Low-Engagement Base,0,Normal,1.0117,0.0513,1.0,2.0,0.0,3.0,2.0,0.0,2.0,0.0,1.0,3.0,3.0,2.0,None,None,None,None,None,None,None,None,-,-,-,-
Accoount 1662,1,High-Volume Competitive Accounts,0,Normal,-2.3569,-1.5715,2.0,2.0,0.0,0.0,2.0,0.0,2.0,0.0,1.0,0.0,1.0,2.0,Potentially Seasonal,None,Low,Low,None,None,None,Minimal Change,Yes,Low,Unknown,-
Accoount 1663,0,Standard / Low-Engagement Base,0,Normal,1.0117,0.0513,1.0,2.0,0.0,3.0,2.0,0.0,2.0,0.0,1.0,3.0,3.0,2.0,None,None,None,None,None,None,None,None,Yes,High,High,-
Accoount 1664,0,Standard / Low-Engagement Base,0,Normal,1.0117,0.0513,1.0,2.0,0.0,3.0,2.0,0.0,2.0,0.0,1.0,3.0,3.0,2.0,Unknown,None,Low,High,None,None,None,None,Yes,High,High,-
Accoount 1665,0,Standard / Low-Engagement Base,0,Normal,1.041,-0.3009,1.0,2.0,0.0,3.0,2.0,0.0,2.0,0.0,1.0,3.0,3.0,0.0,Unknown,None,Low,High,None,None,None,None,Yes,High,High,Low
Accoount 1666,0,Standard / Low-Engagement Base,0,Normal,1.0117,0.0513,1.0,2.0,0.0,3.0,2.0,0.0,2.0,0.0,1.0,3.0,3.0,2.0,Unknown,None,Low,High,None,None,None,None,Yes,High,High,-
Accoount 1667,0,Standard / Low-Engagement Base,0,Normal,1.0117,0.0513,1.0,2.0,0.0,3.0,2.0,0.0,2.0,0.0,1.0,3.0,3.0,2.0,None,None,None,None,None,None,None,None,-,-,-,-
Accoount 1668,1,High-Volume Competitive Accounts,0,Normal,-2.8676,-1.4956,2.0,3.0,0.0,3.0,2.0,0.0,2.0,0.0,1.0,0.0,0.0,2.0,Potentially Seasonal,Early Adopter,Low,High,Medium,Low,Medium,Minimal Change,Yes,Low,Low,Medium
Accoount 1669,0,Standard / Low-Engagement Base,0,Normal,1.0117,0.0513,1.0,2.0,0.0,3.0,2.0,0.0,2.0,0.0,1.0,3.0,3.0,2.0,None,None,None,None,None,None,None,None,Yes,High,High,-
Accoount 1670,0,Standard / Low-Engagement Base,0,Normal,1.0117,0.0513,1.0,2.0,0.0,3.0,2.0,0.0,2.0,0.0,1.0,3.0,3.0,2.0,None,None,None,None,None,None,None,None,Yes,High,High,-
Accoount 1671,3,High-Growth Potential Early Adopters,0,Normal,-0.8608,1.3213,3.0,0.0,0.0,3.0,2.0,2.0,3.0,2.0,1.0,2.0,3.0,2.0,Highly Seasonal,Late Adopter,Low,High,Medium,Medium,High,Encouraging,Yes,Medium,High,Medium
Accoount 1672,0,Standard / Low-Engagement Base,0,Normal,1.0117,0.0513,1.0,2.0,0.0,3.0,2.0,0.0,2.0,0.0,1.0,3.0,3.0,2.0,None,None,None,None,None,None,None,None,-,-,-,-
Accoount 1673,2,Lean High-Margin Accounts,0,Normal,0.4483,0.0381,1.0,3.0,0.0,3.0,2.0,0.0,2.0,0.0,1.0,3.0,2.0,2.0,Unknown,Early Adopter,Low,High,Medium,Low,Medium,Minimal Change,Yes,High,Medium,Medium
Accoount 1674,2,Lean High-Margin Accounts,0,Normal,-0.9145,-0.901,2.0,1.0,0.0,3.0,2.0,0.0,2.0,0.0,1.0,2.0,1.0,0.0,Potentially Seasonal,Unknown,Low,High,None,None,None,Minimal Change,-,Medium,Unknown,Low
Accoount 1675,0,Standard / Low-Engagement Base,0,Normal,1.0117,0.0513,1.0,2.0,0.0,3.0,2.0,0.0,2.0,0.0,1.0,3.0,3.0,2.0,None,None,None,None,None,None,None,None,Yes,High,High,-
Accoount 1676,1,High-Volume Competitive Accounts,0,Normal,-2.157,-1.6105,1.0,2.0,0.0,3.0,2.0,0.0,2.0,0.0,1.0,0.0,1.0,2.0,None,None,None,None,None,None,None,None,-,Low,Unknown,-
Accoount 1677,2,Lean High-Margin Accounts,0,Normal,0.448,-0.0291,1.0,2.0,0.0,3.0,2.0,0.0,2.0,0.0,1.0,3.0,2.0,2.0,Unknown,None,None,None,None,None,None,None,Yes,High,Medium,-
Accoount 1678,0,Standard / Low-Engagement Base,0,Normal,1.0117,0.0513,1.0,2.0,0.0,3.0,2.0,0.0,2.0,0.0,1.0,3.0,3.0,2.0,Unknown,None,Low,High,None,None,None,None,Yes,High,High,-
Accoount 1679,1,High-Volume Competitive Accounts,0,Normal,-2.7207,-1.6909,1.0,2.0,0.0,3.0,2.0,0.0,2.0,0.0,1.0,0.0,0.0,2.0,Unknown,None,Low,High,Medium,Low,Medium,None,Yes,Low,Low,-
Accoount 1680,0,Standard / Low-Engagement Base,0,Normal,1.0117,0.0513,1.0,2.0,0.0,3.0,2.0,0.0,2.0,0.0,1.0,3.0,3.0,2.0,None,None,None,None,None,None,None,None,Yes,High,High,-
Accoount 1681,1,High-Volume Competitive Accounts,0,Normal,-1.1776,-1.4558,2.0,0.0,0.0,3.0,2.0,0.0,2.0,0.0,1.0,0.0,3.0,2.0,Potentially Seasonal,Late Adopter,Low,High,Medium,Low,Medium,Minimal Change,Yes,Low,High,Medium
Accoount 1682,3,High-Growth Potential Early Adopters,0,Normal,-3.7358,1.1289,2.0,3.0,2.0,3.0,2.0,2.0,3.0,3.0,1.0,0.0,1.0,2.0,Potentially Seasonal,Early Adopter,Medium,High,Medium,Medium,High,Concerning,Yes,Low,Unknown,Medium
Accoount 1683,3,High-Growth Potential Early Adopters,1,Outlier,-3.8106,1.5941,0.0,1.0,2.0,3.0,2.0,3.0,4.0,0.0,1.0,0.0,1.0,2.0,Non Seasonal,Unknown,Medium,High,Medium,High,Very High,Minimal Change,Yes,Low,Unknown,Medium
Accoount 1684,3,High-Growth Potential Early Adopters,0,Normal,-0.7775,1.4334,3.0,3.0,0.0,3.0,2.0,2.0,3.0,0.0,1.0,2.0,3.0,2.0,Highly Seasonal,Early Adopter,Low,High,Medium,Medium,High,Minimal Change,Yes,Medium,High,Medium
Accoount 1685,3,High-Growth Potential Early Adopters,0,Normal,-1.4688,3.0181,1.0,3.0,2.0,3.0,2.0,3.0,4.0,0.0,1.0,2.0,3.0,2.0,Unknown,Early Adopter,Medium,High,Medium,High,Very High,Minimal Change,Yes,Medium,High,Medium
Accoount 1686,0,Standard / Low-Engagement Base,0,Normal,0.7858,0.272,2.0,1.0,0.0,3.0,0.0,0.0,2.0,0.0,1.0,3.0,3.0,2.0,Potentially Seasonal,Unknown,Low,High,Low,Low,Medium,Minimal Change,Yes,High,High,Medium
Accoount 1687,1,High-Volume Competitive Accounts,0,Normal,-2.5039,-0.8875,0.0,2.0,2.0,3.0,2.0,0.0,2.0,0.0,1.0,0.0,1.0,2.0,Non Seasonal,Trend Follower,Medium,High,None,None,None,Minimal Change,-,Low,Unknown,Medium
Accoount 1688,0,Standard / Low-Engagement Base,0,Normal,1.417,-1.2221,1.0,2.0,0.0,3.0,3.0,0.0,0.0,0.0,1.0,3.0,3.0,0.0,Unknown,None,Low,High,High,Low,Low,Minimal Change,-,High,High,Low
Accoount 1689,1,High-Volume Competitive Accounts,0,Normal,-1.781,-2.5317,1.0,2.0,0.0,3.0,3.0,0.0,0.0,0.0,1.0,0.0,1.0,2.0,Unknown,None,Low,High,High,Low,Low,Minimal Change,-,Low,Unknown,-
Accoount 1690,1,High-Volume Competitive Accounts,0,Normal,-2.3566,-1.5044,2.0,3.0,0.0,0.0,2.0,0.0,2.0,0.0,1.0,0.0,1.0,2.0,Potentially Seasonal,Early Adopter,Low,Low,None,None,None,Minimal Change,-,Low,Unknown,Medium
Accoount 1691,0,Standard / Low-Engagement Base,0,Normal,1.0117,0.0513,1.0,2.0,0.0,3.0,2.0,0.0,2.0,0.0,1.0,3.0,3.0,2.0,None,None,None,None,None,None,None,None,-,-,-,-
Accoount 1692,0,Standard / Low-Engagement Base,0,Normal,1.0117,0.0513,1.0,2.0,0.0,3.0,2.0,0.0,2.0,0.0,1.0,3.0,3.0,2.0,None,None,None,None,None,None,None,None,-,-,-,-
Accoount 1693,2,Lean High-Margin Accounts,0,Normal,0.3004,0.0319,2.0,1.0,0.0,3.0,2.0,0.0,2.0,0.0,1.0,3.0,2.0,2.0,Potentially Seasonal,Unknown,Low,High,Medium,Low,Medium,Minimal Change,Yes,High,Medium,Medium
Accoount 1694,2,Lean High-Margin Accounts,0,Normal,-1.2899,0.3085,1.0,3.0,2.0,3.0,2.0,0.0,2.0,0.0,1.0,2.0,1.0,2.0,Unknown,Early Adopter,Medium,High,None,None,None,Minimal Change,-,Medium,Unknown,Medium
Accoount 1695,3,High-Growth Potential Early Adopters,0,Normal,-0.5895,2.7892,3.0,1.0,0.0,3.0,2.0,3.0,4.0,0.0,1.0,3.0,3.0,2.0,Highly Seasonal,Unknown,Low,High,Medium,High,Very High,Minimal Change,Yes,High,High,Medium
Accoount 1696,3,High-Growth Potential Early Adopters,0,Normal,-3.6127,0.995,2.0,3.0,2.0,3.0,2.0,2.0,3.0,0.0,1.0,0.0,1.0,2.0,Potentially Seasonal,Early Adopter,Medium,High,Medium,Medium,High,Minimal Change,-,Low,Unknown,Medium
Accoount 1697,0,Standard / Low-Engagement Base,0,Normal,1.0117,0.0513,1.0,2.0,0.0,3.0,2.0,0.0,2.0,0.0,1.0,3.0,3.0,2.0,Unknown,None,None,None,None,None,None,None,Yes,High,High,-
Accoount 1698,0,Standard / Low-Engagement Base,0,Normal,1.0117,0.0513,1.0,2.0,0.0,3.0,2.0,0.0,2.0,0.0,1.0,3.0,3.0,2.0,Unknown,None,None,None,None,None,None,None,Yes,High,High,-
Accoount 1699,0,Standard / Low-Engagement Base,0,Normal,0.9334,0.211,1.0,2.0,0.0,3.0,0.0,0.0,2.0,0.0,1.0,3.0,3.0,2.0,Unknown,None,None,None,Low,Low,Medium,None,Yes,High,High,-
Accoount 1700,2,Lean High-Margin Accounts,0,Normal,0.3011,0.1663,2.0,3.0,0.0,3.0,2.0,0.0,2.0,0.0,1.0,3.0,2.0,2.0,Potentially Seasonal,Early Adopter,Low,High,None,None,None,Minimal Change,Yes,High,Medium,Medium
Accoount 1701,0,Standard / Low-Engagement Base,0,Normal,1.0117,0.0513,1.0,2.0,0.0,3.0,2.0,0.0,2.0,0.0,1.0,3.0,3.0,2.0,Unknown,None,None,None,None,None,None,None,-,-,-,-
Accoount 1702,2,Lean High-Margin Accounts,0,Normal,0.448,-0.0291,1.0,2.0,0.0,3.0,2.0,0.0,2.0,0.0,1.0,3.0,2.0,2.0,None,None,None,None,None,None,None,None,Yes,High,Medium,-
Accoount 1703,0,Standard / Low-Engagement Base,0,Normal,1.0117,0.0513,1.0,2.0,0.0,3.0,2.0,0.0,2.0,0.0,1.0,3.0,3.0,2.0,None,None,None,None,None,None,None,None,-,-,-,-
Accoount 1704,1,High-Volume Competitive Accounts,0,Normal,-1.2173,-2.4513,1.0,2.0,0.0,3.0,3.0,0.0,0.0,0.0,1.0,0.0,2.0,2.0,None,None,None,None,High,Low,Low,None,-,Low,Medium,-
Accoount 1705,0,Standard / Low-Engagement Base,0,Normal,1.0117,0.0513,1.0,2.0,0.0,3.0,2.0,0.0,2.0,0.0,1.0,3.0,3.0,2.0,Unknown,None,None,None,None,None,None,None,Yes,High,High,-
Accoount 1706,2,Lean High-Margin Accounts,0,Normal,-0.2325,-0.5294,1.0,2.0,0.0,3.0,2.0,0.0,2.0,0.0,1.0,2.0,2.0,2.0,None,None,None,None,None,None,None,None,-,Medium,Medium,-
Accoount 1707,0,Standard / Low-Engagement Base,0,Normal,1.0117,0.0513,1.0,2.0,0.0,3.0,2.0,0.0,2.0,0.0,1.0,3.0,3.0,2.0,None,None,None,None,None,None,None,None,-,High,High,-
Accoount 1708,3,High-Growth Potential Early Adopters,0,Normal,-2.9237,1.9635,3.0,3.0,2.0,3.0,3.0,2.0,3.0,0.0,1.0,2.0,0.0,2.0,Highly Seasonal,Early Adopter,Medium,High,High,Medium,High,Minimal Change,-,Medium,Low,Medium
Accoount 1709,3,High-Growth Potential Early Adopters,0,Normal,-1.5416,1.0476,0.0,3.0,0.0,3.0,0.0,2.0,3.0,0.0,1.0,2.0,1.0,2.0,Non Seasonal,Early Adopter,Low,High,Low,Medium,High,Minimal Change,Yes,Medium,Unknown,Medium
Accoount 1710,0,Standard / Low-Engagement Base,0,Normal,1.2405,-0.7417,2.0,2.0,0.0,3.0,3.0,0.0,0.0,0.0,1.0,3.0,3.0,2.0,Potentially Seasonal,Trend Follower,Low,High,High,Low,Low,Minimal Change,Yes,High,High,Medium
Accoount 1711,2,Lean High-Margin Accounts,0,Normal,-0.579,0.2608,0.0,3.0,2.0,3.0,2.0,0.0,2.0,0.0,1.0,2.0,2.0,2.0,Non Seasonal,Early Adopter,Medium,High,None,None,None,Minimal Change,Yes,Medium,Medium,Medium
Accoount 1712,0,Standard / Low-Engagement Base,0,Normal,0.3313,-0.449,1.0,2.0,0.0,3.0,2.0,0.0,2.0,0.0,1.0,2.0,3.0,2.0,None,None,None,None,None,None,None,None,-,Medium,High,-
Accoount 1713,0,Standard / Low-Engagement Base,0,Normal,0.8122,0.1575,2.0,3.0,0.0,0.0,2.0,0.0,2.0,0.0,1.0,3.0,3.0,2.0,Potentially Seasonal,Early Adopter,Low,Low,None,None,None,Minimal Change,-,-,-,Medium
Accoount 1714,0,Standard / Low-Engagement Base,0,Normal,1.0117,0.0513,1.0,2.0,0.0,3.0,2.0,0.0,2.0,0.0,1.0,3.0,3.0,2.0,None,None,None,None,None,None,None,None,-,-,-,-
Accoount 1715,0,Standard / Low-Engagement Base,0,Normal,1.0117,0.0513,1.0,2.0,0.0,3.0,2.0,0.0,2.0,0.0,1.0,3.0,3.0,2.0,None,None,None,None,None,None,None,None,-,-,-,-
Accoount 1716,2,Lean High-Margin Accounts,0,Normal,0.3004,0.0319,2.0,1.0,0.0,3.0,2.0,0.0,2.0,0.0,1.0,3.0,2.0,2.0,Potentially Seasonal,Unknown,Low,High,Medium,Low,Medium,Minimal Change,Yes,High,Medium,Medium
Accoount 1717,3,High-Growth Potential Early Adopters,0,Normal,-1.0285,3.9823,2.0,3.0,2.0,3.0,0.0,3.0,4.0,0.0,1.0,3.0,3.0,3.0,Potentially Seasonal,Early Adopter,Medium,High,Low,High,Very High,Minimal Change,Yes,High,High,High
Accoount 1718,0,Standard / Low-Engagement Base,0,Normal,1.0117,0.0513,1.0,2.0,0.0,3.0,2.0,0.0,2.0,0.0,1.0,3.0,3.0,2.0,Unknown,None,None,None,None,None,None,None,Yes,High,High,-
Accoount 1719,2,Lean High-Margin Accounts,0,Normal,0.1436,-1.4506,1.0,2.0,0.0,3.0,3.0,0.0,0.0,0.0,1.0,2.0,2.0,2.0,Unknown,None,None,None,High,Low,Low,None,-,Medium,Medium,-
Accoount 1720,3,High-Growth Potential Early Adopters,0,Normal,-0.5234,2.615,2.0,0.0,2.0,3.0,0.0,2.0,3.0,0.0,1.0,3.0,3.0,2.0,Potentially Seasonal,Late Adopter,Medium,High,Low,Medium,High,Minimal Change,Yes,High,High,Medium
Accoount 1721,1,High-Volume Competitive Accounts,0,Normal,-2.4366,-1.309,2.0,3.0,2.0,3.0,3.0,0.0,0.0,0.0,1.0,0.0,1.0,3.0,Potentially Seasonal,Early Adopter,Medium,High,High,Low,Low,Minimal Change,-,Low,Unknown,High
Accoount 1722,1,High-Volume Competitive Accounts,0,Normal,-2.1277,-1.9627,1.0,2.0,0.0,3.0,2.0,0.0,2.0,0.0,1.0,0.0,1.0,0.0,Unknown,None,None,None,Medium,Low,Medium,None,Yes,Low,Unknown,Low
Accoount 1723,2,Lean High-Margin Accounts,0,Normal,0.448,-0.0291,1.0,2.0,0.0,3.0,2.0,0.0,2.0,0.0,1.0,3.0,2.0,2.0,None,None,None,None,None,None,None,None,Yes,High,Medium,-
Accoount 1724,3,High-Growth Potential Early Adopters,0,Normal,-2.2526,1.8613,2.0,1.0,2.0,3.0,2.0,2.0,3.0,0.0,1.0,2.0,1.0,2.0,Potentially Seasonal,Unknown,Medium,High,Medium,Medium,High,Minimal Change,-,Medium,Unknown,Medium
Accoount 1725,0,Standard / Low-Engagement Base,0,Normal,1.0117,0.0513,1.0,2.0,0.0,3.0,2.0,0.0,2.0,0.0,1.0,3.0,3.0,2.0,None,None,None,None,None,None,None,None,Yes,High,High,-
Accoount 1726,0,Standard / Low-Engagement Base,0,Normal,1.0117,0.0513,1.0,2.0,0.0,3.0,2.0,0.0,2.0,0.0,1.0,3.0,3.0,2.0,Unknown,None,Low,High,None,None,None,None,Yes,High,High,-
Accoount 1727,0,Standard / Low-Engagement Base,0,Normal,1.0117,0.0513,1.0,2.0,0.0,3.0,2.0,0.0,2.0,0.0,1.0,3.0,3.0,2.0,None,None,None,None,None,None,None,None,Yes,High,High,-
Accoount 1728,2,Lean High-Margin Accounts,0,Normal,0.3011,0.1663,2.0,3.0,0.0,3.0,2.0,0.0,2.0,0.0,1.0,3.0,2.0,2.0,Potentially Seasonal,Early Adopter,Low,High,Medium,Low,Medium,Minimal Change,Yes,High,Medium,Medium
Accoount 1729,2,Lean High-Margin Accounts,0,Normal,-0.6795,-0.19,1.0,2.0,0.0,3.0,2.0,0.0,2.0,0.0,1.0,3.0,0.0,2.0,None,None,None,None,None,None,None,None,Yes,High,Low,-
Accoount 1730,2,Lean High-Margin Accounts,0,Normal,-0.2325,-0.5294,1.0,2.0,0.0,3.0,2.0,0.0,2.0,0.0,1.0,2.0,2.0,2.0,Unknown,None,None,None,None,None,None,Minimal Change,-,Medium,Medium,-
Accoount 1731,0,Standard / Low-Engagement Base,0,Normal,0.782,0.2017,2.0,1.0,0.0,3.0,2.0,0.0,2.0,2.0,1.0,3.0,3.0,2.0,Potentially Seasonal,Unknown,Low,High,Medium,Low,Medium,Encouraging,-,High,High,Medium
Accoount 1732,2,Lean High-Margin Accounts,0,Normal,-0.4985,-0.6055,2.0,0.0,2.0,3.0,3.0,0.0,0.0,0.0,1.0,2.0,2.0,2.0,Potentially Seasonal,Late Adopter,Medium,High,High,Low,Low,Minimal Change,-,Medium,Medium,Medium
Accoount 1733,0,Standard / Low-Engagement Base,0,Normal,0.4258,-0.6664,0.0,2.0,0.0,0.0,2.0,0.0,2.0,0.0,1.0,2.0,3.0,2.0,Non Seasonal,Trend Follower,Low,Low,None,None,None,Minimal Change,-,Medium,High,-
Accoount 1734,3,High-Growth Potential Early Adopters,0,Normal,-0.6737,2.8072,3.0,2.0,2.0,3.0,2.0,2.0,3.0,2.0,1.0,3.0,3.0,2.0,Highly Seasonal,None,Medium,High,Medium,Medium,High,Encouraging,Yes,High,High,Medium
Accoount 1735,3,High-Growth Potential Early Adopters,0,Normal,-0.4586,2.8329,2.0,3.0,2.0,3.0,2.0,2.0,3.0,0.0,1.0,3.0,3.0,3.0,Potentially Seasonal,Early Adopter,Medium,High,Medium,Medium,High,Minimal Change,Yes,High,High,High
Accoount 1736,2,Lean High-Margin Accounts,0,Normal,-0.1516,-1.3286,3.0,0.0,0.0,3.0,3.0,0.0,0.0,0.0,1.0,2.0,2.0,2.0,Highly Seasonal,Late Adopter,Low,High,High,Low,Low,Minimal Change,-,Medium,Medium,Medium
Accoount 1737,2,Lean High-Margin Accounts,0,Normal,-0.5276,-0.4074,3.0,0.0,0.0,3.0,2.0,0.0,2.0,0.0,1.0,2.0,2.0,2.0,Highly Seasonal,Late Adopter,Low,High,Medium,Low,Medium,Minimal Change,-,Medium,Medium,Medium
Accoount 1738,3,High-Growth Potential Early Adopters,0,Normal,-2.4637,2.9051,0.0,3.0,2.0,3.0,2.0,3.0,4.0,0.0,1.0,2.0,1.0,3.0,Non Seasonal,Early Adopter,Medium,High,Medium,High,Very High,Minimal Change,-,Medium,Unknown,High
Accoount 1739,0,Standard / Low-Engagement Base,0,Normal,-0.3108,0.3961,2.0,0.0,2.0,3.0,2.0,0.0,2.0,0.0,1.0,2.0,3.0,2.0,Potentially Seasonal,Late Adopter,Medium,High,None,None,None,Minimal Change,-,Medium,High,Medium
Accoount 1740,0,Standard / Low-Engagement Base,0,Normal,1.0117,0.0513,1.0,2.0,0.0,3.0,2.0,0.0,2.0,0.0,1.0,3.0,3.0,2.0,None,None,None,None,None,None,None,None,Yes,High,High,-
Accoount 1741,1,High-Volume Competitive Accounts,0,Normal,-1.0296,-1.4496,1.0,2.0,0.0,3.0,2.0,0.0,2.0,0.0,1.0,0.0,3.0,2.0,Unknown,None,None,None,None,None,None,None,-,Low,High,-
Accoount 1742,0,Standard / Low-Engagement Base,0,Normal,1.0117,0.0513,1.0,2.0,0.0,3.0,2.0,0.0,2.0,0.0,1.0,3.0,3.0,2.0,Unknown,None,None,None,None,None,None,None,Yes,High,High,-
Accoount 1743,0,Standard / Low-Engagement Base,0,Normal,1.0117,0.0513,1.0,2.0,0.0,3.0,2.0,0.0,2.0,0.0,1.0,3.0,3.0,2.0,Unknown,None,None,None,None,None,None,None,Yes,High,High,-
Accoount 1744,2,Lean High-Margin Accounts,0,Normal,0.448,-0.0291,1.0,2.0,0.0,3.0,2.0,0.0,2.0,0.0,1.0,3.0,2.0,2.0,None,None,None,None,None,None,None,None,Yes,High,Medium,-
Accoount 1745,0,Standard / Low-Engagement Base,0,Normal,1.0117,0.0513,1.0,2.0,0.0,3.0,2.0,0.0,2.0,0.0,1.0,3.0,3.0,2.0,Unknown,None,None,None,None,None,None,None,Yes,High,High,-
Accoount 1746,3,High-Growth Potential Early Adopters,0,Normal,-0.4598,2.6314,2.0,0.0,2.0,3.0,2.0,2.0,3.0,0.0,1.0,3.0,3.0,3.0,Potentially Seasonal,Late Adopter,Medium,High,Medium,Medium,High,Minimal Change,Yes,High,High,High
Accoount 1747,3,High-Growth Potential Early Adopters,0,Normal,-0.3126,2.5032,1.0,0.0,2.0,3.0,2.0,2.0,3.0,0.0,1.0,3.0,3.0,3.0,Unknown,Late Adopter,Medium,High,Medium,Medium,High,Minimal Change,Yes,High,High,High
Accoount 1748,0,Standard / Low-Engagement Base,0,Normal,1.041,-0.3009,1.0,2.0,0.0,3.0,2.0,0.0,2.0,0.0,1.0,3.0,3.0,0.0,Unknown,None,None,None,None,None,None,None,-,-,-,Low
Accoount 1749,1,High-Volume Competitive Accounts,0,Normal,-3.1194,0.0094,2.0,1.0,0.0,3.0,2.0,2.0,3.0,0.0,1.0,0.0,1.0,2.0,Potentially Seasonal,Unknown,Low,High,Medium,Medium,High,Minimal Change,Yes,Low,Unknown,Medium
Accoount 1750,0,Standard / Low-Engagement Base,0,Normal,0.3313,-0.449,1.0,2.0,0.0,3.0,2.0,0.0,2.0,0.0,1.0,2.0,3.0,2.0,Unknown,None,Low,High,None,None,None,Minimal Change,-,Medium,High,-
Accoount 1751,1,High-Volume Competitive Accounts,0,Normal,-3.05,0.108,1.0,2.0,0.0,3.0,0.0,2.0,3.0,0.0,1.0,0.0,1.0,2.0,Unknown,None,Low,High,Low,Medium,High,Minimal Change,Yes,Low,Unknown,Medium
Accoount 1752,0,Standard / Low-Engagement Base,0,Normal,1.0117,0.0513,1.0,2.0,0.0,3.0,2.0,0.0,2.0,0.0,1.0,3.0,3.0,2.0,Unknown,None,None,None,None,None,None,None,Yes,High,High,-
Accoount 1753,0,Standard / Low-Engagement Base,0,Normal,1.0117,0.0513,1.0,2.0,0.0,3.0,2.0,0.0,2.0,0.0,1.0,3.0,3.0,2.0,Unknown,None,Low,High,None,None,None,None,Yes,High,High,-
Accoount 1754,0,Standard / Low-Engagement Base,0,Normal,1.0117,0.0513,1.0,2.0,0.0,3.0,2.0,0.0,2.0,0.0,1.0,3.0,3.0,2.0,None,None,None,None,None,None,None,None,Yes,High,High,-
Accoount 1755,2,Lean High-Margin Accounts,0,Normal,-0.3107,-0.3698,1.0,2.0,0.0,3.0,0.0,0.0,2.0,0.0,1.0,2.0,2.0,2.0,Unknown,None,None,None,Low,Low,Medium,None,Yes,Medium,Medium,-
Accoount 1756,3,High-Growth Potential Early Adopters,0,Normal,-0.4446,1.7566,1.0,3.0,0.0,3.0,0.0,2.0,3.0,0.0,1.0,3.0,2.0,2.0,Unknown,Early Adopter,Low,High,Low,Medium,High,Minimal Change,Yes,High,Medium,Medium
Accoount 1757,3,High-Growth Potential Early Adopters,1,Outlier,-2.1515,1.7462,1.0,2.0,0.0,3.0,0.0,3.0,4.0,0.0,1.0,2.0,1.0,0.0,Unknown,None,None,None,Low,High,Very High,None,-,Medium,Unknown,Low
Accoount 1758,0,Standard / Low-Engagement Base,0,Normal,1.0117,0.0513,1.0,2.0,0.0,3.0,2.0,0.0,2.0,0.0,1.0,3.0,3.0,2.0,None,None,None,None,None,None,None,None,Yes,High,High,-
Accoount 1759,2,Lean High-Margin Accounts,0,Normal,0.448,-0.0291,1.0,2.0,0.0,3.0,2.0,0.0,2.0,0.0,1.0,3.0,2.0,2.0,Unknown,None,None,None,None,None,None,None,Yes,High,Medium,-
Accoount 1760,1,High-Volume Competitive Accounts,0,Normal,-1.7405,-1.4019,2.0,2.0,0.0,3.0,2.0,0.0,2.0,0.0,1.0,0.0,2.0,2.0,Potentially Seasonal,None,Low,High,Medium,Low,Medium,Minimal Change,-,Low,Medium,Medium
Accoount 1761,0,Standard / Low-Engagement Base,0,Normal,1.0117,0.0513,1.0,2.0,0.0,3.0,2.0,0.0,2.0,0.0,1.0,3.0,3.0,2.0,Unknown,None,None,None,None,None,None,None,Yes,High,High,-
Accoount 1762,0,Standard / Low-Engagement Base,0,Normal,1.0113,-0.0158,1.0,1.0,0.0,3.0,2.0,0.0,2.0,0.0,1.0,3.0,3.0,2.0,Unknown,Unknown,Low,High,None,None,None,Minimal Change,Yes,High,High,Medium
Accoount 1763,2,Lean High-Margin Accounts,0,Normal,-0.0033,-1.2553,2.0,3.0,0.0,3.0,3.0,0.0,0.0,0.0,1.0,2.0,2.0,2.0,Potentially Seasonal,Early Adopter,Low,High,High,Low,Low,Minimal Change,-,Medium,Medium,Medium
Accoount 1764,1,High-Volume Competitive Accounts,0,Normal,-1.5933,-1.5301,1.0,2.0,0.0,3.0,2.0,0.0,2.0,0.0,1.0,0.0,2.0,2.0,Unknown,None,None,None,Medium,Low,Medium,None,-,Low,Medium,Medium
Accoount 1765,0,Standard / Low-Engagement Base,0,Normal,1.0117,0.0513,1.0,2.0,0.0,3.0,2.0,0.0,2.0,0.0,1.0,3.0,3.0,2.0,None,None,None,None,None,None,None,None,Yes,High,High,-
Accoount 1766,3,High-Growth Potential Early Adopters,0,Normal,-0.9479,1.6761,1.0,3.0,2.0,3.0,2.0,2.0,3.0,0.0,1.0,2.0,3.0,0.0,Unknown,Early Adopter,Medium,High,Medium,Medium,High,Minimal Change,-,Medium,High,Low
Accoount 1767,3,High-Growth Potential Early Adopters,1,Outlier,-2.3327,3.0817,0.0,2.0,2.0,3.0,2.0,3.0,4.0,0.0,1.0,3.0,0.0,2.0,Non Seasonal,None,Medium,High,Medium,High,Very High,Minimal Change,Yes,High,Low,Medium
Accoount 1768,0,Standard / Low-Engagement Base,0,Normal,1.3877,-0.8699,1.0,2.0,0.0,3.0,3.0,0.0,0.0,0.0,1.0,3.0,3.0,2.0,Unknown,None,None,None,High,Low,Low,None,Yes,High,High,Medium
Accoount 1769,3,High-Growth Potential Early Adopters,0,Normal,-3.4655,0.8668,1.0,3.0,2.0,3.0,2.0,2.0,3.0,0.0,1.0,0.0,1.0,2.0,Unknown,Early Adopter,Medium,High,Medium,Medium,High,Minimal Change,-,Low,Unknown,Medium
Accoount 1770,0,Standard / Low-Engagement Base,0,Normal,1.0117,0.0513,1.0,2.0,0.0,3.0,2.0,0.0,2.0,0.0,1.0,3.0,3.0,2.0,None,None,None,None,None,None,None,None,Yes,High,High,-
Accoount 1771,0,Standard / Low-Engagement Base,0,Normal,1.0117,0.0513,1.0,2.0,0.0,3.0,2.0,0.0,2.0,0.0,1.0,3.0,3.0,2.0,None,None,None,None,None,None,None,None,Yes,High,High,-
Accoount 1772,3,High-Growth Potential Early Adopters,0,Normal,-1.3445,4.3765,3.0,3.0,3.0,3.0,2.0,3.0,4.0,0.0,1.0,3.0,3.0,3.0,Highly Seasonal,Early Adopter,High,High,Medium,High,Very High,Minimal Change,Yes,High,High,High
Accoount 1773,1,High-Volume Competitive Accounts,0,Normal,-1.5941,-1.6644,1.0,0.0,0.0,3.0,2.0,0.0,2.0,0.0,1.0,0.0,2.0,2.0,Unknown,Late Adopter,Low,High,Medium,Low,Medium,Minimal Change,-,Low,Medium,Medium
Accoount 1774,2,Lean High-Margin Accounts,0,Normal,0.1436,-1.4506,1.0,2.0,0.0,3.0,3.0,0.0,0.0,0.0,1.0,2.0,2.0,2.0,Unknown,None,Low,High,High,Low,Low,Minimal Change,-,Medium,Medium,Medium
Accoount 1775,2,Lean High-Margin Accounts,0,Normal,-1.0996,0.6707,3.0,1.0,2.0,3.0,0.0,0.0,2.0,0.0,1.0,2.0,2.0,2.0,Highly Seasonal,Unknown,Medium,High,Low,Low,Medium,Minimal Change,Yes,Medium,Medium,Medium
Accoount 1776,0,Standard / Low-Engagement Base,0,Normal,1.0117,0.0513,1.0,2.0,0.0,3.0,2.0,0.0,2.0,0.0,1.0,3.0,3.0,2.0,Unknown,None,Low,High,None,None,None,Minimal Change,Yes,High,High,-
Accoount 1777,0,Standard / Low-Engagement Base,0,Normal,1.3346,-1.0262,1.0,1.0,0.0,0.0,3.0,0.0,0.0,0.0,1.0,3.0,3.0,2.0,Unknown,Unknown,Low,Low,High,Low,Low,Minimal Change,-,High,High,-
Accoount 1778,0,Standard / Low-Engagement Base,0,Normal,1.0117,0.0513,1.0,2.0,0.0,3.0,2.0,0.0,2.0,0.0,1.0,3.0,3.0,2.0,Unknown,None,None,None,None,None,None,None,Yes,High,High,-
Accoount 1779,1,High-Volume Competitive Accounts,0,Normal,-2.9718,-0.0516,1.0,2.0,0.0,3.0,2.0,2.0,3.0,0.0,1.0,0.0,1.0,2.0,Unknown,None,Low,High,Medium,Medium,High,Minimal Change,-,Low,Unknown,Medium
Accoount 1780,0,Standard / Low-Engagement Base,0,Normal,1.0117,0.0513,1.0,2.0,0.0,3.0,2.0,0.0,2.0,0.0,1.0,3.0,3.0,2.0,Unknown,None,Low,High,Medium,Low,Medium,Minimal Change,Yes,High,High,Medium
Accoount 1781,0,Standard / Low-Engagement Base,0,Normal,1.0117,0.0513,1.0,2.0,0.0,3.0,2.0,0.0,2.0,0.0,1.0,3.0,3.0,2.0,Unknown,None,None,None,None,None,None,None,Yes,High,High,-
Accoount 1782,0,Standard / Low-Engagement Base,0,Normal,1.0117,0.0513,1.0,2.0,0.0,3.0,2.0,0.0,2.0,0.0,1.0,3.0,3.0,2.0,None,None,None,None,None,None,None,None,Yes,High,High,-
Accoount 1783,0,Standard / Low-Engagement Base,0,Normal,1.041,-0.3009,1.0,2.0,0.0,3.0,2.0,0.0,2.0,0.0,1.0,3.0,3.0,0.0,Unknown,None,Low,High,None,None,None,Minimal Change,Yes,High,High,Low
Accoount 1784,0,Standard / Low-Engagement Base,0,Normal,1.0117,0.0513,1.0,2.0,0.0,3.0,2.0,0.0,2.0,0.0,1.0,3.0,3.0,2.0,Unknown,None,Low,High,None,None,None,Minimal Change,Yes,High,High,Medium
Accoount 1785,0,Standard / Low-Engagement Base,0,Normal,1.0117,0.0513,1.0,2.0,0.0,3.0,2.0,0.0,2.0,0.0,1.0,3.0,3.0,2.0,Unknown,None,None,None,None,None,None,None,-,-,-,-
Accoount 1786,0,Standard / Low-Engagement Base,0,Normal,1.0117,0.0513,1.0,2.0,0.0,3.0,2.0,0.0,2.0,0.0,1.0,3.0,3.0,2.0,Unknown,None,Low,High,None,None,None,None,Yes,High,High,-
Accoount 1787,3,High-Growth Potential Early Adopters,0,Normal,-3.0052,3.5871,2.0,3.0,3.0,3.0,2.0,3.0,4.0,0.0,1.0,2.0,1.0,3.0,Potentially Seasonal,Early Adopter,High,High,Medium,High,Very High,Minimal Change,Yes,Medium,Unknown,High
Accoount 1788,3,High-Growth Potential Early Adopters,0,Normal,-1.4551,1.2891,1.0,2.0,0.0,3.0,3.0,2.0,3.0,0.0,1.0,3.0,0.0,2.0,None,None,None,None,High,Medium,High,None,Yes,High,Low,-
Accoount 1789,3,High-Growth Potential Early Adopters,0,Normal,-1.0902,2.5985,2.0,2.0,2.0,3.0,2.0,2.0,3.0,2.0,1.0,3.0,2.0,2.0,Potentially Seasonal,Trend Follower,Medium,High,Medium,Medium,High,Encouraging,-,High,Medium,Medium
Accoount 1790,1,High-Volume Competitive Accounts,0,Normal,-3.1194,0.0094,2.0,1.0,0.0,3.0,2.0,2.0,3.0,0.0,1.0,0.0,1.0,2.0,Potentially Seasonal,Unknown,Low,High,Medium,Medium,High,Minimal Change,-,Low,Unknown,Medium
Accoount 1791,0,Standard / Low-Engagement Base,0,Normal,0.3313,-0.449,1.0,2.0,0.0,3.0,2.0,0.0,2.0,0.0,1.0,2.0,3.0,2.0,Unknown,None,None,None,None,None,None,None,Yes,Medium,High,-
Accoount 1792,0,Standard / Low-Engagement Base,0,Normal,1.0117,0.0513,1.0,2.0,0.0,3.0,2.0,0.0,2.0,0.0,1.0,3.0,3.0,2.0,Unknown,None,Low,High,Medium,Low,Medium,Minimal Change,-,High,High,-
Accoount 1793,3,High-Growth Potential Early Adopters,0,Normal,-1.8665,1.8521,3.0,3.0,0.0,3.0,0.0,2.0,3.0,0.0,1.0,3.0,0.0,2.0,Highly Seasonal,Early Adopter,Low,High,Low,Medium,High,Minimal Change,Yes,High,Low,Medium
Accoount 1794,0,Standard / Low-Engagement Base,0,Normal,0.2994,0.9088,1.0,1.0,3.0,3.0,2.0,0.0,2.0,0.0,1.0,3.0,3.0,0.0,Unknown,Unknown,High,High,None,None,None,Minimal Change,Yes,High,High,Low
Accoount 1795,0,Standard / Low-Engagement Base,0,Normal,-0.5725,0.9979,2.0,0.0,3.0,3.0,2.0,0.0,2.0,0.0,1.0,2.0,3.0,3.0,Potentially Seasonal,Late Adopter,High,High,None,None,None,Minimal Change,-,Medium,High,High
Accoount 1796,0,Standard / Low-Engagement Base,0,Normal,1.0117,0.0513,1.0,2.0,0.0,3.0,2.0,0.0,2.0,0.0,1.0,3.0,3.0,2.0,None,None,None,None,None,None,None,None,Yes,High,High,-
Accoount 1797,0,Standard / Low-Engagement Base,0,Normal,1.0117,0.0513,1.0,2.0,0.0,3.0,2.0,0.0,2.0,0.0,1.0,3.0,3.0,2.0,None,None,None,None,None,None,None,None,Yes,High,High,-
Accoount 1798,0,Standard / Low-Engagement Base,0,Normal,1.0117,0.0513,1.0,2.0,0.0,3.0,2.0,0.0,2.0,0.0,1.0,3.0,3.0,2.0,Unknown,None,None,None,None,None,None,None,Yes,High,High,-
Accoount 1799,0,Standard / Low-Engagement Base,0,Normal,1.0117,0.0513,1.0,2.0,0.0,3.0,2.0,0.0,2.0,0.0,1.0,3.0,3.0,2.0,Unknown,None,Low,High,None,None,None,None,Yes,High,High,-
Accoount 1800,3,High-Growth Potential Early Adopters,0,Normal,-0.7891,3.3841,1.0,1.0,2.0,3.0,2.0,3.0,4.0,0.0,1.0,3.0,3.0,2.0,Unknown,Unknown,Medium,High,Medium,High,Very High,Minimal Change,-,High,High,Medium
Accoount 1801,0,Standard / Low-Engagement Base,0,Normal,1.0117,0.0513,1.0,2.0,0.0,3.0,2.0,0.0,2.0,0.0,1.0,3.0,3.0,2.0,None,None,None,None,None,None,None,None,Yes,High,High,-
Accoount 1802,3,High-Growth Potential Early Adopters,0,Normal,-0.6303,1.3052,2.0,3.0,0.0,3.0,2.0,2.0,3.0,0.0,1.0,2.0,3.0,2.0,Potentially Seasonal,Early Adopter,Low,High,Medium,Medium,High,Minimal Change,-,Medium,High,Medium
Accoount 1803,3,High-Growth Potential Early Adopters,0,Normal,-0.4113,3.0021,0.0,3.0,3.0,3.0,2.0,2.0,3.0,0.0,1.0,3.0,3.0,3.0,Non Seasonal,Early Adopter,High,High,Medium,Medium,High,Minimal Change,Yes,High,High,High
Accoount 1804,2,Lean High-Margin Accounts,1,Outlier,0.267,-2.0874,0.0,1.0,0.0,0.0,3.0,0.0,0.0,0.0,1.0,2.0,2.0,0.0,Non Seasonal,Unknown,Low,Low,High,Low,Low,Minimal Change,-,Medium,Medium,Low
Accoount 1805,3,High-Growth Potential Early Adopters,1,Outlier,-3.9829,1.5546,2.0,3.0,3.0,3.0,2.0,2.0,3.0,3.0,1.0,0.0,1.0,2.0,Potentially Seasonal,Early Adopter,High,High,Medium,Medium,High,Concerning,-,Low,Unknown,Medium
Accoount 1806,2,Lean High-Margin Accounts,0,Normal,-1.4778,-0.9143,2.0,2.0,0.0,3.0,2.0,0.0,2.0,0.0,1.0,2.0,0.0,0.0,Potentially Seasonal,None,Low,High,Medium,Low,Medium,Minimal Change,Yes,Medium,Low,Low
Accoount 1807,3,High-Growth Potential Early Adopters,0,Normal,-2.6275,3.271,2.0,1.0,2.0,3.0,2.0,3.0,4.0,0.0,1.0,3.0,0.0,2.0,Potentially Seasonal,Unknown,Medium,High,Medium,High,Very High,Minimal Change,Yes,High,Low,Medium
Accoount 1808,0,Standard / Low-Engagement Base,0,Normal,0.253,-0.2893,1.0,2.0,0.0,3.0,0.0,0.0,2.0,0.0,1.0,2.0,3.0,2.0,Unknown,None,None,None,Low,Low,Medium,None,-,Medium,High,-
Accoount 1809,2,Lean High-Margin Accounts,0,Normal,0.3008,0.0991,2.0,2.0,0.0,3.0,2.0,0.0,2.0,0.0,1.0,3.0,2.0,2.0,Potentially Seasonal,Trend Follower,Low,High,None,None,None,Minimal Change,Yes,High,Medium,Medium
Accoount 1810,1,High-Volume Competitive Accounts,0,Normal,-2.9032,-0.0873,0.0,1.0,0.0,3.0,0.0,2.0,3.0,0.0,1.0,0.0,1.0,2.0,Non Seasonal,Unknown,Low,High,Low,Medium,High,Minimal Change,-,Low,Unknown,Medium
Accoount 1811,1,High-Volume Competitive Accounts,0,Normal,-2.157,-1.6105,1.0,2.0,0.0,3.0,2.0,0.0,2.0,0.0,1.0,0.0,1.0,2.0,Unknown,None,None,None,None,None,None,None,-,Low,Unknown,-
Accoount 1812,0,Standard / Low-Engagement Base,0,Normal,1.0117,0.0513,1.0,2.0,0.0,3.0,2.0,0.0,2.0,0.0,1.0,3.0,3.0,2.0,None,None,None,None,None,None,None,None,-,High,High,-
Accoount 1813,2,Lean High-Margin Accounts,0,Normal,-0.2325,-0.5294,1.0,2.0,0.0,3.0,2.0,0.0,2.0,0.0,1.0,2.0,2.0,2.0,Unknown,None,None,None,None,None,None,None,-,Medium,Medium,-
Accoount 1814,2,Lean High-Margin Accounts,0,Normal,-0.38,-0.4684,2.0,1.0,0.0,3.0,2.0,0.0,2.0,0.0,1.0,2.0,2.0,2.0,Potentially Seasonal,Unknown,Low,High,Medium,Low,Medium,Minimal Change,-,Medium,Medium,Medium
Accoount 1815,0,Standard / Low-Engagement Base,0,Normal,0.8645,0.1795,2.0,2.0,0.0,3.0,2.0,0.0,2.0,0.0,1.0,3.0,3.0,2.0,Potentially Seasonal,None,Low,High,Medium,Low,Medium,Minimal Change,Yes,High,High,Medium
Accoount 1816,3,High-Growth Potential Early Adopters,0,Normal,-1.7491,1.6126,3.0,3.0,0.0,3.0,3.0,2.0,3.0,0.0,1.0,3.0,0.0,2.0,Highly Seasonal,Early Adopter,Low,High,High,Medium,High,Minimal Change,Yes,High,Low,Medium
Accoount 1817,0,Standard / Low-Engagement Base,0,Normal,0.37,0.9636,2.0,1.0,2.0,3.0,2.0,0.0,2.0,0.0,1.0,3.0,3.0,2.0,Potentially Seasonal,Unknown,Medium,High,None,None,None,Minimal Change,-,-,-,Medium
Accoount 1818,0,Standard / Low-Engagement Base,0,Normal,0.7862,0.3392,2.0,2.0,0.0,3.0,0.0,0.0,2.0,0.0,1.0,3.0,3.0,2.0,Potentially Seasonal,None,Low,High,Low,Low,Medium,Minimal Change,-,High,High,-
Accoount 1819,3,High-Growth Potential Early Adopters,0,Normal,-0.514,1.658,2.0,2.0,0.0,3.0,2.0,2.0,3.0,0.0,1.0,3.0,2.0,2.0,Potentially Seasonal,None,Low,High,Medium,Medium,High,Minimal Change,Yes,High,Medium,-
Accoount 1820,2,Lean High-Margin Accounts,0,Normal,-1.1429,-0.3756,3.0,3.0,0.0,0.0,2.0,0.0,2.0,0.0,1.0,2.0,1.0,2.0,Highly Seasonal,Early Adopter,Low,Low,None,None,None,Minimal Change,-,Medium,Unknown,Medium
Accoount 1821,2,Lean High-Margin Accounts,0,Normal,-0.8271,-0.1289,2.0,1.0,0.0,3.0,2.0,0.0,2.0,0.0,1.0,3.0,0.0,2.0,Potentially Seasonal,Unknown,None,None,None,None,None,Minimal Change,Yes,High,Low,-
Accoount 1822,0,Standard / Low-Engagement Base,0,Normal,1.0117,0.0513,1.0,2.0,0.0,3.0,2.0,0.0,2.0,0.0,1.0,3.0,3.0,2.0,Unknown,None,None,None,None,None,None,None,Yes,High,High,-
Accoount 1823,3,High-Growth Potential Early Adopters,0,Normal,-0.5222,2.8165,2.0,3.0,2.0,3.0,0.0,2.0,3.0,0.0,1.0,3.0,3.0,2.0,Potentially Seasonal,Early Adopter,Medium,High,Low,Medium,High,Minimal Change,Yes,High,High,Medium
Accoount 1824,3,High-Growth Potential Early Adopters,0,Normal,-0.1496,2.4004,0.0,3.0,2.0,3.0,2.0,2.0,3.0,0.0,1.0,3.0,3.0,2.0,Non Seasonal,Early Adopter,Medium,High,Medium,Medium,High,Minimal Change,Yes,High,High,Medium
Accoount 1825,0,Standard / Low-Engagement Base,0,Normal,0.3604,-0.6471,0.0,2.0,2.0,3.0,3.0,0.0,0.0,0.0,1.0,2.0,3.0,2.0,Non Seasonal,None,Medium,High,High,Low,Low,Minimal Change,-,Medium,High,Medium
Accoount 1826,0,Standard / Low-Engagement Base,0,Normal,1.0117,0.0513,1.0,2.0,0.0,3.0,2.0,0.0,2.0,0.0,1.0,3.0,3.0,2.0,None,None,None,None,None,None,None,None,Yes,High,High,-
Accoount 1827,3,High-Growth Potential Early Adopters,0,Normal,-0.7133,2.32,0.0,3.0,2.0,3.0,2.0,2.0,3.0,0.0,1.0,3.0,2.0,2.0,Non Seasonal,Early Adopter,Medium,High,Medium,Medium,High,Minimal Change,Yes,High,Medium,Medium
Accoount 1828,1,High-Volume Competitive Accounts,0,Normal,-2.9714,0.0155,1.0,3.0,0.0,3.0,2.0,2.0,3.0,0.0,1.0,0.0,1.0,2.0,Unknown,Early Adopter,Low,High,Medium,Medium,High,Minimal Change,-,Low,Unknown,Medium
Accoount 1829,3,High-Growth Potential Early Adopters,0,Normal,-2.8217,3.145,2.0,3.0,2.0,3.0,0.0,3.0,4.0,0.0,1.0,2.0,1.0,2.0,Potentially Seasonal,Early Adopter,Medium,High,Low,High,Very High,Minimal Change,-,Medium,Unknown,Medium
Accoount 1830,0,Standard / Low-Engagement Base,0,Normal,1.0117,0.0513,1.0,2.0,0.0,3.0,2.0,0.0,2.0,0.0,1.0,3.0,3.0,2.0,Unknown,None,None,None,None,None,None,None,Yes,High,High,-
Accoount 1831,1,High-Volume Competitive Accounts,0,Normal,-1.7405,-1.4019,2.0,2.0,0.0,3.0,2.0,0.0,2.0,0.0,1.0,0.0,2.0,2.0,Potentially Seasonal,None,Low,High,None,None,None,Minimal Change,-,Low,Medium,Medium
Accoount 1832,0,Standard / Low-Engagement Base,0,Normal,0.3313,-0.449,1.0,2.0,0.0,3.0,2.0,0.0,2.0,0.0,1.0,2.0,3.0,2.0,None,None,None,None,Medium,Low,Medium,None,Yes,Medium,High,-
Accoount 1833,2,Lean High-Margin Accounts,0,Normal,-0.2325,-0.5294,1.0,2.0,0.0,3.0,2.0,0.0,2.0,0.0,1.0,2.0,2.0,2.0,None,None,None,None,None,None,None,None,-,Medium,Medium,-
Accoount 1834,3,High-Growth Potential Early Adopters,0,Normal,-1.4942,1.3689,1.0,2.0,0.0,3.0,2.0,2.0,3.0,0.0,1.0,3.0,0.0,2.0,Unknown,None,Low,High,Medium,Medium,High,Minimal Change,Yes,High,Low,Medium
Accoount 1835,1,High-Volume Competitive Accounts,0,Normal,-2.2353,-1.4509,1.0,2.0,0.0,3.0,0.0,0.0,2.0,0.0,1.0,0.0,1.0,2.0,Unknown,None,Low,High,Low,Low,Medium,Minimal Change,-,Low,Unknown,-
Accoount 1836,0,Standard / Low-Engagement Base,0,Normal,1.0117,0.0513,1.0,2.0,0.0,3.0,2.0,0.0,2.0,0.0,1.0,3.0,3.0,2.0,Unknown,None,Low,High,None,None,None,Minimal Change,Yes,High,High,-
Accoount 1837,0,Standard / Low-Engagement Base,0,Normal,1.0117,0.0513,1.0,2.0,0.0,3.0,2.0,0.0,2.0,0.0,1.0,3.0,3.0,2.0,None,None,None,None,None,None,None,None,Yes,High,High,-
Accoount 1838,0,Standard / Low-Engagement Base,0,Normal,1.0117,0.0513,1.0,2.0,0.0,3.0,2.0,0.0,2.0,0.0,1.0,3.0,3.0,2.0,Unknown,None,None,None,None,None,None,None,Yes,High,High,-
Accoount 1839,0,Standard / Low-Engagement Base,0,Normal,0.7169,0.2406,3.0,1.0,0.0,3.0,2.0,0.0,2.0,0.0,1.0,3.0,3.0,2.0,Highly Seasonal,Unknown,Low,High,Medium,Low,Medium,Minimal Change,Yes,High,High,Medium
Accoount 1840,0,Standard / Low-Engagement Base,0,Normal,1.0117,0.0513,1.0,2.0,0.0,3.0,2.0,0.0,2.0,0.0,1.0,3.0,3.0,2.0,Unknown,None,None,None,None,None,None,None,Yes,High,High,-
Accoount 1841,3,High-Growth Potential Early Adopters,0,Normal,-0.6753,2.0387,0.0,0.0,2.0,3.0,3.0,2.0,3.0,0.0,1.0,3.0,2.0,2.0,Non Seasonal,Late Adopter,Medium,High,High,Medium,High,Minimal Change,Yes,High,Medium,Medium
Accoount 1842,1,High-Volume Competitive Accounts,0,Normal,-1.8048,0.0966,1.0,3.0,0.0,3.0,3.0,2.0,3.0,0.0,1.0,0.0,3.0,2.0,Unknown,Early Adopter,Low,High,High,Medium,High,Minimal Change,Yes,Low,High,Medium
Accoount 1843,3,High-Growth Potential Early Adopters,0,Normal,-1.5341,2.7521,3.0,1.0,3.0,3.0,2.0,2.0,3.0,0.0,1.0,2.0,3.0,3.0,Highly Seasonal,Unknown,High,High,Medium,Medium,High,Minimal Change,Yes,Medium,High,High
Accoount 1844,0,Standard / Low-Engagement Base,0,Normal,0.3313,-0.449,1.0,2.0,0.0,3.0,2.0,0.0,2.0,0.0,1.0,2.0,3.0,2.0,None,None,None,None,None,None,None,None,-,Medium,High,-
Accoount 1845,0,Standard / Low-Engagement Base,0,Normal,0.3313,-0.449,1.0,2.0,0.0,3.0,2.0,0.0,2.0,0.0,1.0,2.0,3.0,2.0,None,None,None,None,None,None,None,None,-,Medium,High,-
Accoount 1846,0,Standard / Low-Engagement Base,0,Normal,0.3313,-0.449,1.0,2.0,0.0,3.0,2.0,0.0,2.0,0.0,1.0,2.0,3.0,2.0,None,None,None,None,None,None,None,None,-,Medium,High,-
Accoount 1847,2,Lean High-Margin Accounts,0,Normal,0.448,-0.0291,1.0,2.0,0.0,3.0,2.0,0.0,2.0,0.0,1.0,3.0,2.0,2.0,Unknown,None,None,None,None,None,None,None,Yes,High,Medium,-
Accoount 1848,1,High-Volume Competitive Accounts,0,Normal,-2.9714,0.0155,1.0,3.0,0.0,3.0,2.0,2.0,3.0,0.0,1.0,0.0,1.0,2.0,Unknown,Early Adopter,Low,High,Medium,Medium,High,Minimal Change,-,Low,Unknown,Medium
Accoount 1849,3,High-Growth Potential Early Adopters,0,Normal,-0.4835,1.1099,1.0,2.0,0.0,3.0,2.0,2.0,3.0,0.0,1.0,2.0,3.0,2.0,Unknown,None,Low,High,Medium,Medium,High,Minimal Change,Yes,Medium,High,Medium
Accoount 1850,1,High-Volume Competitive Accounts,0,Normal,-1.5933,-1.5301,1.0,2.0,0.0,3.0,2.0,0.0,2.0,0.0,1.0,0.0,2.0,2.0,Unknown,None,None,None,Medium,Low,Medium,Minimal Change,-,Low,Medium,-
Accoount 1851,0,Standard / Low-Engagement Base,0,Normal,1.0117,0.0513,1.0,2.0,0.0,3.0,2.0,0.0,2.0,0.0,1.0,3.0,3.0,2.0,None,None,None,None,None,None,None,None,-,-,-,-
Accoount 1852,0,Standard / Low-Engagement Base,0,Normal,1.0117,0.0513,1.0,2.0,0.0,3.0,2.0,0.0,2.0,0.0,1.0,3.0,3.0,2.0,None,None,None,None,None,None,None,None,Yes,High,High,-
Accoount 1853,3,High-Growth Potential Early Adopters,0,Normal,-1.9858,2.3587,1.0,2.0,0.0,3.0,2.0,3.0,4.0,0.0,1.0,3.0,0.0,2.0,Unknown,None,None,None,Medium,High,Very High,None,Yes,High,Low,-
Accoount 1854,3,High-Growth Potential Early Adopters,0,Normal,-0.5261,2.7461,2.0,3.0,2.0,3.0,2.0,2.0,3.0,2.0,1.0,3.0,3.0,2.0,Potentially Seasonal,Early Adopter,Medium,High,Medium,Medium,High,Encouraging,Yes,High,High,Medium
Accoount 1855,1,High-Volume Competitive Accounts,0,Normal,-2.2353,-1.4509,1.0,2.0,0.0,3.0,0.0,0.0,2.0,0.0,1.0,0.0,1.0,2.0,Unknown,None,Low,High,Low,Low,Medium,Minimal Change,-,Low,Unknown,Medium
Accoount 1856,0,Standard / Low-Engagement Base,0,Normal,1.3877,-0.8699,1.0,2.0,0.0,3.0,3.0,0.0,0.0,0.0,1.0,3.0,3.0,2.0,Unknown,None,Low,High,High,Low,Low,Minimal Change,-,High,High,-
Accoount 1857,3,High-Growth Potential Early Adopters,1,Outlier,-1.8598,0.7954,2.0,2.0,0.0,0.0,0.0,2.0,3.0,0.0,1.0,2.0,1.0,0.0,Potentially Seasonal,None,Low,Low,Low,Medium,High,Minimal Change,-,Medium,Unknown,Low
Accoount 1858,0,Standard / Low-Engagement Base,0,Normal,0.3606,-0.8012,1.0,2.0,0.0,3.0,2.0,0.0,2.0,0.0,1.0,2.0,3.0,0.0,Unknown,None,Low,High,None,None,None,None,-,Medium,High,Low
Accoount 1859,1,High-Volume Competitive Accounts,0,Normal,-2.7207,-1.6909,1.0,2.0,0.0,3.0,2.0,0.0,2.0,0.0,1.0,0.0,0.0,2.0,Unknown,None,None,None,None,None,None,None,-,Low,Low,-
Accoount 1860,0,Standard / Low-Engagement Base,0,Normal,1.0803,0.0156,0.0,1.0,0.0,3.0,0.0,0.0,2.0,0.0,1.0,3.0,3.0,2.0,Non Seasonal,Unknown,Low,High,Low,Low,Medium,Minimal Change,Yes,High,High,Medium
Accoount 1861,3,High-Growth Potential Early Adopters,0,Normal,-1.1453,2.8031,1.0,1.0,2.0,3.0,3.0,3.0,3.0,0.0,1.0,3.0,2.0,2.0,Unknown,Unknown,Medium,High,High,High,High,Minimal Change,-,High,Medium,Medium
Accoount 1862,0,Standard / Low-Engagement Base,0,Normal,1.0117,0.0513,1.0,2.0,0.0,3.0,2.0,0.0,2.0,0.0,1.0,3.0,3.0,2.0,None,None,None,None,None,None,None,None,Yes,High,High,-
Accoount 1863,2,Lean High-Margin Accounts,0,Normal,-0.4978,-0.4712,2.0,2.0,2.0,3.0,3.0,0.0,0.0,0.0,1.0,2.0,2.0,2.0,Potentially Seasonal,None,Medium,High,High,Low,Low,Minimal Change,-,Medium,Medium,Medium
Accoount 1864,0,Standard / Low-Engagement Base,0,Normal,1.0117,0.0513,1.0,2.0,0.0,3.0,2.0,0.0,2.0,0.0,1.0,3.0,3.0,2.0,None,None,None,None,None,None,None,None,Yes,High,High,-
Accoount 1865,2,Lean High-Margin Accounts,0,Normal,0.448,-0.0291,1.0,2.0,0.0,3.0,2.0,0.0,2.0,0.0,1.0,3.0,2.0,2.0,Unknown,None,None,None,None,None,None,None,Yes,High,Medium,-
Accoount 1866,0,Standard / Low-Engagement Base,0,Normal,1.1443,0.0993,0.0,2.0,0.0,3.0,2.0,0.0,2.0,0.0,1.0,3.0,3.0,3.0,Non Seasonal,Trend Follower,Low,High,Medium,Low,Medium,Minimal Change,Yes,High,High,High
Accoount 1867,0,Standard / Low-Engagement Base,0,Normal,1.1589,-0.0768,0.0,2.0,0.0,3.0,2.0,0.0,2.0,0.0,1.0,3.0,3.0,2.0,Non Seasonal,None,Low,High,Medium,Low,Medium,Minimal Change,Yes,High,High,Medium
Accoount 1868,0,Standard / Low-Engagement Base,0,Normal,0.8886,0.1853,1.0,2.0,0.0,3.0,2.0,0.0,2.0,3.0,1.0,3.0,3.0,2.0,Unknown,None,Low,High,Medium,Low,Medium,Concerning,Yes,High,High,-
Accoount 1869,0,Standard / Low-Engagement Base,0,Normal,0.7165,0.1734,3.0,0.0,0.0,3.0,2.0,0.0,2.0,0.0,1.0,3.0,3.0,2.0,Highly Seasonal,Late Adopter,Low,High,Medium,Low,Medium,Minimal Change,Yes,High,High,Medium
Accoount 1870,2,Lean High-Margin Accounts,0,Normal,-0.4286,-0.5938,2.0,2.0,0.0,3.0,0.0,0.0,2.0,0.0,1.0,2.0,2.0,0.0,Potentially Seasonal,Trend Follower,Low,High,Low,Low,Medium,Minimal Change,Yes,Medium,Medium,Low
Accoount 1871,3,High-Growth Potential Early Adopters,1,Outlier,-2.8885,4.007,2.0,3.0,3.0,3.0,2.0,3.0,4.0,0.0,1.0,3.0,0.0,3.0,Potentially Seasonal,Early Adopter,High,High,Medium,High,Very High,Minimal Change,Yes,High,Low,High
Accoount 1872,2,Lean High-Margin Accounts,0,Normal,-0.4575,-0.1744,2.0,3.0,0.0,3.0,0.0,0.0,2.0,0.0,1.0,2.0,2.0,2.0,Potentially Seasonal,Early Adopter,Low,High,Low,Low,Medium,Minimal Change,Yes,Medium,Medium,Medium
Accoount 1873,2,Lean High-Margin Accounts,0,Normal,-0.2328,-0.5966,1.0,1.0,0.0,3.0,2.0,0.0,2.0,0.0,1.0,2.0,2.0,2.0,Unknown,Unknown,Low,High,Medium,Low,Medium,Minimal Change,-,Medium,Medium,Medium
Accoount 1874,1,High-Volume Competitive Accounts,0,Normal,-1.0296,-1.4496,1.0,2.0,0.0,3.0,2.0,0.0,2.0,0.0,1.0,0.0,3.0,2.0,None,None,None,None,None,None,None,None,-,Low,High,-
Accoount 1875,0,Standard / Low-Engagement Base,0,Normal,1.0117,0.0513,1.0,2.0,0.0,3.0,2.0,0.0,2.0,0.0,1.0,3.0,3.0,2.0,None,None,None,None,None,None,None,None,Yes,High,High,-
Accoount 1876,2,Lean High-Margin Accounts,0,Normal,-0.2325,-0.5294,1.0,2.0,0.0,3.0,2.0,0.0,2.0,0.0,1.0,2.0,2.0,2.0,None,None,None,None,None,None,None,None,-,Medium,Medium,-
Accoount 1877,0,Standard / Low-Engagement Base,0,Normal,0.5865,0.934,0.0,2.0,2.0,3.0,0.0,0.0,2.0,0.0,1.0,3.0,3.0,2.0,Non Seasonal,Trend Follower,Medium,High,Low,Low,Medium,Minimal Change,Yes,High,High,Medium
Accoount 1878,3,High-Growth Potential Early Adopters,0,Normal,-0.9502,3.8227,2.0,3.0,2.0,3.0,2.0,3.0,4.0,0.0,1.0,3.0,3.0,3.0,Potentially Seasonal,Early Adopter,Medium,High,Medium,High,Very High,Minimal Change,Yes,High,High,High
Accoount 1879,0,Standard / Low-Engagement Base,0,Normal,1.0117,0.0513,1.0,2.0,0.0,3.0,2.0,0.0,2.0,0.0,1.0,3.0,3.0,2.0,None,None,None,None,None,None,None,None,Yes,High,High,-
Accoount 1880,0,Standard / Low-Engagement Base,0,Normal,1.0117,0.0513,1.0,2.0,0.0,3.0,2.0,0.0,2.0,0.0,1.0,3.0,3.0,2.0,None,None,None,None,None,None,None,None,-,-,-,-
Accoount 1881,0,Standard / Low-Engagement Base,0,Normal,1.0117,0.0513,1.0,2.0,0.0,3.0,2.0,0.0,2.0,0.0,1.0,3.0,3.0,2.0,None,None,None,None,None,None,None,None,-,-,-,-
Accoount 1882,2,Lean High-Margin Accounts,0,Normal,-0.3797,-0.4012,2.0,2.0,0.0,3.0,2.0,0.0,2.0,0.0,1.0,2.0,2.0,2.0,Potentially Seasonal,None,Low,High,Medium,Low,Medium,Minimal Change,-,Medium,Medium,Medium
Accoount 1883,0,Standard / Low-Engagement Base,0,Normal,1.0117,0.0513,1.0,2.0,0.0,3.0,2.0,0.0,2.0,0.0,1.0,3.0,3.0,2.0,Unknown,None,None,None,None,None,None,None,Yes,High,High,-
Accoount 1884,0,Standard / Low-Engagement Base,0,Normal,1.0117,0.0513,1.0,2.0,0.0,3.0,2.0,0.0,2.0,0.0,1.0,3.0,3.0,2.0,None,None,None,None,None,None,None,None,Yes,High,High,-
Accoount 1885,0,Standard / Low-Engagement Base,0,Normal,1.0117,0.0513,1.0,2.0,0.0,3.0,2.0,0.0,2.0,0.0,1.0,3.0,3.0,2.0,None,None,None,None,None,None,None,None,Yes,High,High,-
Accoount 1886,3,High-Growth Potential Early Adopters,1,Outlier,-0.538,2.7911,2.0,0.0,2.0,3.0,0.0,2.0,3.0,0.0,1.0,3.0,3.0,3.0,Potentially Seasonal,Late Adopter,Medium,High,Low,Medium,High,Minimal Change,Yes,High,High,High
Accoount 1887,2,Lean High-Margin Accounts,0,Normal,-0.7962,-0.6099,1.0,2.0,0.0,3.0,2.0,0.0,2.0,0.0,1.0,2.0,1.0,2.0,None,None,None,None,None,None,None,None,Yes,Medium,Unknown,-
Accoount 1888,0,Standard / Low-Engagement Base,0,Normal,1.3873,-0.937,1.0,1.0,0.0,3.0,3.0,0.0,0.0,0.0,1.0,3.0,3.0,2.0,Unknown,Unknown,Low,High,High,Low,Low,None,-,High,High,Medium
Accoount 1889,2,Lean High-Margin Accounts,0,Normal,-0.7962,-0.6099,1.0,2.0,0.0,3.0,2.0,0.0,2.0,0.0,1.0,2.0,1.0,2.0,None,None,None,None,None,None,None,None,-,Medium,Unknown,-
Accoount 1890,3,High-Growth Potential Early Adopters,0,Normal,-0.9772,2.0283,1.0,3.0,2.0,3.0,2.0,2.0,3.0,0.0,1.0,2.0,3.0,2.0,Unknown,Early Adopter,Medium,High,Medium,Medium,High,Minimal Change,-,Medium,High,Medium
Accoount 1891,1,High-Volume Competitive Accounts,0,Normal,-1.3649,-2.3902,2.0,1.0,0.0,3.0,3.0,0.0,0.0,0.0,1.0,0.0,2.0,2.0,Potentially Seasonal,Unknown,Low,High,High,Low,Low,Minimal Change,-,Low,Medium,Medium
Accoount 1892,0,Standard / Low-Engagement Base,0,Normal,1.0117,0.0513,1.0,2.0,0.0,3.0,2.0,0.0,2.0,0.0,1.0,3.0,3.0,2.0,None,None,None,None,None,None,None,None,Yes,High,High,-
Accoount 1893,0,Standard / Low-Engagement Base,0,Normal,1.0117,0.0513,1.0,2.0,0.0,3.0,2.0,0.0,2.0,0.0,1.0,3.0,3.0,2.0,None,None,None,None,None,None,None,None,Yes,High,High,-
Accoount 1894,0,Standard / Low-Engagement Base,0,Normal,1.0117,0.0513,1.0,2.0,0.0,3.0,2.0,0.0,2.0,0.0,1.0,3.0,3.0,2.0,None,None,None,None,None,None,None,None,Yes,High,High,-
Accoount 1895,0,Standard / Low-Engagement Base,0,Normal,1.0117,0.0513,1.0,2.0,0.0,3.0,2.0,0.0,2.0,0.0,1.0,3.0,3.0,2.0,None,None,None,None,None,None,None,None,Yes,High,High,-
Accoount 1896,0,Standard / Low-Engagement Base,0,Normal,1.0117,0.0513,1.0,2.0,0.0,3.0,2.0,0.0,2.0,0.0,1.0,3.0,3.0,2.0,None,None,None,None,None,None,None,None,Yes,High,High,-
Accoount 1897,2,Lean High-Margin Accounts,0,Normal,-0.6795,-0.19,1.0,2.0,0.0,3.0,2.0,0.0,2.0,0.0,1.0,3.0,0.0,2.0,None,None,None,None,None,None,None,None,Yes,High,Low,-
Accoount 1898,0,Standard / Low-Engagement Base,0,Normal,-0.3272,0.5679,2.0,3.0,2.0,2.0,2.0,0.0,2.0,0.0,1.0,2.0,3.0,2.0,Potentially Seasonal,Early Adopter,Medium,Medium,None,None,None,Minimal Change,-,Medium,High,-
Accoount 1899,2,Lean High-Margin Accounts,0,Normal,0.448,-0.0291,1.0,2.0,0.0,3.0,2.0,0.0,2.0,0.0,1.0,3.0,2.0,2.0,None,None,None,None,None,None,None,None,Yes,High,Medium,-
Accoount 1900,1,High-Volume Competitive Accounts,0,Normal,-2.157,-1.6105,1.0,2.0,0.0,3.0,2.0,0.0,2.0,0.0,1.0,0.0,1.0,2.0,None,None,None,None,None,None,None,None,-,Low,Unknown,-
Accoount 1901,3,High-Growth Potential Early Adopters,0,Normal,-3.6127,0.995,2.0,3.0,2.0,3.0,2.0,2.0,3.0,0.0,1.0,0.0,1.0,2.0,Potentially Seasonal,Early Adopter,Medium,High,Medium,Medium,High,Minimal Change,-,Low,Unknown,Medium
Accoount 1902,2,Lean High-Margin Accounts,0,Normal,-0.3797,-0.4012,2.0,2.0,0.0,3.0,2.0,0.0,2.0,0.0,1.0,2.0,2.0,2.0,Potentially Seasonal,None,Low,High,Medium,Low,Medium,Minimal Change,Yes,Medium,Medium,Medium
Accoount 1903,0,Standard / Low-Engagement Base,0,Normal,1.0117,0.0513,1.0,2.0,0.0,3.0,2.0,0.0,2.0,0.0,1.0,3.0,3.0,2.0,Unknown,None,Low,High,None,None,None,None,Yes,High,High,-
Accoount 1904,3,High-Growth Potential Early Adopters,0,Normal,-1.7197,1.6567,2.0,2.0,0.0,3.0,0.0,2.0,3.0,0.0,1.0,3.0,0.0,2.0,Potentially Seasonal,None,Low,High,Low,Medium,High,Minimal Change,Yes,High,Low,Medium
Accoount 1905,0,Standard / Low-Engagement Base,0,Normal,0.3313,-0.449,1.0,2.0,0.0,3.0,2.0,0.0,2.0,0.0,1.0,2.0,3.0,2.0,None,None,None,None,None,None,None,None,-,Medium,High,-
Accoount 1906,0,Standard / Low-Engagement Base,0,Normal,1.0117,0.0513,1.0,2.0,0.0,3.0,2.0,0.0,2.0,0.0,1.0,3.0,3.0,2.0,Unknown,None,Low,High,None,None,None,Minimal Change,-,High,High,-
Accoount 1907,3,High-Growth Potential Early Adopters,0,Normal,-1.8415,2.0248,0.0,1.0,2.0,3.0,2.0,2.0,3.0,0.0,1.0,3.0,0.0,2.0,Non Seasonal,Unknown,Medium,High,Medium,Medium,High,Minimal Change,Yes,High,Low,Medium
Accoount 1908,1,High-Volume Competitive Accounts,0,Normal,-1.5933,-1.5301,1.0,2.0,0.0,3.0,2.0,0.0,2.0,0.0,1.0,0.0,2.0,2.0,Unknown,None,Low,High,Medium,Low,Medium,Minimal Change,Yes,Low,Medium,-
Accoount 1909,0,Standard / Low-Engagement Base,0,Normal,0.3313,-0.449,1.0,2.0,0.0,3.0,2.0,0.0,2.0,0.0,1.0,2.0,3.0,2.0,None,None,None,None,None,None,None,None,-,Medium,High,-
Accoount 1910,0,Standard / Low-Engagement Base,0,Normal,1.0117,0.0513,1.0,2.0,0.0,3.0,2.0,0.0,2.0,0.0,1.0,3.0,3.0,2.0,None,None,None,None,None,None,None,None,Yes,High,High,-
Accoount 1911,0,Standard / Low-Engagement Base,0,Normal,1.0117,0.0513,1.0,2.0,0.0,3.0,2.0,0.0,2.0,0.0,1.0,3.0,3.0,2.0,None,None,None,None,None,None,None,None,Yes,High,High,Medium
Accoount 1912,1,High-Volume Competitive Accounts,0,Normal,-2.157,-1.6105,1.0,2.0,0.0,3.0,2.0,0.0,2.0,0.0,1.0,0.0,1.0,2.0,None,None,None,None,None,None,None,None,Yes,Low,Unknown,-
Accoount 1913,1,High-Volume Competitive Accounts,0,Normal,-2.157,-1.6105,1.0,2.0,0.0,3.0,2.0,0.0,2.0,0.0,1.0,0.0,1.0,2.0,None,None,None,None,None,None,None,None,-,Low,Unknown,-
Accoount 1914,3,High-Growth Potential Early Adopters,0,Normal,-0.7133,2.32,0.0,3.0,2.0,3.0,2.0,2.0,3.0,0.0,1.0,3.0,2.0,2.0,Non Seasonal,Early Adopter,Medium,High,Medium,Medium,High,Minimal Change,Yes,High,Medium,Medium
Accoount 1915,3,High-Growth Potential Early Adopters,0,Normal,-0.6062,2.8939,3.0,2.0,2.0,3.0,2.0,2.0,3.0,0.0,1.0,3.0,3.0,3.0,Highly Seasonal,Trend Follower,Medium,High,Medium,Medium,High,Minimal Change,-,High,High,High
Accoount 1916,3,High-Growth Potential Early Adopters,0,Normal,-3.7599,1.1232,3.0,3.0,2.0,3.0,2.0,2.0,3.0,0.0,1.0,0.0,1.0,2.0,Highly Seasonal,Early Adopter,Medium,High,Medium,Medium,High,Minimal Change,-,Low,Unknown,Medium
Accoount 1917,0,Standard / Low-Engagement Base,0,Normal,0.6505,1.0176,0.0,3.0,2.0,3.0,2.0,0.0,2.0,0.0,1.0,3.0,3.0,3.0,Non Seasonal,Early Adopter,Medium,High,Medium,Low,Medium,Minimal Change,Yes,High,High,High
Accoount 1918,3,High-Growth Potential Early Adopters,0,Normal,-2.7581,3.1615,2.0,3.0,2.0,3.0,2.0,3.0,4.0,0.0,1.0,2.0,1.0,3.0,Potentially Seasonal,Early Adopter,Medium,High,Medium,High,Very High,Minimal Change,-,Medium,Unknown,High
Accoount 1919,2,Lean High-Margin Accounts,0,Normal,-0.5265,-0.2059,3.0,3.0,0.0,3.0,2.0,0.0,2.0,0.0,1.0,2.0,2.0,2.0,Highly Seasonal,Early Adopter,Low,High,None,None,None,Minimal Change,-,Medium,Medium,Medium
Accoount 1920,0,Standard / Low-Engagement Base,0,Normal,1.2701,-1.0267,2.0,3.0,0.0,3.0,3.0,0.0,0.0,0.0,1.0,3.0,3.0,0.0,Potentially Seasonal,Early Adopter,Low,High,High,Low,Low,Minimal Change,-,High,High,Low
Accoount 1921,1,High-Volume Competitive Accounts,0,Normal,-2.157,-1.6105,1.0,2.0,0.0,3.0,2.0,0.0,2.0,0.0,1.0,0.0,1.0,2.0,None,None,None,None,None,None,None,None,-,Low,Unknown,-
Accoount 1922,0,Standard / Low-Engagement Base,0,Normal,1.0117,0.0513,1.0,2.0,0.0,3.0,2.0,0.0,2.0,0.0,1.0,3.0,3.0,2.0,None,None,None,None,None,None,None,None,-,-,-,-
Accoount 1923,2,Lean High-Margin Accounts,0,Normal,-0.533,-0.4525,0.0,0.0,0.0,3.0,2.0,0.0,2.0,0.0,1.0,3.0,0.0,2.0,Non Seasonal,Late Adopter,None,None,None,None,None,Minimal Change,Yes,High,Low,-
Accoount 1924,0,Standard / Low-Engagement Base,0,Normal,0.3557,1.2069,2.0,2.0,2.0,3.0,2.0,0.0,2.0,0.0,1.0,3.0,3.0,3.0,Potentially Seasonal,Trend Follower,Medium,High,None,None,None,Minimal Change,Yes,High,High,High
Accoount 1925,2,Lean High-Margin Accounts,0,Normal,0.3008,0.0991,2.0,2.0,0.0,3.0,2.0,0.0,2.0,0.0,1.0,3.0,2.0,2.0,Potentially Seasonal,Trend Follower,Low,High,Medium,Low,Medium,Minimal Change,-,High,Medium,Medium
Accoount 1926,2,Lean High-Margin Accounts,0,Normal,-0.38,-0.4684,2.0,1.0,0.0,3.0,2.0,0.0,2.0,0.0,1.0,2.0,2.0,2.0,Potentially Seasonal,Unknown,Low,High,Medium,Low,Medium,Minimal Change,Yes,Medium,Medium,Medium
Accoount 1927,3,High-Growth Potential Early Adopters,0,Normal,-0.0281,1.9652,2.0,3.0,0.0,3.0,0.0,2.0,3.0,0.0,1.0,3.0,3.0,2.0,Potentially Seasonal,Early Adopter,Low,High,Low,Medium,High,Minimal Change,Yes,High,High,Medium
Accoount 1928,0,Standard / Low-Engagement Base,0,Normal,1.0117,0.0513,1.0,2.0,0.0,3.0,2.0,0.0,2.0,0.0,1.0,3.0,3.0,2.0,None,None,None,None,None,None,None,None,Yes,High,High,-
Accoount 1929,1,High-Volume Competitive Accounts,0,Normal,-2.7207,-1.6909,1.0,2.0,0.0,3.0,2.0,0.0,2.0,0.0,1.0,0.0,0.0,2.0,Unknown,None,None,None,None,None,None,None,-,Low,Low,-
Accoount 1930,0,Standard / Low-Engagement Base,0,Normal,1.0117,0.0513,1.0,2.0,0.0,3.0,2.0,0.0,2.0,0.0,1.0,3.0,3.0,2.0,None,None,None,None,None,None,None,None,-,-,-,-
Accoount 1931,0,Standard / Low-Engagement Base,0,Normal,1.0117,0.0513,1.0,2.0,0.0,3.0,2.0,0.0,2.0,0.0,1.0,3.0,3.0,2.0,None,None,None,None,None,None,None,None,Yes,High,High,-
Accoount 1932,1,High-Volume Competitive Accounts,0,Normal,-2.157,-1.6105,1.0,2.0,0.0,3.0,2.0,0.0,2.0,0.0,1.0,0.0,1.0,2.0,Unknown,None,Low,High,Medium,Low,Medium,Minimal Change,-,Low,Unknown,Medium
Accoount 1933,1,High-Volume Competitive Accounts,1,Outlier,-2.504,-1.3958,2.0,3.0,2.0,3.0,3.0,0.0,0.0,2.0,1.0,0.0,1.0,2.0,Potentially Seasonal,Early Adopter,Medium,High,High,Low,Low,Encouraging,Yes,Low,Unknown,Medium
Accoount 1934,1,High-Volume Competitive Accounts,0,Normal,-1.0296,-1.4496,1.0,2.0,0.0,3.0,2.0,0.0,2.0,0.0,1.0,0.0,3.0,2.0,Unknown,None,Low,High,Medium,Low,Medium,Minimal Change,-,Low,High,Medium
Accoount 1935,0,Standard / Low-Engagement Base,0,Normal,1.0117,0.0513,1.0,2.0,0.0,3.0,2.0,0.0,2.0,0.0,1.0,3.0,3.0,2.0,Unknown,None,None,None,None,None,None,None,Yes,High,High,-
Accoount 1936,2,Lean High-Margin Accounts,0,Normal,-0.7962,-0.6099,1.0,2.0,0.0,3.0,2.0,0.0,2.0,0.0,1.0,2.0,1.0,2.0,None,None,None,None,None,None,None,None,Yes,Medium,Unknown,-
Accoount 1937,2,Lean High-Margin Accounts,0,Normal,-0.2325,-0.5294,1.0,2.0,0.0,3.0,2.0,0.0,2.0,0.0,1.0,2.0,2.0,2.0,None,None,None,None,None,None,None,None,Yes,Medium,Medium,-
Accoount 1938,3,High-Growth Potential Early Adopters,0,Normal,-0.0439,1.9398,2.0,0.0,0.0,3.0,0.0,2.0,3.0,0.0,1.0,3.0,3.0,3.0,Potentially Seasonal,Late Adopter,Low,High,Low,Medium,High,Minimal Change,Yes,High,High,High
Accoount 1939,3,High-Growth Potential Early Adopters,1,Outlier,-2.435,2.8794,2.0,0.0,2.0,3.0,3.0,3.0,3.0,0.0,1.0,3.0,0.0,3.0,Potentially Seasonal,Late Adopter,Medium,High,High,High,High,Minimal Change,Yes,High,Low,High
Accoount 1940,1,High-Volume Competitive Accounts,0,Normal,-1.6715,-1.3704,1.0,2.0,0.0,3.0,0.0,0.0,2.0,0.0,1.0,0.0,2.0,2.0,Unknown,None,Low,High,Low,Low,Medium,Minimal Change,Yes,Low,Medium,-
Accoount 1941,2,Lean High-Margin Accounts,0,Normal,0.448,-0.0291,1.0,2.0,0.0,3.0,2.0,0.0,2.0,0.0,1.0,3.0,2.0,2.0,Unknown,None,None,None,None,None,None,None,Yes,High,Medium,-
Accoount 1942,2,Lean High-Margin Accounts,0,Normal,0.5943,-0.7999,2.0,1.0,0.0,3.0,3.0,0.0,0.0,2.0,1.0,3.0,2.0,2.0,Potentially Seasonal,Unknown,Low,High,High,Low,Low,Encouraging,Yes,High,Medium,Medium
Accoount 1943,0,Standard / Low-Engagement Base,0,Normal,1.041,-0.3009,1.0,2.0,0.0,3.0,2.0,0.0,2.0,0.0,1.0,3.0,3.0,0.0,Unknown,None,Low,High,None,None,None,Minimal Change,Yes,High,High,Low
Accoount 1944,0,Standard / Low-Engagement Base,0,Normal,1.0117,0.0513,1.0,2.0,0.0,3.0,2.0,0.0,2.0,0.0,1.0,3.0,3.0,2.0,None,None,None,None,None,None,None,None,Yes,High,High,-
Accoount 1945,3,High-Growth Potential Early Adopters,1,Outlier,-2.1204,2.6639,0.0,2.0,3.0,2.0,2.0,2.0,3.0,0.0,1.0,3.0,0.0,3.0,Non Seasonal,Trend Follower,High,Medium,Medium,Medium,High,Minimal Change,Yes,High,Low,High
Accoount 1946,0,Standard / Low-Engagement Base,0,Normal,1.0117,0.0513,1.0,2.0,0.0,3.0,2.0,0.0,2.0,0.0,1.0,3.0,3.0,2.0,None,None,None,None,None,None,None,None,Yes,High,High,-
Accoount 1947,2,Lean High-Margin Accounts,0,Normal,0.448,-0.0291,1.0,2.0,0.0,3.0,2.0,0.0,2.0,0.0,1.0,3.0,2.0,2.0,None,None,None,None,None,None,None,None,Yes,High,Medium,-
Accoount 1948,2,Lean High-Margin Accounts,0,Normal,-0.7669,-0.9621,1.0,2.0,0.0,3.0,2.0,0.0,2.0,0.0,1.0,2.0,1.0,0.0,None,None,None,None,None,None,None,None,-,Medium,Unknown,Low
Accoount 1949,0,Standard / Low-Engagement Base,0,Normal,1.0117,0.0513,1.0,2.0,0.0,3.0,2.0,0.0,2.0,0.0,1.0,3.0,3.0,2.0,None,None,None,None,None,None,None,None,Yes,High,High,-
Accoount 1950,0,Standard / Low-Engagement Base,0,Normal,1.0117,0.0513,1.0,2.0,0.0,3.0,2.0,0.0,2.0,0.0,1.0,3.0,3.0,2.0,None,None,None,None,None,None,None,None,Yes,High,High,-
Accoount 1951,0,Standard / Low-Engagement Base,0,Normal,1.0117,0.0513,1.0,2.0,0.0,3.0,2.0,0.0,2.0,0.0,1.0,3.0,3.0,2.0,None,None,None,None,None,None,None,None,-,-,-,-
Accoount 1952,0,Standard / Low-Engagement Base,0,Normal,1.0117,0.0513,1.0,2.0,0.0,3.0,2.0,0.0,2.0,0.0,1.0,3.0,3.0,2.0,None,None,None,None,None,None,None,None,Yes,High,High,-
Accoount 1953,0,Standard / Low-Engagement Base,0,Normal,1.0117,0.0513,1.0,2.0,0.0,3.0,2.0,0.0,2.0,0.0,1.0,3.0,3.0,2.0,None,None,None,None,None,None,None,None,-,-,-,-
Accoount 1954,0,Standard / Low-Engagement Base,0,Normal,1.0117,0.0513,1.0,2.0,0.0,3.0,2.0,0.0,2.0,0.0,1.0,3.0,3.0,2.0,None,None,None,None,None,None,None,None,-,-,-,-
Accoount 1955,2,Lean High-Margin Accounts,0,Normal,-0.6795,-0.19,1.0,2.0,0.0,3.0,2.0,0.0,2.0,0.0,1.0,3.0,0.0,2.0,None,None,None,None,None,None,None,None,Yes,High,Low,-
Accoount 1956,0,Standard / Low-Engagement Base,0,Normal,1.0117,0.0513,1.0,2.0,0.0,3.0,2.0,0.0,2.0,0.0,1.0,3.0,3.0,2.0,None,None,None,None,None,None,None,None,Yes,High,High,-
Accoount 1957,0,Standard / Low-Engagement Base,0,Normal,1.0117,0.0513,1.0,2.0,0.0,3.0,2.0,0.0,2.0,0.0,1.0,3.0,3.0,2.0,None,None,None,None,None,None,None,None,Yes,High,High,-
Accoount 1958,0,Standard / Low-Engagement Base,0,Normal,1.0117,0.0513,1.0,2.0,0.0,3.0,2.0,0.0,2.0,0.0,1.0,3.0,3.0,2.0,None,None,None,None,None,None,None,None,-,-,-,-
Accoount 1959,0,Standard / Low-Engagement Base,0,Normal,1.0117,0.0513,1.0,2.0,0.0,3.0,2.0,0.0,2.0,0.0,1.0,3.0,3.0,2.0,None,None,None,None,None,None,None,None,Yes,High,High,-
Accoount 1960,0,Standard / Low-Engagement Base,0,Normal,1.0117,0.0513,1.0,2.0,0.0,3.0,2.0,0.0,2.0,0.0,1.0,3.0,3.0,2.0,None,None,None,None,None,None,None,None,-,-,-,-
Accoount 1961,0,Standard / Low-Engagement Base,0,Normal,1.0117,0.0513,1.0,2.0,0.0,3.0,2.0,0.0,2.0,0.0,1.0,3.0,3.0,2.0,None,None,None,None,None,None,None,None,Yes,High,High,-
Accoount 1962,0,Standard / Low-Engagement Base,0,Normal,1.0117,0.0513,1.0,2.0,0.0,3.0,2.0,0.0,2.0,0.0,1.0,3.0,3.0,2.0,None,None,None,None,None,None,None,None,-,High,High,-
Accoount 1963,2,Lean High-Margin Accounts,0,Normal,0.448,-0.0291,1.0,2.0,0.0,3.0,2.0,0.0,2.0,0.0,1.0,3.0,2.0,2.0,None,None,None,None,None,None,None,None,-,High,Medium,-
Accoount 1964,1,High-Volume Competitive Accounts,0,Normal,-2.157,-1.6105,1.0,2.0,0.0,3.0,2.0,0.0,2.0,0.0,1.0,0.0,1.0,2.0,None,None,None,None,None,None,None,None,-,Low,Unknown,-
Accoount 1965,0,Standard / Low-Engagement Base,0,Normal,0.3313,-0.449,1.0,2.0,0.0,3.0,2.0,0.0,2.0,0.0,1.0,2.0,3.0,2.0,None,None,None,None,None,None,None,None,-,Medium,High,-
Accoount 1966,1,High-Volume Competitive Accounts,0,Normal,-1.0003,-1.8018,1.0,2.0,0.0,3.0,2.0,0.0,2.0,0.0,1.0,0.0,3.0,0.0,None,None,None,None,None,None,None,None,-,Low,High,Low
Accoount 1967,0,Standard / Low-Engagement Base,0,Normal,1.0117,0.0513,1.0,2.0,0.0,3.0,2.0,0.0,2.0,0.0,1.0,3.0,3.0,2.0,None,None,None,None,None,None,None,None,-,High,High,-
Accoount 1968,0,Standard / Low-Engagement Base,0,Normal,0.3606,-0.8012,1.0,2.0,0.0,3.0,2.0,0.0,2.0,0.0,1.0,2.0,3.0,0.0,None,None,None,None,None,None,None,None,-,Medium,High,Low
Accoount 1969,0,Standard / Low-Engagement Base,0,Normal,0.3313,-0.449,1.0,2.0,0.0,3.0,2.0,0.0,2.0,0.0,1.0,2.0,3.0,2.0,None,None,None,None,None,None,None,None,-,Medium,High,-
Accoount 1970,0,Standard / Low-Engagement Base,0,Normal,0.3606,-0.8012,1.0,2.0,0.0,3.0,2.0,0.0,2.0,0.0,1.0,2.0,3.0,0.0,None,None,None,None,None,None,None,None,-,Medium,High,Low
Accoount 1971,2,Lean High-Margin Accounts,0,Normal,-0.2325,-0.5294,1.0,2.0,0.0,3.0,2.0,0.0,2.0,0.0,1.0,2.0,2.0,2.0,None,None,None,None,None,None,None,None,-,Medium,Medium,-
Accoount 1972,2,Lean High-Margin Accounts,0,Normal,-0.2325,-0.5294,1.0,2.0,0.0,3.0,2.0,0.0,2.0,0.0,1.0,2.0,2.0,2.0,None,None,None,None,None,None,None,None,-,Medium,Medium,-
Accoount 1973,0,Standard / Low-Engagement Base,0,Normal,0.3313,-0.449,1.0,2.0,0.0,3.0,2.0,0.0,2.0,0.0,1.0,2.0,3.0,2.0,None,None,None,None,None,None,None,None,-,Medium,High,-
Accoount 1974,0,Standard / Low-Engagement Base,0,Normal,0.3313,-0.449,1.0,2.0,0.0,3.0,2.0,0.0,2.0,0.0,1.0,2.0,3.0,2.0,None,None,None,None,None,None,None,None,-,Medium,High,-
Accoount 1975,0,Standard / Low-Engagement Base,0,Normal,0.3606,-0.8012,1.0,2.0,0.0,3.0,2.0,0.0,2.0,0.0,1.0,2.0,3.0,0.0,None,None,None,None,None,None,None,None,-,Medium,High,Low
Accoount 1976,1,High-Volume Competitive Accounts,0,Normal,-2.157,-1.6105,1.0,2.0,0.0,3.0,2.0,0.0,2.0,0.0,1.0,0.0,1.0,2.0,None,None,None,None,None,None,None,None,-,Low,Unknown,-
Accoount 1977,2,Lean High-Margin Accounts,0,Normal,-0.2032,-0.8816,1.0,2.0,0.0,3.0,2.0,0.0,2.0,0.0,1.0,2.0,2.0,0.0,None,None,None,None,None,None,None,None,-,Medium,Medium,Low
Accoount 1978,2,Lean High-Margin Accounts,0,Normal,-0.2325,-0.5294,1.0,2.0,0.0,3.0,2.0,0.0,2.0,0.0,1.0,2.0,2.0,2.0,None,None,None,None,None,None,None,None,-,Medium,Medium,-
Accoount 1979,0,Standard / Low-Engagement Base,0,Normal,1.0117,0.0513,1.0,2.0,0.0,3.0,2.0,0.0,2.0,0.0,1.0,3.0,3.0,2.0,None,None,None,None,None,None,None,None,-,-,-,-
Accoount 1980,0,Standard / Low-Engagement Base,0,Normal,0.3309,-0.5161,1.0,1.0,0.0,3.0,2.0,0.0,2.0,0.0,1.0,2.0,3.0,2.0,Unknown,Unknown,None,None,None,None,None,None,Yes,Medium,High,Medium
Accoount 1981,0,Standard / Low-Engagement Base,0,Normal,1.0117,0.0513,1.0,2.0,0.0,3.0,2.0,0.0,2.0,0.0,1.0,3.0,3.0,2.0,None,None,None,None,None,None,None,None,Yes,High,High,-
Accoount 1982,1,High-Volume Competitive Accounts,0,Normal,-2.157,-1.6105,1.0,2.0,0.0,3.0,2.0,0.0,2.0,0.0,1.0,0.0,1.0,2.0,None,None,None,None,None,None,None,None,-,Low,Unknown,-
Accoount 1983,1,High-Volume Competitive Accounts,0,Normal,-1.5933,-1.5301,1.0,2.0,0.0,3.0,2.0,0.0,2.0,0.0,1.0,0.0,2.0,2.0,None,None,None,None,None,None,None,None,-,Low,Medium,-
Accoount 1984,0,Standard / Low-Engagement Base,0,Normal,1.0117,0.0513,1.0,2.0,0.0,3.0,2.0,0.0,2.0,0.0,1.0,3.0,3.0,2.0,None,None,None,None,None,None,None,None,Yes,High,High,-
Accoount 1985,0,Standard / Low-Engagement Base,0,Normal,1.0117,0.0513,1.0,2.0,0.0,3.0,2.0,0.0,2.0,0.0,1.0,3.0,3.0,2.0,None,None,None,None,None,None,None,None,Yes,High,High,-
Accoount 1986,0,Standard / Low-Engagement Base,0,Normal,1.0117,0.0513,1.0,2.0,0.0,3.0,2.0,0.0,2.0,0.0,1.0,3.0,3.0,2.0,None,None,None,None,None,None,None,None,-,-,-,-
Accoount 1987,0,Standard / Low-Engagement Base,0,Normal,1.0117,0.0513,1.0,2.0,0.0,3.0,2.0,0.0,2.0,0.0,1.0,3.0,3.0,2.0,None,None,None,None,None,None,None,None,Yes,High,High,-
Accoount 1988,0,Standard / Low-Engagement Base,0,Normal,1.0117,0.0513,1.0,2.0,0.0,3.0,2.0,0.0,2.0,0.0,1.0,3.0,3.0,2.0,None,None,None,None,None,None,None,None,-,-,-,-
Accoount 1989,1,High-Volume Competitive Accounts,0,Normal,-2.157,-1.6105,1.0,2.0,0.0,3.0,2.0,0.0,2.0,0.0,1.0,0.0,1.0,2.0,None,None,None,None,None,None,None,None,-,Low,Unknown,-
Accoount 1990,0,Standard / Low-Engagement Base,0,Normal,1.0117,0.0513,1.0,2.0,0.0,3.0,2.0,0.0,2.0,0.0,1.0,3.0,3.0,2.0,None,None,None,None,None,None,None,None,-,-,-,-
Accoount 1991,0,Standard / Low-Engagement Base,0,Normal,1.0117,0.0513,1.0,2.0,0.0,3.0,2.0,0.0,2.0,0.0,1.0,3.0,3.0,2.0,None,None,None,None,None,None,None,None,Yes,High,High,-
Accoount 1992,1,High-Volume Competitive Accounts,0,Normal,-2.157,-1.6105,1.0,2.0,0.0,3.0,2.0,0.0,2.0,0.0,1.0,0.0,1.0,2.0,None,None,None,None,None,None,None,None,-,Low,Unknown,-
Accoount 1993,0,Standard / Low-Engagement Base,0,Normal,1.0117,0.0513,1.0,2.0,0.0,3.0,2.0,0.0,2.0,0.0,1.0,3.0,3.0,2.0,None,None,None,None,None,None,None,None,Yes,High,High,-
Accoount 1994,0,Standard / Low-Engagement Base,0,Normal,1.0117,0.0513,1.0,2.0,0.0,3.0,2.0,0.0,2.0,0.0,1.0,3.0,3.0,2.0,None,None,None,None,None,None,None,None,Yes,High,High,-
Accoount 1995,0,Standard / Low-Engagement Base,0,Normal,1.0117,0.0513,1.0,2.0,0.0,3.0,2.0,0.0,2.0,0.0,1.0,3.0,3.0,2.0,None,None,None,None,None,None,None,None,Yes,High,High,-
Accoount 1996,0,Standard / Low-Engagement Base,0,Normal,1.0117,0.0513,1.0,2.0,0.0,3.0,2.0,0.0,2.0,0.0,1.0,3.0,3.0,2.0,None,None,None,None,None,None,None,None,Yes,High,High,-
Accoount 1997,0,Standard / Low-Engagement Base,0,Normal,0.3313,-0.449,1.0,2.0,0.0,3.0,2.0,0.0,2.0,0.0,1.0,2.0,3.0,2.0,None,None,None,None,None,None,None,None,-,Medium,High,-
Accoount 1998,1,High-Volume Competitive Accounts,0,Normal,-1.0003,-1.8018,1.0,2.0,0.0,3.0,2.0,0.0,2.0,0.0,1.0,0.0,3.0,0.0,None,None,None,None,None,None,None,None,-,Low,High,Low
Accoount 1999,1,High-Volume Competitive Accounts,0,Normal,-1.5933,-1.5301,1.0,2.0,0.0,3.0,2.0,0.0,2.0,0.0,1.0,0.0,2.0,2.0,None,None,None,None,None,None,None,None,-,Low,Medium,-
Accoount 2000,1,High-Volume Competitive Accounts,0,Normal,-2.157,-1.6105,1.0,2.0,0.0,3.0,2.0,0.0,2.0,0.0,1.0,0.0,1.0,2.0,None,None,None,None,None,None,None,None,-,Low,Unknown,-
Accoount 2001,1,High-Volume Competitive Accounts,0,Normal,-2.1277,-1.9627,1.0,2.0,0.0,3.0,2.0,0.0,2.0,0.0,1.0,0.0,1.0,0.0,None,None,None,None,None,None,None,None,-,Low,Unknown,Low
Accoount 2002,0,Standard / Low-Engagement Base,0,Normal,0.3606,-0.8012,1.0,2.0,0.0,3.0,2.0,0.0,2.0,0.0,1.0,2.0,3.0,0.0,None,None,None,None,None,None,None,None,-,Medium,High,Low
Accoount 2003,1,High-Volume Competitive Accounts,0,Normal,-2.157,-1.6105,1.0,2.0,0.0,3.0,2.0,0.0,2.0,0.0,1.0,0.0,1.0,2.0,None,None,None,None,None,None,None,None,-,Low,Unknown,-
Accoount 2004,2,Lean High-Margin Accounts,0,Normal,-0.2325,-0.5294,1.0,2.0,0.0,3.0,2.0,0.0,2.0,0.0,1.0,2.0,2.0,2.0,None,None,None,None,None,None,None,None,-,Medium,Medium,-
Accoount 2005,0,Standard / Low-Engagement Base,0,Normal,0.3606,-0.8012,1.0,2.0,0.0,3.0,2.0,0.0,2.0,0.0,1.0,2.0,3.0,0.0,None,None,None,None,None,None,None,None,-,Medium,High,Low
Accoount 2006,2,Lean High-Margin Accounts,0,Normal,-0.2325,-0.5294,1.0,2.0,0.0,3.0,2.0,0.0,2.0,0.0,1.0,2.0,2.0,2.0,None,None,None,None,None,None,None,None,Yes,Medium,Medium,-
Accoount 2007,2,Lean High-Margin Accounts,0,Normal,-0.2325,-0.5294,1.0,2.0,0.0,3.0,2.0,0.0,2.0,0.0,1.0,2.0,2.0,2.0,None,None,None,None,None,None,None,None,-,Medium,Medium,-
Accoount 2008,2,Lean High-Margin Accounts,0,Normal,-0.6795,-0.19,1.0,2.0,0.0,3.0,2.0,0.0,2.0,0.0,1.0,3.0,0.0,2.0,None,None,None,None,None,None,None,None,Yes,High,Low,-
Accoount 2009,0,Standard / Low-Engagement Base,0,Normal,1.0117,0.0513,1.0,2.0,0.0,3.0,2.0,0.0,2.0,0.0,1.0,3.0,3.0,2.0,None,None,None,None,None,None,None,None,Yes,High,High,-
Accoount 2010,0,Standard / Low-Engagement Base,0,Normal,1.0117,0.0513,1.0,2.0,0.0,3.0,2.0,0.0,2.0,0.0,1.0,3.0,3.0,2.0,None,None,None,None,None,None,None,None,Yes,High,High,-
Accoount 2011,2,Lean High-Margin Accounts,0,Normal,-0.2325,-0.5294,1.0,2.0,0.0,3.0,2.0,0.0,2.0,0.0,1.0,2.0,2.0,2.0,None,None,None,None,None,None,None,None,Yes,Medium,Medium,-
Accoount 2012,0,Standard / Low-Engagement Base,0,Normal,1.0117,0.0513,1.0,2.0,0.0,3.0,2.0,0.0,2.0,0.0,1.0,3.0,3.0,2.0,None,None,None,None,None,None,None,None,-,-,-,-
Accoount 2013,1,High-Volume Competitive Accounts,0,Normal,-1.0296,-1.4496,1.0,2.0,0.0,3.0,2.0,0.0,2.0,0.0,1.0,0.0,3.0,2.0,None,None,None,None,None,None,None,None,-,Low,High,-
Accoount 2014,0,Standard / Low-Engagement Base,0,Normal,1.0117,0.0513,1.0,2.0,0.0,3.0,2.0,0.0,2.0,0.0,1.0,3.0,3.0,2.0,None,None,None,None,None,None,None,None,Yes,High,High,-
Accoount 2015,0,Standard / Low-Engagement Base,0,Normal,1.0117,0.0513,1.0,2.0,0.0,3.0,2.0,0.0,2.0,0.0,1.0,3.0,3.0,2.0,None,None,None,None,None,None,None,None,Yes,High,High,-
Accoount 2016,0,Standard / Low-Engagement Base,0,Normal,1.0117,0.0513,1.0,2.0,0.0,3.0,2.0,0.0,2.0,0.0,1.0,3.0,3.0,2.0,None,None,None,None,None,None,None,None,-,-,-,-
Accoount 2017,0,Standard / Low-Engagement Base,0,Normal,1.0117,0.0513,1.0,2.0,0.0,3.0,2.0,0.0,2.0,0.0,1.0,3.0,3.0,2.0,None,None,None,None,None,None,None,None,Yes,High,High,-
Accoount 2018,0,Standard / Low-Engagement Base,0,Normal,1.0117,0.0513,1.0,2.0,0.0,3.0,2.0,0.0,2.0,0.0,1.0,3.0,3.0,2.0,None,None,None,None,None,None,None,None,Yes,High,High,-
Accoount 2019,2,Lean High-Margin Accounts,0,Normal,-0.7962,-0.6099,1.0,2.0,0.0,3.0,2.0,0.0,2.0,0.0,1.0,2.0,1.0,2.0,None,None,None,None,None,None,None,None,-,Medium,Unknown,-
Accoount 2020,0,Standard / Low-Engagement Base,0,Normal,1.0117,0.0513,1.0,2.0,0.0,3.0,2.0,0.0,2.0,0.0,1.0,3.0,3.0,2.0,None,None,None,None,None,None,None,None,Yes,High,High,-
Accoount 2021,2,Lean High-Margin Accounts,0,Normal,-0.7669,-0.9621,1.0,2.0,0.0,3.0,2.0,0.0,2.0,0.0,1.0,2.0,1.0,0.0,None,None,None,None,None,None,None,None,-,Medium,Unknown,Low
Accoount 2022,2,Lean High-Margin Accounts,0,Normal,-0.7962,-0.6099,1.0,2.0,0.0,3.0,2.0,0.0,2.0,0.0,1.0,2.0,1.0,2.0,None,None,None,None,None,None,None,None,Yes,Medium,Unknown,-
Accoount 2023,1,High-Volume Competitive Accounts,0,Normal,-2.1277,-1.9627,1.0,2.0,0.0,3.0,2.0,0.0,2.0,0.0,1.0,0.0,1.0,0.0,None,None,None,None,None,None,None,None,Yes,Low,Unknown,Low
Accoount 2024,0,Standard / Low-Engagement Base,0,Normal,0.3313,-0.449,1.0,2.0,0.0,3.0,2.0,0.0,2.0,0.0,1.0,2.0,3.0,2.0,None,None,None,None,None,None,None,None,-,Medium,High,-
Accoount 2025,0,Standard / Low-Engagement Base,0,Normal,0.3313,-0.449,1.0,2.0,0.0,3.0,2.0,0.0,2.0,0.0,1.0,2.0,3.0,2.0,None,None,None,None,None,None,None,None,-,Medium,High,-
Accoount 2026,1,High-Volume Competitive Accounts,0,Normal,-2.1277,-1.9627,1.0,2.0,0.0,3.0,2.0,0.0,2.0,0.0,1.0,0.0,1.0,0.0,None,None,None,None,None,None,None,None,-,Low,Unknown,Low
Accoount 2027,0,Standard / Low-Engagement Base,0,Normal,1.0117,0.0513,1.0,2.0,0.0,3.0,2.0,0.0,2.0,0.0,1.0,3.0,3.0,2.0,None,None,None,None,None,None,None,None,-,High,High,-
Accoount 2028,1,High-Volume Competitive Accounts,0,Normal,-2.1277,-1.9627,1.0,2.0,0.0,3.0,2.0,0.0,2.0,0.0,1.0,0.0,1.0,0.0,None,None,None,None,None,None,None,None,-,Low,Unknown,Low
Accoount 2029,1,High-Volume Competitive Accounts,0,Normal,-1.564,-1.8823,1.0,2.0,0.0,3.0,2.0,0.0,2.0,0.0,1.0,0.0,2.0,0.0,None,None,None,None,None,None,None,None,-,Low,Medium,Low
Accoount 2030,2,Lean High-Margin Accounts,0,Normal,-0.2032,-0.8816,1.0,2.0,0.0,3.0,2.0,0.0,2.0,0.0,1.0,2.0,2.0,0.0,None,None,None,None,None,None,None,None,-,Medium,Medium,Low
Accoount 2031,0,Standard / Low-Engagement Base,0,Normal,0.3313,-0.449,1.0,2.0,0.0,3.0,2.0,0.0,2.0,0.0,1.0,2.0,3.0,2.0,None,None,None,None,None,None,None,None,-,Medium,High,-
Accoount 2032,2,Lean High-Margin Accounts,0,Normal,-0.2032,-0.8816,1.0,2.0,0.0,3.0,2.0,0.0,2.0,0.0,1.0,2.0,2.0,0.0,None,None,None,None,None,None,None,None,-,Medium,Medium,Low
Accoount 2033,1,High-Volume Competitive Accounts,0,Normal,-2.7207,-1.6909,1.0,2.0,0.0,3.0,2.0,0.0,2.0,0.0,1.0,0.0,0.0,2.0,None,None,None,None,None,None,None,None,-,Low,Low,-
Accoount 2034,2,Lean High-Margin Accounts,0,Normal,-0.2325,-0.5294,1.0,2.0,0.0,3.0,2.0,0.0,2.0,0.0,1.0,2.0,2.0,2.0,None,None,None,None,None,None,None,None,Yes,Medium,Medium,-
Accoount 2035,1,High-Volume Competitive Accounts,0,Normal,-2.157,-1.6105,1.0,2.0,0.0,3.0,2.0,0.0,2.0,0.0,1.0,0.0,1.0,2.0,None,None,None,None,None,None,None,None,-,Low,Unknown,-
Accoount 2036,2,Lean High-Margin Accounts,0,Normal,-0.6795,-0.19,1.0,2.0,0.0,3.0,2.0,0.0,2.0,0.0,1.0,3.0,0.0,2.0,None,None,None,None,None,None,None,None,Yes,High,Low,-
Accoount 2037,1,High-Volume Competitive Accounts,0,Normal,-1.03,-1.5168,1.0,1.0,0.0,3.0,2.0,0.0,2.0,0.0,1.0,0.0,3.0,2.0,Unknown,Unknown,None,None,None,None,None,Minimal Change,-,Low,High,Medium
Accoount 2038,0,Standard / Low-Engagement Base,0,Normal,1.0117,0.0513,1.0,2.0,0.0,3.0,2.0,0.0,2.0,0.0,1.0,3.0,3.0,2.0,None,None,None,None,None,None,None,None,-,-,-,-
Accoount 2039,2,Lean High-Margin Accounts,0,Normal,0.448,-0.0291,1.0,2.0,0.0,3.0,2.0,0.0,2.0,0.0,1.0,3.0,2.0,2.0,None,None,None,None,None,None,None,None,-,High,Medium,-
Accoount 2040,0,Standard / Low-Engagement Base,0,Normal,1.0117,0.0513,1.0,2.0,0.0,3.0,2.0,0.0,2.0,0.0,1.0,3.0,3.0,2.0,None,None,None,None,None,None,None,None,Yes,High,High,-
Accoount 2041,0,Standard / Low-Engagement Base,0,Normal,1.0117,0.0513,1.0,2.0,0.0,3.0,2.0,0.0,2.0,0.0,1.0,3.0,3.0,2.0,None,None,None,None,None,None,None,None,Yes,High,High,-
Accoount 2042,0,Standard / Low-Engagement Base,0,Normal,1.0117,0.0513,1.0,2.0,0.0,3.0,2.0,0.0,2.0,0.0,1.0,3.0,3.0,2.0,None,None,None,None,None,None,None,None,Yes,High,High,-
Accoount 2043,0,Standard / Low-Engagement Base,0,Normal,1.0117,0.0513,1.0,2.0,0.0,3.0,2.0,0.0,2.0,0.0,1.0,3.0,3.0,2.0,None,None,None,None,None,None,None,None,Yes,High,High,-
Accoount 2044,0,Standard / Low-Engagement Base,0,Normal,1.0117,0.0513,1.0,2.0,0.0,3.0,2.0,0.0,2.0,0.0,1.0,3.0,3.0,2.0,None,None,None,None,None,None,None,None,Yes,High,High,-
Accoount 2045,0,Standard / Low-Engagement Base,0,Normal,1.0117,0.0513,1.0,2.0,0.0,3.0,2.0,0.0,2.0,0.0,1.0,3.0,3.0,2.0,None,None,None,None,None,None,None,None,Yes,High,High,-
Accoount 2046,0,Standard / Low-Engagement Base,0,Normal,1.0117,0.0513,1.0,2.0,0.0,3.0,2.0,0.0,2.0,0.0,1.0,3.0,3.0,2.0,None,None,None,None,None,None,None,None,Yes,High,High,-
Accoount 2047,0,Standard / Low-Engagement Base,0,Normal,1.0117,0.0513,1.0,2.0,0.0,3.0,2.0,0.0,2.0,0.0,1.0,3.0,3.0,2.0,None,None,None,None,None,None,None,None,Yes,High,High,-
Accoount 2048,0,Standard / Low-Engagement Base,0,Normal,1.0117,0.0513,1.0,2.0,0.0,3.0,2.0,0.0,2.0,0.0,1.0,3.0,3.0,2.0,None,None,None,None,None,None,None,None,-,-,-,-
Accoount 2049,0,Standard / Low-Engagement Base,0,Normal,1.0117,0.0513,1.0,2.0,0.0,3.0,2.0,0.0,2.0,0.0,1.0,3.0,3.0,2.0,None,None,None,None,None,None,None,None,-,-,-,-
Accoount 2050,0,Standard / Low-Engagement Base,0,Normal,1.0117,0.0513,1.0,2.0,0.0,3.0,2.0,0.0,2.0,0.0,1.0,3.0,3.0,2.0,None,None,None,None,None,None,None,None,Yes,High,High,-
Accoount 2051,2,Lean High-Margin Accounts,0,Normal,0.448,-0.0291,1.0,2.0,0.0,3.0,2.0,0.0,2.0,0.0,1.0,3.0,2.0,2.0,None,None,None,None,None,None,None,None,Yes,High,Medium,-
Accoount 2052,2,Lean High-Margin Accounts,0,Normal,-0.6795,-0.19,1.0,2.0,0.0,3.0,2.0,0.0,2.0,0.0,1.0,3.0,0.0,2.0,None,None,None,None,None,None,None,None,Yes,High,Low,-
Accoount 2053,0,Standard / Low-Engagement Base,0,Normal,1.0117,0.0513,1.0,2.0,0.0,3.0,2.0,0.0,2.0,0.0,1.0,3.0,3.0,2.0,None,None,None,None,None,None,None,None,Yes,High,High,-
Accoount 2054,0,Standard / Low-Engagement Base,0,Normal,0.3313,-0.449,1.0,2.0,0.0,3.0,2.0,0.0,2.0,0.0,1.0,2.0,3.0,2.0,None,None,None,None,None,None,None,None,-,Medium,High,-
Accoount 2055,0,Standard / Low-Engagement Base,0,Normal,0.3313,-0.449,1.0,2.0,0.0,3.0,2.0,0.0,2.0,0.0,1.0,2.0,3.0,2.0,None,None,None,None,None,None,None,None,-,Medium,High,-
Accoount 2056,2,Lean High-Margin Accounts,0,Normal,-0.6795,-0.19,1.0,2.0,0.0,3.0,2.0,0.0,2.0,0.0,1.0,3.0,0.0,2.0,None,None,None,None,None,None,None,None,Yes,High,Low,-
Accoount 2057,0,Standard / Low-Engagement Base,0,Normal,1.0117,0.0513,1.0,2.0,0.0,3.0,2.0,0.0,2.0,0.0,1.0,3.0,3.0,2.0,None,None,None,None,None,None,None,None,Yes,High,High,-
Accoount 2058,0,Standard / Low-Engagement Base,0,Normal,1.041,-0.3009,1.0,2.0,0.0,3.0,2.0,0.0,2.0,0.0,1.0,3.0,3.0,0.0,None,None,None,None,None,None,None,None,Yes,High,High,Low
Accoount 2059,1,High-Volume Competitive Accounts,0,Normal,-2.157,-1.6105,1.0,2.0,0.0,3.0,2.0,0.0,2.0,0.0,1.0,0.0,1.0,2.0,None,None,None,None,None,None,None,None,Yes,Low,Unknown,-
Accoount 2060,1,High-Volume Competitive Accounts,0,Normal,-1.0296,-1.4496,1.0,2.0,0.0,3.0,2.0,0.0,2.0,0.0,1.0,0.0,3.0,2.0,None,None,None,None,None,None,None,None,-,Low,High,-
Accoount 2061,1,High-Volume Competitive Accounts,0,Normal,-2.157,-1.6105,1.0,2.0,0.0,3.0,2.0,0.0,2.0,0.0,1.0,0.0,1.0,2.0,None,None,None,None,None,None,None,None,Yes,Low,Unknown,-
Accoount 2062,0,Standard / Low-Engagement Base,0,Normal,0.3313,-0.449,1.0,2.0,0.0,3.0,2.0,0.0,2.0,0.0,1.0,2.0,3.0,2.0,None,None,None,None,None,None,None,None,-,Medium,High,-
Accoount 2063,0,Standard / Low-Engagement Base,0,Normal,0.3606,-0.8012,1.0,2.0,0.0,3.0,2.0,0.0,2.0,0.0,1.0,2.0,3.0,0.0,None,None,None,None,None,None,None,None,-,Medium,High,Low
Accoount 2064,1,High-Volume Competitive Accounts,0,Normal,-1.0003,-1.8018,1.0,2.0,0.0,3.0,2.0,0.0,2.0,0.0,1.0,0.0,3.0,0.0,None,None,None,None,None,None,None,None,-,Low,High,Low
Accoount 2065,1,High-Volume Competitive Accounts,0,Normal,-1.5933,-1.5301,1.0,2.0,0.0,3.0,2.0,0.0,2.0,0.0,1.0,0.0,2.0,2.0,None,None,None,None,None,None,None,None,-,Low,Medium,-
Accoount 2066,1,High-Volume Competitive Accounts,0,Normal,-1.5933,-1.5301,1.0,2.0,0.0,3.0,2.0,0.0,2.0,0.0,1.0,0.0,2.0,2.0,None,None,None,None,None,None,None,None,-,Low,Medium,-
Accoount 2067,0,Standard / Low-Engagement Base,0,Normal,1.041,-0.3009,1.0,2.0,0.0,3.0,2.0,0.0,2.0,0.0,1.0,3.0,3.0,0.0,None,None,None,None,None,None,None,None,-,High,High,Low
Accoount 2068,0,Standard / Low-Engagement Base,0,Normal,1.0117,0.0513,1.0,2.0,0.0,3.0,2.0,0.0,2.0,0.0,1.0,3.0,3.0,2.0,None,None,None,None,None,None,None,None,-,High,High,-
Accoount 2069,2,Lean High-Margin Accounts,0,Normal,-0.2032,-0.8816,1.0,2.0,0.0,3.0,2.0,0.0,2.0,0.0,1.0,2.0,2.0,0.0,None,None,None,None,None,None,None,None,Yes,Medium,Medium,Low
Accoount 2070,2,Lean High-Margin Accounts,0,Normal,-0.2325,-0.5294,1.0,2.0,0.0,3.0,2.0,0.0,2.0,0.0,1.0,2.0,2.0,2.0,None,None,None,None,None,None,None,None,-,Medium,Medium,-
Accoount 2071,2,Lean High-Margin Accounts,0,Normal,-0.2032,-0.8816,1.0,2.0,0.0,3.0,2.0,0.0,2.0,0.0,1.0,2.0,2.0,0.0,None,None,None,None,None,None,None,None,-,Medium,Medium,Low
Accoount 2072,2,Lean High-Margin Accounts,0,Normal,-0.2325,-0.5294,1.0,2.0,0.0,3.0,2.0,0.0,2.0,0.0,1.0,2.0,2.0,2.0,None,None,None,None,None,None,None,None,Yes,Medium,Medium,-
Accoount 2073,2,Lean High-Margin Accounts,0,Normal,-0.2325,-0.5294,1.0,2.0,0.0,3.0,2.0,0.0,2.0,0.0,1.0,2.0,2.0,2.0,None,None,None,None,None,None,None,None,-,Medium,Medium,-
Accoount 2074,2,Lean High-Margin Accounts,0,Normal,-0.7962,-0.6099,1.0,2.0,0.0,3.0,2.0,0.0,2.0,0.0,1.0,2.0,1.0,2.0,None,None,None,None,None,None,None,None,-,Medium,Unknown,-
Accoount 2075,0,Standard / Low-Engagement Base,0,Normal,1.0117,0.0513,1.0,2.0,0.0,3.0,2.0,0.0,2.0,0.0,1.0,3.0,3.0,2.0,None,None,None,None,None,None,None,None,Yes,High,High,-
Accoount 2076,0,Standard / Low-Engagement Base,0,Normal,1.0117,0.0513,1.0,2.0,0.0,3.0,2.0,0.0,2.0,0.0,1.0,3.0,3.0,2.0,None,None,None,None,None,None,None,None,Yes,High,High,-
Accoount 2077,2,Lean High-Margin Accounts,0,Normal,0.448,-0.0291,1.0,2.0,0.0,3.0,2.0,0.0,2.0,0.0,1.0,3.0,2.0,2.0,None,None,None,None,None,None,None,None,-,High,Medium,-
Accoount 2078,0,Standard / Low-Engagement Base,0,Normal,1.0117,0.0513,1.0,2.0,0.0,3.0,2.0,0.0,2.0,0.0,1.0,3.0,3.0,2.0,None,None,None,None,None,None,None,None,Yes,High,High,-
Accoount 2079,0,Standard / Low-Engagement Base,0,Normal,1.0117,0.0513,1.0,2.0,0.0,3.0,2.0,0.0,2.0,0.0,1.0,3.0,3.0,2.0,None,None,None,None,None,None,None,None,-,-,-,-
Accoount 2080,0,Standard / Low-Engagement Base,0,Normal,1.0117,0.0513,1.0,2.0,0.0,3.0,2.0,0.0,2.0,0.0,1.0,3.0,3.0,2.0,None,None,None,None,None,None,None,None,Yes,High,High,-
Accoount 2081,2,Lean High-Margin Accounts,0,Normal,-0.7962,-0.6099,1.0,2.0,0.0,3.0,2.0,0.0,2.0,0.0,1.0,2.0,1.0,2.0,None,None,None,None,None,None,None,None,Yes,Medium,Unknown,-
Accoount 2082,0,Standard / Low-Engagement Base,0,Normal,1.0117,0.0513,1.0,2.0,0.0,3.0,2.0,0.0,2.0,0.0,1.0,3.0,3.0,2.0,None,None,None,None,None,None,None,None,Yes,High,High,-
Accoount 2083,1,High-Volume Competitive Accounts,0,Normal,-2.157,-1.6105,1.0,2.0,0.0,3.0,2.0,0.0,2.0,0.0,1.0,0.0,1.0,2.0,None,None,None,None,None,None,None,None,-,Low,Unknown,-
Accoount 2084,0,Standard / Low-Engagement Base,0,Normal,1.0117,0.0513,1.0,2.0,0.0,3.0,2.0,0.0,2.0,0.0,1.0,3.0,3.0,2.0,None,None,None,None,None,None,None,None,Yes,High,High,-
Accoount 2085,0,Standard / Low-Engagement Base,0,Normal,1.0117,0.0513,1.0,2.0,0.0,3.0,2.0,0.0,2.0,0.0,1.0,3.0,3.0,2.0,None,None,None,None,None,None,None,None,Yes,High,High,-
Accoount 2086,0,Standard / Low-Engagement Base,0,Normal,1.0117,0.0513,1.0,2.0,0.0,3.0,2.0,0.0,2.0,0.0,1.0,3.0,3.0,2.0,None,None,None,None,None,None,None,None,Yes,High,High,-
Accoount 2087,0,Standard / Low-Engagement Base,0,Normal,1.0117,0.0513,1.0,2.0,0.0,3.0,2.0,0.0,2.0,0.0,1.0,3.0,3.0,2.0,None,None,None,None,None,None,None,None,Yes,High,High,-
Accoount 2088,2,Lean High-Margin Accounts,0,Normal,-0.7962,-0.6099,1.0,2.0,0.0,3.0,2.0,0.0,2.0,0.0,1.0,2.0,1.0,2.0,None,None,None,None,None,None,None,None,-,Medium,Unknown,-
Accoount 2089,1,High-Volume Competitive Accounts,0,Normal,-2.157,-1.6105,1.0,2.0,0.0,3.0,2.0,0.0,2.0,0.0,1.0,0.0,1.0,2.0,None,None,None,None,None,None,None,None,-,Low,Unknown,-
Accoount 2090,0,Standard / Low-Engagement Base,0,Normal,0.3606,-0.8012,1.0,2.0,0.0,3.0,2.0,0.0,2.0,0.0,1.0,2.0,3.0,0.0,None,None,None,None,None,None,None,None,-,Medium,High,Low
Accoount 2091,0,Standard / Low-Engagement Base,0,Normal,0.3313,-0.449,1.0,2.0,0.0,3.0,2.0,0.0,2.0,0.0,1.0,2.0,3.0,2.0,None,None,None,None,None,None,None,None,-,Medium,High,-
Accoount 2092,0,Standard / Low-Engagement Base,0,Normal,0.3313,-0.449,1.0,2.0,0.0,3.0,2.0,0.0,2.0,0.0,1.0,2.0,3.0,2.0,None,None,None,None,None,None,None,None,-,Medium,High,-
Accoount 2093,2,Lean High-Margin Accounts,0,Normal,-0.2032,-0.8816,1.0,2.0,0.0,3.0,2.0,0.0,2.0,0.0,1.0,2.0,2.0,0.0,None,None,None,None,None,None,None,None,Yes,Medium,Medium,Low
Accoount 2094,1,High-Volume Competitive Accounts,0,Normal,-2.157,-1.6105,1.0,2.0,0.0,3.0,2.0,0.0,2.0,0.0,1.0,0.0,1.0,2.0,None,None,None,None,None,None,None,None,-,Low,Unknown,-
Accoount 2095,0,Standard / Low-Engagement Base,0,Normal,1.0117,0.0513,1.0,2.0,0.0,3.0,2.0,0.0,2.0,0.0,1.0,3.0,3.0,2.0,None,None,None,None,None,None,None,None,Yes,High,High,-
Accoount 2096,0,Standard / Low-Engagement Base,0,Normal,1.0117,0.0513,1.0,2.0,0.0,3.0,2.0,0.0,2.0,0.0,1.0,3.0,3.0,2.0,None,None,None,None,None,None,None,None,Yes,High,High,-
Accoount 2097,0,Standard / Low-Engagement Base,0,Normal,1.0117,0.0513,1.0,2.0,0.0,3.0,2.0,0.0,2.0,0.0,1.0,3.0,3.0,2.0,None,None,None,None,None,None,None,None,-,-,-,-
Accoount 2098,0,Standard / Low-Engagement Base,0,Normal,1.0117,0.0513,1.0,2.0,0.0,3.0,2.0,0.0,2.0,0.0,1.0,3.0,3.0,2.0,None,None,None,None,None,None,None,None,-,-,-,-
Accoount 2099,1,High-Volume Competitive Accounts,0,Normal,-2.157,-1.6105,1.0,2.0,0.0,3.0,2.0,0.0,2.0,0.0,1.0,0.0,1.0,2.0,None,None,None,None,None,None,None,None,-,Low,Unknown,-
Accoount 2100,1,High-Volume Competitive Accounts,0,Normal,-2.157,-1.6105,1.0,2.0,0.0,3.0,2.0,0.0,2.0,0.0,1.0,0.0,1.0,2.0,None,None,None,None,None,None,None,None,-,Low,Unknown,-
Accoount 2101,0,Standard / Low-Engagement Base,0,Normal,1.0117,0.0513,1.0,2.0,0.0,3.0,2.0,0.0,2.0,0.0,1.0,3.0,3.0,2.0,None,None,None,None,None,None,None,None,Yes,High,High,-
Accoount 2102,2,Lean High-Margin Accounts,0,Normal,-0.7962,-0.6099,1.0,2.0,0.0,3.0,2.0,0.0,2.0,0.0,1.0,2.0,1.0,2.0,None,None,None,None,None,None,None,None,Yes,Medium,Unknown,-
Accoount 2103,2,Lean High-Margin Accounts,0,Normal,0.448,-0.0291,1.0,2.0,0.0,3.0,2.0,0.0,2.0,0.0,1.0,3.0,2.0,2.0,None,None,None,None,None,None,None,None,Yes,High,Medium,-
Accoount 2104,0,Standard / Low-Engagement Base,0,Normal,1.0117,0.0513,1.0,2.0,0.0,3.0,2.0,0.0,2.0,0.0,1.0,3.0,3.0,2.0,None,None,None,None,None,None,None,None,Yes,High,High,-
Accoount 2105,0,Standard / Low-Engagement Base,0,Normal,1.0117,0.0513,1.0,2.0,0.0,3.0,2.0,0.0,2.0,0.0,1.0,3.0,3.0,2.0,Unknown,None,None,None,None,None,None,None,Yes,High,High,-
Accoount 2106,0,Standard / Low-Engagement Base,0,Normal,1.0117,0.0513,1.0,2.0,0.0,3.0,2.0,0.0,2.0,0.0,1.0,3.0,3.0,2.0,None,None,None,None,None,None,None,None,Yes,High,High,-
Accoount 2107,0,Standard / Low-Engagement Base,0,Normal,1.0117,0.0513,1.0,2.0,0.0,3.0,2.0,0.0,2.0,0.0,1.0,3.0,3.0,2.0,None,None,None,None,None,None,None,None,-,-,-,-
Accoount 2108,0,Standard / Low-Engagement Base,0,Normal,1.0117,0.0513,1.0,2.0,0.0,3.0,2.0,0.0,2.0,0.0,1.0,3.0,3.0,2.0,None,None,None,None,None,None,None,None,-,-,-,-
Accoount 2109,2,Lean High-Margin Accounts,0,Normal,0.448,-0.0291,1.0,2.0,0.0,3.0,2.0,0.0,2.0,0.0,1.0,3.0,2.0,2.0,None,None,None,None,None,None,None,None,-,High,Medium,-
Accoount 2110,0,Standard / Low-Engagement Base,0,Normal,0.3313,-0.449,1.0,2.0,0.0,3.0,2.0,0.0,2.0,0.0,1.0,2.0,3.0,2.0,None,None,None,None,None,None,None,None,Yes,Medium,High,-
Accoount 2111,0,Standard / Low-Engagement Base,0,Normal,1.0117,0.0513,1.0,2.0,0.0,3.0,2.0,0.0,2.0,0.0,1.0,3.0,3.0,2.0,None,None,None,None,None,None,None,None,-,-,-,-
Accoount 2112,0,Standard / Low-Engagement Base,0,Normal,1.0117,0.0513,1.0,2.0,0.0,3.0,2.0,0.0,2.0,0.0,1.0,3.0,3.0,2.0,None,None,None,None,None,None,None,None,Yes,High,High,-
Accoount 2113,0,Standard / Low-Engagement Base,0,Normal,1.0117,0.0513,1.0,2.0,0.0,3.0,2.0,0.0,2.0,0.0,1.0,3.0,3.0,2.0,None,None,None,None,None,None,None,None,Yes,High,High,-
Accoount 2114,0,Standard / Low-Engagement Base,0,Normal,1.0117,0.0513,1.0,2.0,0.0,3.0,2.0,0.0,2.0,0.0,1.0,3.0,3.0,2.0,None,None,None,None,None,None,None,None,-,-,-,-
Accoount 2115,0,Standard / Low-Engagement Base,0,Normal,1.0117,0.0513,1.0,2.0,0.0,3.0,2.0,0.0,2.0,0.0,1.0,3.0,3.0,2.0,None,None,None,None,None,None,None,None,-,-,-,-
Accoount 2116,0,Standard / Low-Engagement Base,0,Normal,1.0117,0.0513,1.0,2.0,0.0,3.0,2.0,0.0,2.0,0.0,1.0,3.0,3.0,2.0,None,None,None,None,None,None,None,None,Yes,High,High,-
Accoount 2117,0,Standard / Low-Engagement Base,0,Normal,1.0117,0.0513,1.0,2.0,0.0,3.0,2.0,0.0,2.0,0.0,1.0,3.0,3.0,2.0,None,None,None,None,None,None,None,None,-,-,-,-
Accoount 2118,0,Standard / Low-Engagement Base,0,Normal,1.0117,0.0513,1.0,2.0,0.0,3.0,2.0,0.0,2.0,0.0,1.0,3.0,3.0,2.0,None,None,None,None,None,None,None,None,Yes,High,High,Medium
Accoount 2119,0,Standard / Low-Engagement Base,0,Normal,1.0117,0.0513,1.0,2.0,0.0,3.0,2.0,0.0,2.0,0.0,1.0,3.0,3.0,2.0,None,None,None,None,None,None,None,None,-,-,-,-
Accoount 2120,1,High-Volume Competitive Accounts,0,Normal,-2.157,-1.6105,1.0,2.0,0.0,3.0,2.0,0.0,2.0,0.0,1.0,0.0,1.0,2.0,None,None,None,None,None,None,None,None,-,Low,Unknown,-
Accoount 2121,1,High-Volume Competitive Accounts,0,Normal,-1.5933,-1.5301,1.0,2.0,0.0,3.0,2.0,0.0,2.0,0.0,1.0,0.0,2.0,2.0,None,None,None,None,None,None,None,None,-,Low,Medium,-
Accoount 2122,2,Lean High-Margin Accounts,0,Normal,0.448,-0.0291,1.0,2.0,0.0,3.0,2.0,0.0,2.0,0.0,1.0,3.0,2.0,2.0,None,None,None,None,None,None,None,None,-,High,Medium,-
Accoount 2123,2,Lean High-Margin Accounts,0,Normal,-0.2325,-0.5294,1.0,2.0,0.0,3.0,2.0,0.0,2.0,0.0,1.0,2.0,2.0,2.0,None,None,None,None,None,None,None,None,-,Medium,Medium,-
Accoount 2124,0,Standard / Low-Engagement Base,0,Normal,0.3606,-0.8012,1.0,2.0,0.0,3.0,2.0,0.0,2.0,0.0,1.0,2.0,3.0,0.0,None,None,None,None,None,None,None,None,-,Medium,High,Low
Accoount 2125,2,Lean High-Margin Accounts,0,Normal,-0.2325,-0.5294,1.0,2.0,0.0,3.0,2.0,0.0,2.0,0.0,1.0,2.0,2.0,2.0,None,None,None,None,None,None,None,None,-,Medium,Medium,-
Accoount 2126,2,Lean High-Margin Accounts,0,Normal,-0.7962,-0.6099,1.0,2.0,0.0,3.0,2.0,0.0,2.0,0.0,1.0,2.0,1.0,2.0,None,None,None,None,None,None,None,None,-,Medium,Unknown,-
Accoount 2127,1,High-Volume Competitive Accounts,0,Normal,-2.157,-1.6105,1.0,2.0,0.0,3.0,2.0,0.0,2.0,0.0,1.0,0.0,1.0,2.0,None,None,None,None,None,None,None,None,-,Low,Unknown,-
Accoount 2128,1,High-Volume Competitive Accounts,0,Normal,-2.157,-1.6105,1.0,2.0,0.0,3.0,2.0,0.0,2.0,0.0,1.0,0.0,1.0,2.0,None,None,None,None,None,None,None,None,-,Low,Unknown,-
Accoount 2129,0,Standard / Low-Engagement Base,0,Normal,1.0117,0.0513,1.0,2.0,0.0,3.0,2.0,0.0,2.0,0.0,1.0,3.0,3.0,2.0,None,None,None,None,None,None,None,None,Yes,High,High,-
Accoount 2130,0,Standard / Low-Engagement Base,0,Normal,1.0117,0.0513,1.0,2.0,0.0,3.0,2.0,0.0,2.0,0.0,1.0,3.0,3.0,2.0,None,None,None,None,None,None,None,None,Yes,High,High,-
Accoount 2131,0,Standard / Low-Engagement Base,0,Normal,1.0117,0.0513,1.0,2.0,0.0,3.0,2.0,0.0,2.0,0.0,1.0,3.0,3.0,2.0,None,None,None,None,None,None,None,None,Yes,High,High,-
Accoount 2132,0,Standard / Low-Engagement Base,0,Normal,1.0117,0.0513,1.0,2.0,0.0,3.0,2.0,0.0,2.0,0.0,1.0,3.0,3.0,2.0,None,None,None,None,None,None,None,None,Yes,High,High,-
Accoount 2133,0,Standard / Low-Engagement Base,0,Normal,1.0117,0.0513,1.0,2.0,0.0,3.0,2.0,0.0,2.0,0.0,1.0,3.0,3.0,2.0,None,None,None,None,None,None,None,None,-,-,-,-
Accoount 2134,2,Lean High-Margin Accounts,0,Normal,-0.6795,-0.19,1.0,2.0,0.0,3.0,2.0,0.0,2.0,0.0,1.0,3.0,0.0,2.0,None,None,None,None,None,None,None,None,Yes,High,Low,-
Accoount 2135,0,Standard / Low-Engagement Base,0,Normal,1.0117,0.0513,1.0,2.0,0.0,3.0,2.0,0.0,2.0,0.0,1.0,3.0,3.0,2.0,None,None,None,None,None,None,None,None,Yes,High,High,-
Accoount 2136,0,Standard / Low-Engagement Base,0,Normal,1.0117,0.0513,1.0,2.0,0.0,3.0,2.0,0.0,2.0,0.0,1.0,3.0,3.0,2.0,Unknown,None,None,None,None,None,None,None,Yes,High,High,-
Accoount 2137,1,High-Volume Competitive Accounts,0,Normal,-2.157,-1.6105,1.0,2.0,0.0,3.0,2.0,0.0,2.0,0.0,1.0,0.0,1.0,2.0,None,None,None,None,None,None,None,None,-,Low,Unknown,-
Accoount 2138,0,Standard / Low-Engagement Base,0,Normal,1.0117,0.0513,1.0,2.0,0.0,3.0,2.0,0.0,2.0,0.0,1.0,3.0,3.0,2.0,None,None,None,None,None,None,None,None,Yes,High,High,-
Accoount 2139,0,Standard / Low-Engagement Base,0,Normal,1.0117,0.0513,1.0,2.0,0.0,3.0,2.0,0.0,2.0,0.0,1.0,3.0,3.0,2.0,None,None,None,None,None,None,None,None,Yes,High,High,-
Accoount 2140,0,Standard / Low-Engagement Base,0,Normal,1.0117,0.0513,1.0,2.0,0.0,3.0,2.0,0.0,2.0,0.0,1.0,3.0,3.0,2.0,None,None,None,None,None,None,None,None,-,-,-,-
Accoount 2141,1,High-Volume Competitive Accounts,0,Normal,-2.157,-1.6105,1.0,2.0,0.0,3.0,2.0,0.0,2.0,0.0,1.0,0.0,1.0,2.0,None,None,None,None,None,None,None,None,-,Low,Unknown,-
Accoount 2142,0,Standard / Low-Engagement Base,0,Normal,1.0117,0.0513,1.0,2.0,0.0,3.0,2.0,0.0,2.0,0.0,1.0,3.0,3.0,2.0,None,None,None,None,None,None,None,None,-,-,-,-
Accoount 2143,0,Standard / Low-Engagement Base,0,Normal,0.3313,-0.449,1.0,2.0,0.0,3.0,2.0,0.0,2.0,0.0,1.0,2.0,3.0,2.0,None,None,None,None,None,None,None,None,Yes,Medium,High,-
Accoount 2144,0,Standard / Low-Engagement Base,0,Normal,1.0117,0.0513,1.0,2.0,0.0,3.0,2.0,0.0,2.0,0.0,1.0,3.0,3.0,2.0,None,None,None,None,None,None,None,None,Yes,High,High,-
Accoount 2145,0,Standard / Low-Engagement Base,0,Normal,1.0117,0.0513,1.0,2.0,0.0,3.0,2.0,0.0,2.0,0.0,1.0,3.0,3.0,2.0,None,None,None,None,None,None,None,None,Yes,High,High,-
Accoount 2146,1,High-Volume Competitive Accounts,0,Normal,-1.0296,-1.4496,1.0,2.0,0.0,3.0,2.0,0.0,2.0,0.0,1.0,0.0,3.0,2.0,None,None,None,None,None,None,None,None,-,Low,High,-
Accoount 2147,0,Standard / Low-Engagement Base,0,Normal,1.0117,0.0513,1.0,2.0,0.0,3.0,2.0,0.0,2.0,0.0,1.0,3.0,3.0,2.0,None,None,None,None,None,None,None,None,Yes,High,High,-
Accoount 2148,2,Lean High-Margin Accounts,0,Normal,-0.7962,-0.6099,1.0,2.0,0.0,3.0,2.0,0.0,2.0,0.0,1.0,2.0,1.0,2.0,None,None,None,None,None,None,None,None,-,Medium,Unknown,-
Accoount 2149,1,High-Volume Competitive Accounts,0,Normal,-1.5933,-1.5301,1.0,2.0,0.0,3.0,2.0,0.0,2.0,0.0,1.0,0.0,2.0,2.0,None,None,None,None,None,None,None,None,-,Low,Medium,-
Accoount 2150,1,High-Volume Competitive Accounts,0,Normal,-1.0296,-1.4496,1.0,2.0,0.0,3.0,2.0,0.0,2.0,0.0,1.0,0.0,3.0,2.0,None,None,None,None,None,None,None,None,-,Low,High,-
Accoount 2151,2,Lean High-Margin Accounts,0,Normal,-0.2032,-0.8816,1.0,2.0,0.0,3.0,2.0,0.0,2.0,0.0,1.0,2.0,2.0,0.0,None,None,None,None,None,None,None,None,-,Medium,Medium,Low
Accoount 2152,0,Standard / Low-Engagement Base,0,Normal,0.3313,-0.449,1.0,2.0,0.0,3.0,2.0,0.0,2.0,0.0,1.0,2.0,3.0,2.0,None,None,None,None,None,None,None,None,-,Medium,High,-
Accoount 2153,0,Standard / Low-Engagement Base,0,Normal,0.3606,-0.8012,1.0,2.0,0.0,3.0,2.0,0.0,2.0,0.0,1.0,2.0,3.0,0.0,None,None,None,None,None,None,None,None,-,Medium,High,Low
Accoount 2154,0,Standard / Low-Engagement Base,0,Normal,0.3313,-0.449,1.0,2.0,0.0,3.0,2.0,0.0,2.0,0.0,1.0,2.0,3.0,2.0,None,None,None,None,None,None,None,None,-,Medium,High,-
Accoount 2155,2,Lean High-Margin Accounts,0,Normal,-0.2325,-0.5294,1.0,2.0,0.0,3.0,2.0,0.0,2.0,0.0,1.0,2.0,2.0,2.0,None,None,None,None,None,None,None,None,-,Medium,Medium,-
Accoount 2156,0,Standard / Low-Engagement Base,0,Normal,0.3313,-0.449,1.0,2.0,0.0,3.0,2.0,0.0,2.0,0.0,1.0,2.0,3.0,2.0,None,None,None,None,None,None,None,None,-,Medium,High,-
Accoount 2157,1,High-Volume Competitive Accounts,0,Normal,-2.157,-1.6105,1.0,2.0,0.0,3.0,2.0,0.0,2.0,0.0,1.0,0.0,1.0,2.0,None,None,None,None,None,None,None,None,-,Low,Unknown,-
Accoount 2158,1,High-Volume Competitive Accounts,0,Normal,-2.157,-1.6105,1.0,2.0,0.0,3.0,2.0,0.0,2.0,0.0,1.0,0.0,1.0,2.0,None,None,None,None,None,None,None,None,-,Low,Unknown,-
Accoount 2159,2,Lean High-Margin Accounts,0,Normal,-0.2325,-0.5294,1.0,2.0,0.0,3.0,2.0,0.0,2.0,0.0,1.0,2.0,2.0,2.0,None,None,None,None,None,None,None,None,-,Medium,Medium,-
Accoount 2160,2,Lean High-Margin Accounts,0,Normal,-0.6795,-0.19,1.0,2.0,0.0,3.0,2.0,0.0,2.0,0.0,1.0,3.0,0.0,2.0,None,None,None,None,None,None,None,None,Yes,High,Low,-
Accoount 2161,0,Standard / Low-Engagement Base,0,Normal,1.0117,0.0513,1.0,2.0,0.0,3.0,2.0,0.0,2.0,0.0,1.0,3.0,3.0,2.0,None,None,None,None,None,None,None,None,Yes,High,High,-
Accoount 2162,2,Lean High-Margin Accounts,0,Normal,-0.7962,-0.6099,1.0,2.0,0.0,3.0,2.0,0.0,2.0,0.0,1.0,2.0,1.0,2.0,None,None,None,None,None,None,None,None,-,Medium,Unknown,-
Accoount 2163,2,Lean High-Margin Accounts,0,Normal,0.448,-0.0291,1.0,2.0,0.0,3.0,2.0,0.0,2.0,0.0,1.0,3.0,2.0,2.0,None,None,None,None,None,None,None,None,-,High,Medium,-
Accoount 2164,2,Lean High-Margin Accounts,0,Normal,-0.6795,-0.19,1.0,2.0,0.0,3.0,2.0,0.0,2.0,0.0,1.0,3.0,0.0,2.0,None,None,None,None,None,None,None,None,Yes,High,Low,-
Accoount 2165,0,Standard / Low-Engagement Base,0,Normal,1.0117,0.0513,1.0,2.0,0.0,3.0,2.0,0.0,2.0,0.0,1.0,3.0,3.0,2.0,None,None,None,None,None,None,None,None,Yes,High,High,-
Accoount 2166,0,Standard / Low-Engagement Base,0,Normal,1.0117,0.0513,1.0,2.0,0.0,3.0,2.0,0.0,2.0,0.0,1.0,3.0,3.0,2.0,None,None,None,None,None,None,None,None,-,-,-,-
Accoount 2167,0,Standard / Low-Engagement Base,0,Normal,1.0117,0.0513,1.0,2.0,0.0,3.0,2.0,0.0,2.0,0.0,1.0,3.0,3.0,2.0,None,None,None,None,None,None,None,None,Yes,High,High,-
Accoount 2168,0,Standard / Low-Engagement Base,0,Normal,1.0117,0.0513,1.0,2.0,0.0,3.0,2.0,0.0,2.0,0.0,1.0,3.0,3.0,2.0,None,None,None,None,None,None,None,None,Yes,High,High,-
Accoount 2169,0,Standard / Low-Engagement Base,0,Normal,1.0117,0.0513,1.0,2.0,0.0,3.0,2.0,0.0,2.0,0.0,1.0,3.0,3.0,2.0,None,None,None,None,None,None,None,None,Yes,High,High,-
Accoount 2170,0,Standard / Low-Engagement Base,0,Normal,1.0117,0.0513,1.0,2.0,0.0,3.0,2.0,0.0,2.0,0.0,1.0,3.0,3.0,2.0,None,None,None,None,None,None,None,None,-,-,-,-
Accoount 2171,0,Standard / Low-Engagement Base,0,Normal,0.3313,-0.449,1.0,2.0,0.0,3.0,2.0,0.0,2.0,0.0,1.0,2.0,3.0,2.0,None,None,None,None,None,None,None,None,-,Medium,High,-
Accoount 2172,0,Standard / Low-Engagement Base,0,Normal,1.0117,0.0513,1.0,2.0,0.0,3.0,2.0,0.0,2.0,0.0,1.0,3.0,3.0,2.0,None,None,None,None,None,None,None,None,-,-,-,-
Accoount 2173,0,Standard / Low-Engagement Base,0,Normal,1.0117,0.0513,1.0,2.0,0.0,3.0,2.0,0.0,2.0,0.0,1.0,3.0,3.0,2.0,None,None,None,None,None,None,None,None,Yes,High,High,-
Accoount 2174,0,Standard / Low-Engagement Base,0,Normal,1.0117,0.0513,1.0,2.0,0.0,3.0,2.0,0.0,2.0,0.0,1.0,3.0,3.0,2.0,None,None,None,None,None,None,None,None,Yes,High,High,-
Accoount 2175,0,Standard / Low-Engagement Base,0,Normal,1.0117,0.0513,1.0,2.0,0.0,3.0,2.0,0.0,2.0,0.0,1.0,3.0,3.0,2.0,None,None,None,None,None,None,None,None,Yes,High,High,-
Accoount 2176,0,Standard / Low-Engagement Base,0,Normal,1.0117,0.0513,1.0,2.0,0.0,3.0,2.0,0.0,2.0,0.0,1.0,3.0,3.0,2.0,None,None,None,None,None,None,None,None,-,-,-,-
Accoount 2177,0,Standard / Low-Engagement Base,0,Normal,1.0117,0.0513,1.0,2.0,0.0,3.0,2.0,0.0,2.0,0.0,1.0,3.0,3.0,2.0,None,None,None,None,None,None,None,None,Yes,High,High,-
Accoount 2178,2,Lean High-Margin Accounts,0,Normal,-1.3599,-0.6903,1.0,2.0,0.0,3.0,2.0,0.0,2.0,0.0,1.0,2.0,0.0,2.0,None,None,None,None,None,None,None,None,Yes,Medium,Low,-
Accoount 2179,0,Standard / Low-Engagement Base,0,Normal,0.3313,-0.449,1.0,2.0,0.0,3.0,2.0,0.0,2.0,0.0,1.0,2.0,3.0,2.0,None,None,None,None,None,None,None,None,-,Medium,High,-
Accoount 2180,2,Lean High-Margin Accounts,0,Normal,-0.6795,-0.19,1.0,2.0,0.0,3.0,2.0,0.0,2.0,0.0,1.0,3.0,0.0,2.0,None,None,None,None,None,None,None,None,Yes,High,Low,-
Accoount 2181,1,High-Volume Competitive Accounts,0,Normal,-1.0296,-1.4496,1.0,2.0,0.0,3.0,2.0,0.0,2.0,0.0,1.0,0.0,3.0,2.0,None,None,None,None,None,None,None,None,-,Low,High,-
Accoount 2182,2,Lean High-Margin Accounts,0,Normal,-0.2325,-0.5294,1.0,2.0,0.0,3.0,2.0,0.0,2.0,0.0,1.0,2.0,2.0,2.0,None,None,None,None,None,None,None,None,-,Medium,Medium,-
Accoount 2183,2,Lean High-Margin Accounts,0,Normal,-0.6795,-0.19,1.0,2.0,0.0,3.0,2.0,0.0,2.0,0.0,1.0,3.0,0.0,2.0,None,None,None,None,None,None,None,None,Yes,High,Low,-
Accoount 2184,1,High-Volume Competitive Accounts,0,Normal,-2.157,-1.6105,1.0,2.0,0.0,3.0,2.0,0.0,2.0,0.0,1.0,0.0,1.0,2.0,None,None,None,None,None,None,None,None,-,Low,Unknown,-
Accoount 2185,2,Lean High-Margin Accounts,0,Normal,-0.7962,-0.6099,1.0,2.0,0.0,3.0,2.0,0.0,2.0,0.0,1.0,2.0,1.0,2.0,None,None,None,None,None,None,None,None,-,Medium,Unknown,-
Accoount 2186,0,Standard / Low-Engagement Base,0,Normal,1.0117,0.0513,1.0,2.0,0.0,3.0,2.0,0.0,2.0,0.0,1.0,3.0,3.0,2.0,None,None,None,None,None,None,None,None,-,-,-,-
Accoount 2187,1,High-Volume Competitive Accounts,0,Normal,-2.157,-1.6105,1.0,2.0,0.0,3.0,2.0,0.0,2.0,0.0,1.0,0.0,1.0,2.0,None,None,None,None,None,None,None,None,-,Low,Unknown,-
Accoount 2188,0,Standard / Low-Engagement Base,0,Normal,0.3313,-0.449,1.0,2.0,0.0,3.0,2.0,0.0,2.0,0.0,1.0,2.0,3.0,2.0,None,None,None,None,None,None,None,None,-,Medium,High,-
Accoount 2189,1,High-Volume Competitive Accounts,0,Normal,-2.157,-1.6105,1.0,2.0,0.0,3.0,2.0,0.0,2.0,0.0,1.0,0.0,1.0,2.0,None,None,None,None,None,None,None,None,-,Low,Unknown,-
Accoount 2190,0,Standard / Low-Engagement Base,0,Normal,0.3313,-0.449,1.0,2.0,0.0,3.0,2.0,0.0,2.0,0.0,1.0,2.0,3.0,2.0,None,None,None,None,None,None,None,None,-,Medium,High,-
Accoount 2191,0,Standard / Low-Engagement Base,0,Normal,0.3313,-0.449,1.0,2.0,0.0,3.0,2.0,0.0,2.0,0.0,1.0,2.0,3.0,2.0,None,None,None,None,None,None,None,None,-,Medium,High,-
Accoount 2192,2,Lean High-Margin Accounts,0,Normal,-0.2325,-0.5294,1.0,2.0,0.0,3.0,2.0,0.0,2.0,0.0,1.0,2.0,2.0,2.0,None,None,None,None,None,None,None,None,-,Medium,Medium,-
Accoount 2193,2,Lean High-Margin Accounts,0,Normal,-0.2032,-0.8816,1.0,2.0,0.0,3.0,2.0,0.0,2.0,0.0,1.0,2.0,2.0,0.0,None,None,None,None,None,None,None,None,-,Medium,Medium,Low
Accoount 2194,2,Lean High-Margin Accounts,0,Normal,-0.2032,-0.8816,1.0,2.0,0.0,3.0,2.0,0.0,2.0,0.0,1.0,2.0,2.0,0.0,None,None,None,None,None,None,None,None,-,Medium,Medium,Low
Accoount 2195,2,Lean High-Margin Accounts,0,Normal,-0.2032,-0.8816,1.0,2.0,0.0,3.0,2.0,0.0,2.0,0.0,1.0,2.0,2.0,0.0,None,None,None,None,None,None,None,None,-,Medium,Medium,Low
Accoount 2196,0,Standard / Low-Engagement Base,0,Normal,0.3313,-0.449,1.0,2.0,0.0,3.0,2.0,0.0,2.0,0.0,1.0,2.0,3.0,2.0,None,None,None,None,None,None,None,None,-,Medium,High,-
Accoount 2197,2,Lean High-Margin Accounts,0,Normal,-0.2325,-0.5294,1.0,2.0,0.0,3.0,2.0,0.0,2.0,0.0,1.0,2.0,2.0,2.0,None,None,None,None,None,None,None,None,-,Medium,Medium,-
Accoount 2198,0,Standard / Low-Engagement Base,0,Normal,1.0117,0.0513,1.0,2.0,0.0,3.0,2.0,0.0,2.0,0.0,1.0,3.0,3.0,2.0,None,None,None,None,None,None,None,None,-,-,-,-
Accoount 2199,2,Lean High-Margin Accounts,0,Normal,-0.7962,-0.6099,1.0,2.0,0.0,3.0,2.0,0.0,2.0,0.0,1.0,2.0,1.0,2.0,None,None,None,None,None,None,None,None,Yes,Medium,Unknown,-
Accoount 2200,2,Lean High-Margin Accounts,0,Normal,-0.2032,-0.8816,1.0,2.0,0.0,3.0,2.0,0.0,2.0,0.0,1.0,2.0,2.0,0.0,None,None,None,None,None,None,None,None,-,Medium,Medium,Low
Accoount 2201,0,Standard / Low-Engagement Base,0,Normal,1.0117,0.0513,1.0,2.0,0.0,3.0,2.0,0.0,2.0,0.0,1.0,3.0,3.0,2.0,None,None,None,None,None,None,None,None,Yes,High,High,-
Accoount 2202,0,Standard / Low-Engagement Base,0,Normal,0.8645,0.1795,2.0,2.0,0.0,3.0,2.0,0.0,2.0,0.0,1.0,3.0,3.0,2.0,Potentially Seasonal,None,None,None,None,None,None,Minimal Change,Yes,High,High,-
Accoount 2203,2,Lean High-Margin Accounts,0,Normal,0.448,-0.0291,1.0,2.0,0.0,3.0,2.0,0.0,2.0,0.0,1.0,3.0,2.0,2.0,None,None,None,None,None,None,None,None,-,High,Medium,-
Accoount 2204,2,Lean High-Margin Accounts,0,Normal,0.448,-0.0291,1.0,2.0,0.0,3.0,2.0,0.0,2.0,0.0,1.0,3.0,2.0,2.0,None,None,None,None,None,None,None,None,Yes,High,Medium,-
Accoount 2205,0,Standard / Low-Engagement Base,0,Normal,1.0117,0.0513,1.0,2.0,0.0,3.0,2.0,0.0,2.0,0.0,1.0,3.0,3.0,2.0,None,None,None,None,None,None,None,None,Yes,High,High,-
Accoount 2206,0,Standard / Low-Engagement Base,0,Normal,1.0117,0.0513,1.0,2.0,0.0,3.0,2.0,0.0,2.0,0.0,1.0,3.0,3.0,2.0,None,None,None,None,None,None,None,None,-,-,-,-
Accoount 2207,1,High-Volume Competitive Accounts,0,Normal,-2.157,-1.6105,1.0,2.0,0.0,3.0,2.0,0.0,2.0,0.0,1.0,0.0,1.0,2.0,None,None,None,None,None,None,None,None,-,Low,Unknown,-
Accoount 2208,0,Standard / Low-Engagement Base,0,Normal,1.0117,0.0513,1.0,2.0,0.0,3.0,2.0,0.0,2.0,0.0,1.0,3.0,3.0,2.0,None,None,None,None,None,None,None,None,Yes,High,High,-
Accoount 2209,2,Lean High-Margin Accounts,0,Normal,-0.7962,-0.6099,1.0,2.0,0.0,3.0,2.0,0.0,2.0,0.0,1.0,2.0,1.0,2.0,None,None,None,None,None,None,None,None,Yes,Medium,Unknown,-
Accoount 2210,0,Standard / Low-Engagement Base,0,Normal,1.0117,0.0513,1.0,2.0,0.0,3.0,2.0,0.0,2.0,0.0,1.0,3.0,3.0,2.0,None,None,None,None,None,None,None,None,Yes,High,High,-
Accoount 2211,0,Standard / Low-Engagement Base,0,Normal,1.0117,0.0513,1.0,2.0,0.0,3.0,2.0,0.0,2.0,0.0,1.0,3.0,3.0,2.0,None,None,None,None,None,None,None,None,Yes,High,High,-
Accoount 2212,0,Standard / Low-Engagement Base,0,Normal,1.0117,0.0513,1.0,2.0,0.0,3.0,2.0,0.0,2.0,0.0,1.0,3.0,3.0,2.0,None,None,None,None,None,None,None,None,-,-,-,-
Accoount 2213,1,High-Volume Competitive Accounts,0,Normal,-2.157,-1.6105,1.0,2.0,0.0,3.0,2.0,0.0,2.0,0.0,1.0,0.0,1.0,2.0,None,None,None,None,None,None,None,None,-,Low,Unknown,-
Accoount 2214,0,Standard / Low-Engagement Base,0,Normal,1.0117,0.0513,1.0,2.0,0.0,3.0,2.0,0.0,2.0,0.0,1.0,3.0,3.0,2.0,None,None,None,None,None,None,None,None,Yes,High,High,-
Accoount 2215,1,High-Volume Competitive Accounts,0,Normal,-2.1277,-1.9627,1.0,2.0,0.0,3.0,2.0,0.0,2.0,0.0,1.0,0.0,1.0,0.0,None,None,None,None,None,None,None,None,-,Low,Unknown,Low
Accoount 2216,0,Standard / Low-Engagement Base,0,Normal,1.041,-0.3009,1.0,2.0,0.0,3.0,2.0,0.0,2.0,0.0,1.0,3.0,3.0,0.0,None,None,None,None,None,None,None,None,Yes,High,High,Low
Accoount 2217,1,High-Volume Competitive Accounts,0,Normal,-2.1277,-1.9627,1.0,2.0,0.0,3.0,2.0,0.0,2.0,0.0,1.0,0.0,1.0,0.0,None,None,None,None,None,None,None,None,-,Low,Unknown,Low
Accoount 2218,1,High-Volume Competitive Accounts,0,Normal,-2.6914,-2.0431,1.0,2.0,0.0,3.0,2.0,0.0,2.0,0.0,1.0,0.0,0.0,0.0,None,None,None,None,None,None,None,None,-,Low,Low,Low
Accoount 2219,1,High-Volume Competitive Accounts,0,Normal,-2.157,-1.6105,1.0,2.0,0.0,3.0,2.0,0.0,2.0,0.0,1.0,0.0,1.0,2.0,None,None,None,None,None,None,None,None,-,Low,Unknown,-
Accoount 2220,1,High-Volume Competitive Accounts,0,Normal,-2.157,-1.6105,1.0,2.0,0.0,3.0,2.0,0.0,2.0,0.0,1.0,0.0,1.0,2.0,None,None,None,None,None,None,None,None,-,Low,Unknown,-
Accoount 2221,0,Standard / Low-Engagement Base,0,Normal,0.3313,-0.449,1.0,2.0,0.0,3.0,2.0,0.0,2.0,0.0,1.0,2.0,3.0,2.0,None,None,None,None,None,None,None,None,-,Medium,High,-
Accoount 2222,2,Lean High-Margin Accounts,0,Normal,-0.2032,-0.8816,1.0,2.0,0.0,3.0,2.0,0.0,2.0,0.0,1.0,2.0,2.0,0.0,None,None,None,None,None,None,None,None,Yes,Medium,Medium,Low
Accoount 2223,1,High-Volume Competitive Accounts,0,Normal,-2.157,-1.6105,1.0,2.0,0.0,3.0,2.0,0.0,2.0,0.0,1.0,0.0,1.0,2.0,None,None,None,None,None,None,None,None,-,Low,Unknown,-
Accoount 2224,0,Standard / Low-Engagement Base,0,Normal,0.3313,-0.449,1.0,2.0,0.0,3.0,2.0,0.0,2.0,0.0,1.0,2.0,3.0,2.0,None,None,None,None,None,None,None,None,-,Medium,High,-
Accoount 2225,2,Lean High-Margin Accounts,0,Normal,-0.6795,-0.19,1.0,2.0,0.0,3.0,2.0,0.0,2.0,0.0,1.0,3.0,0.0,2.0,None,None,None,None,None,None,None,None,Yes,High,Low,-
Accoount 2226,1,High-Volume Competitive Accounts,0,Normal,-2.157,-1.6105,1.0,2.0,0.0,3.0,2.0,0.0,2.0,0.0,1.0,0.0,1.0,2.0,None,None,None,None,None,None,None,None,Yes,Low,Unknown,-
Accoount 2227,1,High-Volume Competitive Accounts,0,Normal,-2.157,-1.6105,1.0,2.0,0.0,3.0,2.0,0.0,2.0,0.0,1.0,0.0,1.0,2.0,None,None,None,None,None,None,None,None,-,Low,Unknown,-
Accoount 2228,1,High-Volume Competitive Accounts,0,Normal,-2.157,-1.6105,1.0,2.0,0.0,3.0,2.0,0.0,2.0,0.0,1.0,0.0,1.0,2.0,None,None,None,None,None,None,None,None,-,Low,Unknown,-
Accoount 2229,0,Standard / Low-Engagement Base,0,Normal,1.1062,-0.1661,0.0,2.0,0.0,0.0,2.0,0.0,2.0,0.0,1.0,3.0,3.0,2.0,Non Seasonal,Trend Follower,Low,Low,None,None,None,Minimal Change,Yes,High,High,-
Accoount 2230,0,Standard / Low-Engagement Base,0,Normal,1.0117,0.0513,1.0,2.0,0.0,3.0,2.0,0.0,2.0,0.0,1.0,3.0,3.0,2.0,None,None,None,None,None,None,None,None,Yes,High,High,-
Accoount 2231,0,Standard / Low-Engagement Base,0,Normal,1.0117,0.0513,1.0,2.0,0.0,3.0,2.0,0.0,2.0,0.0,1.0,3.0,3.0,2.0,None,None,None,None,None,None,None,None,-,-,-,-
Accoount 2232,0,Standard / Low-Engagement Base,0,Normal,1.0117,0.0513,1.0,2.0,0.0,3.0,2.0,0.0,2.0,0.0,1.0,3.0,3.0,2.0,None,None,None,None,None,None,None,None,-,-,-,-
Accoount 2233,0,Standard / Low-Engagement Base,0,Normal,0.3313,-0.449,1.0,2.0,0.0,3.0,2.0,0.0,2.0,0.0,1.0,2.0,3.0,2.0,None,None,None,None,None,None,None,None,-,Medium,High,-
Accoount 2234,1,High-Volume Competitive Accounts,0,Normal,-2.157,-1.6105,1.0,2.0,0.0,3.0,2.0,0.0,2.0,0.0,1.0,0.0,1.0,2.0,None,None,None,None,None,None,None,None,Yes,Low,Unknown,-
Accoount 2235,0,Standard / Low-Engagement Base,0,Normal,1.0117,0.0513,1.0,2.0,0.0,3.0,2.0,0.0,2.0,0.0,1.0,3.0,3.0,2.0,None,None,None,None,None,None,None,None,Yes,High,High,-
Accoount 2236,0,Standard / Low-Engagement Base,0,Normal,1.0117,0.0513,1.0,2.0,0.0,3.0,2.0,0.0,2.0,0.0,1.0,3.0,3.0,2.0,None,None,None,None,None,None,None,None,Yes,High,High,-
Accoount 2237,0,Standard / Low-Engagement Base,0,Normal,1.0117,0.0513,1.0,2.0,0.0,3.0,2.0,0.0,2.0,0.0,1.0,3.0,3.0,2.0,None,None,None,None,None,None,None,None,Yes,High,High,-
Accoount 2238,0,Standard / Low-Engagement Base,0,Normal,1.0117,0.0513,1.0,2.0,0.0,3.0,2.0,0.0,2.0,0.0,1.0,3.0,3.0,2.0,None,None,None,None,None,None,None,None,Yes,High,High,-
Accoount 2239,0,Standard / Low-Engagement Base,0,Normal,0.3313,-0.449,1.0,2.0,0.0,3.0,2.0,0.0,2.0,0.0,1.0,2.0,3.0,2.0,None,None,None,None,None,None,None,None,-,Medium,High,-
Accoount 2240,0,Standard / Low-Engagement Base,0,Normal,1.0117,0.0513,1.0,2.0,0.0,3.0,2.0,0.0,2.0,0.0,1.0,3.0,3.0,2.0,None,None,None,None,None,None,None,None,-,-,-,-
Accoount 2241,0,Standard / Low-Engagement Base,0,Normal,1.0117,0.0513,1.0,2.0,0.0,3.0,2.0,0.0,2.0,0.0,1.0,3.0,3.0,2.0,None,None,None,None,None,None,None,None,-,-,-,-
Accoount 2242,0,Standard / Low-Engagement Base,0,Normal,1.0117,0.0513,1.0,2.0,0.0,3.0,2.0,0.0,2.0,0.0,1.0,3.0,3.0,2.0,None,None,None,None,None,None,None,None,Yes,High,High,-
Accoount 2243,0,Standard / Low-Engagement Base,0,Normal,1.0117,0.0513,1.0,2.0,0.0,3.0,2.0,0.0,2.0,0.0,1.0,3.0,3.0,2.0,None,None,None,None,None,None,None,None,Yes,High,High,-
Accoount 2244,2,Lean High-Margin Accounts,0,Normal,-0.6795,-0.19,1.0,2.0,0.0,3.0,2.0,0.0,2.0,0.0,1.0,3.0,0.0,2.0,None,None,None,None,None,None,None,None,Yes,High,Low,-
Accoount 2245,0,Standard / Low-Engagement Base,0,Normal,1.0117,0.0513,1.0,2.0,0.0,3.0,2.0,0.0,2.0,0.0,1.0,3.0,3.0,2.0,None,None,None,None,None,None,None,None,Yes,High,High,-
Accoount 2246,2,Lean High-Margin Accounts,0,Normal,-0.7962,-0.6099,1.0,2.0,0.0,3.0,2.0,0.0,2.0,0.0,1.0,2.0,1.0,2.0,None,None,None,None,None,None,None,None,Yes,Medium,Unknown,-
Accoount 2247,2,Lean High-Margin Accounts,0,Normal,-0.6502,-0.5422,1.0,2.0,0.0,3.0,2.0,0.0,2.0,0.0,1.0,3.0,0.0,0.0,None,None,None,None,None,None,None,None,Yes,High,Low,Low
Accoount 2248,1,High-Volume Competitive Accounts,0,Normal,-2.1277,-1.9627,1.0,2.0,0.0,3.0,2.0,0.0,2.0,0.0,1.0,0.0,1.0,0.0,None,None,None,None,None,None,None,None,-,Low,Unknown,Low
Accoount 2249,0,Standard / Low-Engagement Base,0,Normal,0.3313,-0.449,1.0,2.0,0.0,3.0,2.0,0.0,2.0,0.0,1.0,2.0,3.0,2.0,None,None,None,None,None,None,None,None,-,Medium,High,-
Accoount 2250,0,Standard / Low-Engagement Base,0,Normal,0.3313,-0.449,1.0,2.0,0.0,3.0,2.0,0.0,2.0,0.0,1.0,2.0,3.0,2.0,None,None,None,None,None,None,None,None,-,Medium,High,-
Accoount 2251,1,High-Volume Competitive Accounts,0,Normal,-1.5933,-1.5301,1.0,2.0,0.0,3.0,2.0,0.0,2.0,0.0,1.0,0.0,2.0,2.0,None,None,None,None,None,None,None,None,-,Low,Medium,-
Accoount 2252,1,High-Volume Competitive Accounts,0,Normal,-1.564,-1.8823,1.0,2.0,0.0,3.0,2.0,0.0,2.0,0.0,1.0,0.0,2.0,0.0,None,None,None,None,None,None,None,None,-,Low,Medium,Low
Accoount 2253,1,High-Volume Competitive Accounts,0,Normal,-1.5933,-1.5301,1.0,2.0,0.0,3.0,2.0,0.0,2.0,0.0,1.0,0.0,2.0,2.0,None,None,None,None,None,None,None,None,-,Low,Medium,-
Accoount 2254,1,High-Volume Competitive Accounts,0,Normal,-1.5933,-1.5301,1.0,2.0,0.0,3.0,2.0,0.0,2.0,0.0,1.0,0.0,2.0,2.0,None,None,None,None,None,None,None,None,-,Low,Medium,-
Accoount 2255,2,Lean High-Margin Accounts,0,Normal,-0.2325,-0.5294,1.0,2.0,0.0,3.0,2.0,0.0,2.0,0.0,1.0,2.0,2.0,2.0,None,None,None,None,None,None,None,None,-,Medium,Medium,-
Accoount 2256,2,Lean High-Margin Accounts,0,Normal,-0.2325,-0.5294,1.0,2.0,0.0,3.0,2.0,0.0,2.0,0.0,1.0,2.0,2.0,2.0,None,None,None,None,None,None,None,None,-,Medium,Medium,-
Accoount 2257,0,Standard / Low-Engagement Base,0,Normal,0.3313,-0.449,1.0,2.0,0.0,3.0,2.0,0.0,2.0,0.0,1.0,2.0,3.0,2.0,None,None,None,None,None,None,None,None,-,Medium,High,-
Accoount 2258,2,Lean High-Margin Accounts,0,Normal,-0.2032,-0.8816,1.0,2.0,0.0,3.0,2.0,0.0,2.0,0.0,1.0,2.0,2.0,0.0,None,None,None,None,None,None,None,None,-,Medium,Medium,Low
Accoount 2259,2,Lean High-Margin Accounts,0,Normal,-0.6795,-0.19,1.0,2.0,0.0,3.0,2.0,0.0,2.0,0.0,1.0,3.0,0.0,2.0,None,None,None,None,None,None,None,None,Yes,High,Low,-
Accoount 2260,2,Lean High-Margin Accounts,0,Normal,-0.6795,-0.19,1.0,2.0,0.0,3.0,2.0,0.0,2.0,0.0,1.0,3.0,0.0,2.0,None,None,None,None,None,None,None,None,Yes,High,Low,-
Accoount 2261,2,Lean High-Margin Accounts,0,Normal,-0.7962,-0.6099,1.0,2.0,0.0,3.0,2.0,0.0,2.0,0.0,1.0,2.0,1.0,2.0,None,None,None,None,None,None,None,None,Yes,Medium,Unknown,-
Accoount 2262,1,High-Volume Competitive Accounts,0,Normal,-2.157,-1.6105,1.0,2.0,0.0,3.0,2.0,0.0,2.0,0.0,1.0,0.0,1.0,2.0,None,None,None,None,None,None,None,None,Yes,Low,Unknown,-
Accoount 2263,0,Standard / Low-Engagement Base,0,Normal,1.0117,0.0513,1.0,2.0,0.0,3.0,2.0,0.0,2.0,0.0,1.0,3.0,3.0,2.0,None,None,None,None,None,None,None,None,-,-,-,-
Accoount 2264,1,High-Volume Competitive Accounts,0,Normal,-2.157,-1.6105,1.0,2.0,0.0,3.0,2.0,0.0,2.0,0.0,1.0,0.0,1.0,2.0,None,None,None,None,None,None,None,None,-,Low,Unknown,-
Accoount 2265,0,Standard / Low-Engagement Base,0,Normal,0.3313,-0.449,1.0,2.0,0.0,3.0,2.0,0.0,2.0,0.0,1.0,2.0,3.0,2.0,None,None,None,None,None,None,None,None,-,Medium,High,-
Accoount 2266,0,Standard / Low-Engagement Base,0,Normal,1.0117,0.0513,1.0,2.0,0.0,3.0,2.0,0.0,2.0,0.0,1.0,3.0,3.0,2.0,None,None,None,None,None,None,None,None,Yes,High,High,-
Accoount 2267,0,Standard / Low-Engagement Base,0,Normal,1.0117,0.0513,1.0,2.0,0.0,3.0,2.0,0.0,2.0,0.0,1.0,3.0,3.0,2.0,None,None,None,None,None,None,None,None,Yes,High,High,-
Accoount 2268,0,Standard / Low-Engagement Base,0,Normal,1.0117,0.0513,1.0,2.0,0.0,3.0,2.0,0.0,2.0,0.0,1.0,3.0,3.0,2.0,None,None,None,None,None,None,None,None,-,-,-,-
Accoount 2269,0,Standard / Low-Engagement Base,0,Normal,1.0117,0.0513,1.0,2.0,0.0,3.0,2.0,0.0,2.0,0.0,1.0,3.0,3.0,2.0,None,None,None,None,None,None,None,None,-,-,-,-
Accoount 2270,0,Standard / Low-Engagement Base,0,Normal,1.0117,0.0513,1.0,2.0,0.0,3.0,2.0,0.0,2.0,0.0,1.0,3.0,3.0,2.0,None,None,None,None,None,None,None,None,Yes,High,High,-
Accoount 2271,0,Standard / Low-Engagement Base,0,Normal,1.0117,0.0513,1.0,2.0,0.0,3.0,2.0,0.0,2.0,0.0,1.0,3.0,3.0,2.0,None,None,None,None,None,None,None,None,Yes,High,High,-
Accoount 2272,0,Standard / Low-Engagement Base,0,Normal,1.0117,0.0513,1.0,2.0,0.0,3.0,2.0,0.0,2.0,0.0,1.0,3.0,3.0,2.0,None,None,None,None,None,None,None,None,Yes,High,High,-
Accoount 2273,0,Standard / Low-Engagement Base,0,Normal,1.0117,0.0513,1.0,2.0,0.0,3.0,2.0,0.0,2.0,0.0,1.0,3.0,3.0,2.0,None,None,None,None,None,None,None,None,Yes,High,High,-
Accoount 2274,0,Standard / Low-Engagement Base,0,Normal,1.0117,0.0513,1.0,2.0,0.0,3.0,2.0,0.0,2.0,0.0,1.0,3.0,3.0,2.0,None,None,None,None,None,None,None,None,Yes,High,High,-
Accoount 2275,0,Standard / Low-Engagement Base,0,Normal,1.0117,0.0513,1.0,2.0,0.0,3.0,2.0,0.0,2.0,0.0,1.0,3.0,3.0,2.0,None,None,None,None,None,None,None,None,-,-,-,-
Accoount 2276,0,Standard / Low-Engagement Base,0,Normal,1.0117,0.0513,1.0,2.0,0.0,3.0,2.0,0.0,2.0,0.0,1.0,3.0,3.0,2.0,None,None,None,None,None,None,None,None,Yes,High,High,-
Accoount 2277,0,Standard / Low-Engagement Base,0,Normal,1.0117,0.0513,1.0,2.0,0.0,3.0,2.0,0.0,2.0,0.0,1.0,3.0,3.0,2.0,None,None,None,None,None,None,None,None,Yes,High,High,-
Accoount 2278,0,Standard / Low-Engagement Base,0,Normal,1.0117,0.0513,1.0,2.0,0.0,3.0,2.0,0.0,2.0,0.0,1.0,3.0,3.0,2.0,None,None,None,None,None,None,None,None,Yes,High,High,-
Accoount 2279,2,Lean High-Margin Accounts,0,Normal,0.448,-0.0291,1.0,2.0,0.0,3.0,2.0,0.0,2.0,0.0,1.0,3.0,2.0,2.0,None,None,None,None,None,None,None,None,-,High,Medium,-
Accoount 2280,0,Standard / Low-Engagement Base,0,Normal,1.0117,0.0513,1.0,2.0,0.0,3.0,2.0,0.0,2.0,0.0,1.0,3.0,3.0,2.0,None,None,None,None,None,None,None,None,-,-,-,-
Accoount 2281,0,Standard / Low-Engagement Base,0,Normal,1.041,-0.3009,1.0,2.0,0.0,3.0,2.0,0.0,2.0,0.0,1.0,3.0,3.0,0.0,None,None,None,None,None,None,None,None,-,High,High,Low
Accoount 2282,2,Lean High-Margin Accounts,0,Normal,0.448,-0.0291,1.0,2.0,0.0,3.0,2.0,0.0,2.0,0.0,1.0,3.0,2.0,2.0,None,None,None,None,None,None,None,None,-,High,Medium,-
Accoount 2283,0,Standard / Low-Engagement Base,0,Normal,0.3313,-0.449,1.0,2.0,0.0,3.0,2.0,0.0,2.0,0.0,1.0,2.0,3.0,2.0,None,None,None,None,None,None,None,None,-,Medium,High,-
Accoount 2284,2,Lean High-Margin Accounts,0,Normal,0.448,-0.0291,1.0,2.0,0.0,3.0,2.0,0.0,2.0,0.0,1.0,3.0,2.0,2.0,None,None,None,None,None,None,None,None,-,High,Medium,-
Accoount 2285,0,Standard / Low-Engagement Base,0,Normal,0.3313,-0.449,1.0,2.0,0.0,3.0,2.0,0.0,2.0,0.0,1.0,2.0,3.0,2.0,None,None,None,None,None,None,None,None,-,Medium,High,-
Accoount 2286,1,High-Volume Competitive Accounts,0,Normal,-1.0296,-1.4496,1.0,2.0,0.0,3.0,2.0,0.0,2.0,0.0,1.0,0.0,3.0,2.0,None,None,None,None,None,None,None,None,-,Low,High,-
Accoount 2287,1,High-Volume Competitive Accounts,0,Normal,-1.5933,-1.5301,1.0,2.0,0.0,3.0,2.0,0.0,2.0,0.0,1.0,0.0,2.0,2.0,None,None,None,None,None,None,None,None,-,Low,Medium,-
Accoount 2288,0,Standard / Low-Engagement Base,0,Normal,0.3313,-0.449,1.0,2.0,0.0,3.0,2.0,0.0,2.0,0.0,1.0,2.0,3.0,2.0,None,None,None,None,None,None,None,None,-,Medium,High,-
Accoount 2289,0,Standard / Low-Engagement Base,0,Normal,0.3606,-0.8012,1.0,2.0,0.0,3.0,2.0,0.0,2.0,0.0,1.0,2.0,3.0,0.0,None,None,None,None,None,None,None,None,-,Medium,High,Low
Accoount 2290,0,Standard / Low-Engagement Base,0,Normal,0.3313,-0.449,1.0,2.0,0.0,3.0,2.0,0.0,2.0,0.0,1.0,2.0,3.0,2.0,None,None,None,None,None,None,None,None,-,Medium,High,-
Accoount 2291,2,Lean High-Margin Accounts,0,Normal,-0.2325,-0.5294,1.0,2.0,0.0,3.0,2.0,0.0,2.0,0.0,1.0,2.0,2.0,2.0,None,None,None,None,None,None,None,None,-,Medium,Medium,-
Accoount 2292,2,Lean High-Margin Accounts,0,Normal,-0.6795,-0.19,1.0,2.0,0.0,3.0,2.0,0.0,2.0,0.0,1.0,3.0,0.0,2.0,None,None,None,None,None,None,None,None,Yes,High,Low,-
Accoount 2293,0,Standard / Low-Engagement Base,0,Normal,1.0117,0.0513,1.0,2.0,0.0,3.0,2.0,0.0,2.0,0.0,1.0,3.0,3.0,2.0,None,None,None,None,None,None,None,None,Yes,High,High,-
Accoount 2294,0,Standard / Low-Engagement Base,0,Normal,1.0117,0.0513,1.0,2.0,0.0,3.0,2.0,0.0,2.0,0.0,1.0,3.0,3.0,2.0,None,None,None,None,None,None,None,None,Yes,High,High,-
Accoount 2295,0,Standard / Low-Engagement Base,0,Normal,1.0117,0.0513,1.0,2.0,0.0,3.0,2.0,0.0,2.0,0.0,1.0,3.0,3.0,2.0,None,None,None,None,None,None,None,None,-,-,-,-
Accoount 2296,2,Lean High-Margin Accounts,0,Normal,-0.2325,-0.5294,1.0,2.0,0.0,3.0,2.0,0.0,2.0,0.0,1.0,2.0,2.0,2.0,None,None,None,None,None,None,None,None,-,Medium,Medium,-
Accoount 2297,1,High-Volume Competitive Accounts,0,Normal,-2.157,-1.6105,1.0,2.0,0.0,3.0,2.0,0.0,2.0,0.0,1.0,0.0,1.0,2.0,None,None,None,None,None,None,None,None,-,Low,Unknown,-
Accoount 2298,2,Lean High-Margin Accounts,0,Normal,0.448,-0.0291,1.0,2.0,0.0,3.0,2.0,0.0,2.0,0.0,1.0,3.0,2.0,2.0,None,None,None,None,None,None,None,None,Yes,High,Medium,-
Accoount 2299,2,Lean High-Margin Accounts,0,Normal,-0.6795,-0.19,1.0,2.0,0.0,3.0,2.0,0.0,2.0,0.0,1.0,3.0,0.0,2.0,None,None,None,None,None,None,None,None,-,High,Low,-
Accoount 2300,2,Lean High-Margin Accounts,0,Normal,0.3953,-0.1183,1.0,2.0,0.0,0.0,2.0,0.0,2.0,0.0,1.0,3.0,2.0,2.0,Unknown,None,Low,Low,None,None,None,None,Yes,High,Medium,-
Accoount 2301,1,High-Volume Competitive Accounts,0,Normal,-2.157,-1.6105,1.0,2.0,0.0,3.0,2.0,0.0,2.0,0.0,1.0,0.0,1.0,2.0,None,None,None,None,None,None,None,None,-,Low,Unknown,-
Accoount 2302,1,High-Volume Competitive Accounts,0,Normal,-1.0296,-1.4496,1.0,2.0,0.0,3.0,2.0,0.0,2.0,0.0,1.0,0.0,3.0,2.0,None,None,None,None,None,None,None,None,-,Low,High,-
Accoount 2303,1,High-Volume Competitive Accounts,0,Normal,-1.0296,-1.4496,1.0,2.0,0.0,3.0,2.0,0.0,2.0,0.0,1.0,0.0,3.0,2.0,None,None,None,None,None,None,None,None,-,Low,High,-
Accoount 2304,0,Standard / Low-Engagement Base,0,Normal,1.0117,0.0513,1.0,2.0,0.0,3.0,2.0,0.0,2.0,0.0,1.0,3.0,3.0,2.0,None,None,None,None,None,None,None,None,-,-,-,-
Accoount 2305,0,Standard / Low-Engagement Base,0,Normal,1.0117,0.0513,1.0,2.0,0.0,3.0,2.0,0.0,2.0,0.0,1.0,3.0,3.0,2.0,None,None,None,None,None,None,None,None,Yes,High,High,-
Accoount 2306,0,Standard / Low-Engagement Base,0,Normal,1.0117,0.0513,1.0,2.0,0.0,3.0,2.0,0.0,2.0,0.0,1.0,3.0,3.0,2.0,None,None,None,None,None,None,None,None,Yes,High,High,-
Accoount 2307,0,Standard / Low-Engagement Base,0,Normal,1.0117,0.0513,1.0,2.0,0.0,3.0,2.0,0.0,2.0,0.0,1.0,3.0,3.0,2.0,None,None,None,None,None,None,None,None,Yes,High,High,-
Accoount 2308,0,Standard / Low-Engagement Base,0,Normal,1.0117,0.0513,1.0,2.0,0.0,3.0,2.0,0.0,2.0,0.0,1.0,3.0,3.0,2.0,None,None,None,None,None,None,None,None,Yes,High,High,-
Accoount 2309,2,Lean High-Margin Accounts,0,Normal,-0.6795,-0.19,1.0,2.0,0.0,3.0,2.0,0.0,2.0,0.0,1.0,3.0,0.0,2.0,None,None,None,None,None,None,None,None,-,High,Low,-
Accoount 2310,0,Standard / Low-Engagement Base,0,Normal,1.0117,0.0513,1.0,2.0,0.0,3.0,2.0,0.0,2.0,0.0,1.0,3.0,3.0,2.0,None,None,None,None,None,None,None,None,-,-,-,-
Accoount 2311,0,Standard / Low-Engagement Base,0,Normal,1.0117,0.0513,1.0,2.0,0.0,3.0,2.0,0.0,2.0,0.0,1.0,3.0,3.0,2.0,None,None,None,None,None,None,None,None,Yes,High,High,-
Accoount 2312,0,Standard / Low-Engagement Base,0,Normal,0.3313,-0.449,1.0,2.0,0.0,3.0,2.0,0.0,2.0,0.0,1.0,2.0,3.0,2.0,Unknown,None,None,None,None,None,None,None,Yes,Medium,High,-
Accoount 2313,1,High-Volume Competitive Accounts,0,Normal,-2.157,-1.6105,1.0,2.0,0.0,3.0,2.0,0.0,2.0,0.0,1.0,0.0,1.0,2.0,None,None,None,None,None,None,None,None,-,Low,Unknown,-
Accoount 2314,1,High-Volume Competitive Accounts,0,Normal,-2.157,-1.6105,1.0,2.0,0.0,3.0,2.0,0.0,2.0,0.0,1.0,0.0,1.0,2.0,None,None,None,None,None,None,None,None,-,Low,Unknown,-
Accoount 2315,0,Standard / Low-Engagement Base,0,Normal,1.0121,0.1185,1.0,3.0,0.0,3.0,2.0,0.0,2.0,0.0,1.0,3.0,3.0,2.0,Unknown,Early Adopter,None,None,None,None,None,Minimal Change,Yes,High,High,Medium
Accoount 2316,0,Standard / Low-Engagement Base,0,Normal,1.0117,0.0513,1.0,2.0,0.0,3.0,2.0,0.0,2.0,0.0,1.0,3.0,3.0,2.0,None,None,None,None,None,None,None,None,-,-,-,-
Accoount 2317,1,High-Volume Competitive Accounts,0,Normal,-2.157,-1.6105,1.0,2.0,0.0,3.0,2.0,0.0,2.0,0.0,1.0,0.0,1.0,2.0,None,None,None,None,None,None,None,None,-,Low,Unknown,-
Accoount 2318,0,Standard / Low-Engagement Base,0,Normal,1.0117,0.0513,1.0,2.0,0.0,3.0,2.0,0.0,2.0,0.0,1.0,3.0,3.0,2.0,None,None,None,None,None,None,None,None,Yes,High,High,-
Accoount 2319,0,Standard / Low-Engagement Base,0,Normal,1.0117,0.0513,1.0,2.0,0.0,3.0,2.0,0.0,2.0,0.0,1.0,3.0,3.0,2.0,Unknown,None,None,None,None,None,None,None,-,High,High,-
Accoount 2320,0,Standard / Low-Engagement Base,0,Normal,1.0117,0.0513,1.0,2.0,0.0,3.0,2.0,0.0,2.0,0.0,1.0,3.0,3.0,2.0,None,None,None,None,None,None,None,None,-,-,-,-
Accoount 2321,1,High-Volume Competitive Accounts,0,Normal,-1.0296,-1.4496,1.0,2.0,0.0,3.0,2.0,0.0,2.0,0.0,1.0,0.0,3.0,2.0,None,None,None,None,None,None,None,None,-,Low,High,-
Accoount 2322,0,Standard / Low-Engagement Base,0,Normal,0.3313,-0.449,1.0,2.0,0.0,3.0,2.0,0.0,2.0,0.0,1.0,2.0,3.0,2.0,None,None,None,None,None,None,None,None,-,Medium,High,-
Accoount 2323,1,High-Volume Competitive Accounts,0,Normal,-1.0296,-1.4496,1.0,2.0,0.0,3.0,2.0,0.0,2.0,0.0,1.0,0.0,3.0,2.0,None,None,None,None,None,None,None,None,-,Low,High,-
Accoount 2324,0,Standard / Low-Engagement Base,0,Normal,0.3313,-0.449,1.0,2.0,0.0,3.0,2.0,0.0,2.0,0.0,1.0,2.0,3.0,2.0,None,None,None,None,None,None,None,None,-,Medium,High,-
Accoount 2325,0,Standard / Low-Engagement Base,0,Normal,0.3313,-0.449,1.0,2.0,0.0,3.0,2.0,0.0,2.0,0.0,1.0,2.0,3.0,2.0,None,None,None,None,None,None,None,None,-,Medium,High,-
Accoount 2326,2,Lean High-Margin Accounts,0,Normal,-0.2032,-0.8816,1.0,2.0,0.0,3.0,2.0,0.0,2.0,0.0,1.0,2.0,2.0,0.0,None,None,None,None,None,None,None,None,Yes,Medium,Medium,Low
Accoount 2327,0,Standard / Low-Engagement Base,0,Normal,0.3313,-0.449,1.0,2.0,0.0,3.0,2.0,0.0,2.0,0.0,1.0,2.0,3.0,2.0,None,None,None,None,None,None,None,None,Yes,Medium,High,-
Accoount 2328,0,Standard / Low-Engagement Base,0,Normal,1.0117,0.0513,1.0,2.0,0.0,3.0,2.0,0.0,2.0,0.0,1.0,3.0,3.0,2.0,None,None,None,None,None,None,None,None,-,-,-,-
Accoount 2329,0,Standard / Low-Engagement Base,0,Normal,1.0117,0.0513,1.0,2.0,0.0,3.0,2.0,0.0,2.0,0.0,1.0,3.0,3.0,2.0,None,None,None,None,None,None,None,None,-,-,-,-
Accoount 2330,0,Standard / Low-Engagement Base,0,Normal,1.0117,0.0513,1.0,2.0,0.0,3.0,2.0,0.0,2.0,0.0,1.0,3.0,3.0,2.0,None,None,None,None,None,None,None,None,Yes,High,High,-
Accoount 2331,0,Standard / Low-Engagement Base,0,Normal,1.0117,0.0513,1.0,2.0,0.0,3.0,2.0,0.0,2.0,0.0,1.0,3.0,3.0,2.0,None,None,None,None,None,None,None,None,-,-,-,-
Accoount 2332,0,Standard / Low-Engagement Base,0,Normal,0.3313,-0.449,1.0,2.0,0.0,3.0,2.0,0.0,2.0,0.0,1.0,2.0,3.0,2.0,None,None,None,None,None,None,None,None,-,Medium,High,-
Accoount 2333,0,Standard / Low-Engagement Base,0,Normal,1.0117,0.0513,1.0,2.0,0.0,3.0,2.0,0.0,2.0,0.0,1.0,3.0,3.0,2.0,None,None,None,None,None,None,None,None,Yes,High,High,-
Accoount 2334,3,High-Growth Potential Early Adopters,0,Normal,-2.1808,2.0985,1.0,2.0,0.0,3.0,0.0,3.0,4.0,0.0,1.0,2.0,1.0,2.0,None,None,None,None,Low,High,Very High,None,-,Medium,Unknown,-
Accoount 2335,0,Standard / Low-Engagement Base,0,Normal,1.0117,0.0513,1.0,2.0,0.0,3.0,2.0,0.0,2.0,0.0,1.0,3.0,3.0,2.0,None,None,None,None,None,None,None,None,Yes,High,High,-
Accoount 2336,2,Lean High-Margin Accounts,0,Normal,0.448,-0.0291,1.0,2.0,0.0,3.0,2.0,0.0,2.0,0.0,1.0,3.0,2.0,2.0,None,None,None,None,None,None,None,None,Yes,High,Medium,-
Accoount 2337,0,Standard / Low-Engagement Base,0,Normal,0.3606,-0.8012,1.0,2.0,0.0,3.0,2.0,0.0,2.0,0.0,1.0,2.0,3.0,0.0,None,None,None,None,None,None,None,None,-,Medium,High,Low
Accoount 2338,0,Standard / Low-Engagement Base,0,Normal,1.0117,0.0513,1.0,2.0,0.0,3.0,2.0,0.0,2.0,0.0,1.0,3.0,3.0,2.0,None,None,None,None,None,None,None,None,-,-,-,-
Accoount 2339,2,Lean High-Margin Accounts,0,Normal,-0.6795,-0.19,1.0,2.0,0.0,3.0,2.0,0.0,2.0,0.0,1.0,3.0,0.0,2.0,None,None,None,None,None,None,None,None,Yes,High,Low,-
Accoount 2340,0,Standard / Low-Engagement Base,0,Normal,1.0117,0.0513,1.0,2.0,0.0,3.0,2.0,0.0,2.0,0.0,1.0,3.0,3.0,2.0,None,None,None,None,None,None,None,None,Yes,High,High,-
Accoount 2341,0,Standard / Low-Engagement Base,0,Normal,1.0117,0.0513,1.0,2.0,0.0,3.0,2.0,0.0,2.0,0.0,1.0,3.0,3.0,2.0,None,None,None,None,None,None,None,None,Yes,High,High,-
Accoount 2342,0,Standard / Low-Engagement Base,0,Normal,1.0117,0.0513,1.0,2.0,0.0,3.0,2.0,0.0,2.0,0.0,1.0,3.0,3.0,2.0,None,None,None,None,None,None,None,None,-,-,-,-
Accoount 2343,0,Standard / Low-Engagement Base,0,Normal,1.0117,0.0513,1.0,2.0,0.0,3.0,2.0,0.0,2.0,0.0,1.0,3.0,3.0,2.0,None,None,None,None,None,None,None,None,Yes,High,High,-
Accoount 2344,0,Standard / Low-Engagement Base,0,Normal,1.0117,0.0513,1.0,2.0,0.0,3.0,2.0,0.0,2.0,0.0,1.0,3.0,3.0,2.0,None,None,None,None,None,None,None,None,Yes,High,High,-
Accoount 2345,0,Standard / Low-Engagement Base,0,Normal,1.0117,0.0513,1.0,2.0,0.0,3.0,2.0,0.0,2.0,0.0,1.0,3.0,3.0,2.0,None,None,None,None,None,None,None,None,Yes,High,High,-
Accoount 2346,1,High-Volume Competitive Accounts,0,Normal,-2.157,-1.6105,1.0,2.0,0.0,3.0,2.0,0.0,2.0,0.0,1.0,0.0,1.0,2.0,None,None,None,None,None,None,None,None,-,Low,Unknown,-
Accoount 2347,0,Standard / Low-Engagement Base,0,Normal,1.0117,0.0513,1.0,2.0,0.0,3.0,2.0,0.0,2.0,0.0,1.0,3.0,3.0,2.0,None,None,None,None,None,None,None,None,Yes,High,High,-
Accoount 2348,0,Standard / Low-Engagement Base,0,Normal,1.0117,0.0513,1.0,2.0,0.0,3.0,2.0,0.0,2.0,0.0,1.0,3.0,3.0,2.0,None,None,None,None,None,None,None,None,Yes,High,High,-
Accoount 2349,0,Standard / Low-Engagement Base,0,Normal,0.3313,-0.449,1.0,2.0,0.0,3.0,2.0,0.0,2.0,0.0,1.0,2.0,3.0,2.0,None,None,None,None,None,None,None,None,-,Medium,High,-
Accoount 2350,0,Standard / Low-Engagement Base,0,Normal,1.0117,0.0513,1.0,2.0,0.0,3.0,2.0,0.0,2.0,0.0,1.0,3.0,3.0,2.0,None,None,None,None,None,None,None,None,-,-,-,-
Accoount 2351,0,Standard / Low-Engagement Base,0,Normal,1.0117,0.0513,1.0,2.0,0.0,3.0,2.0,0.0,2.0,0.0,1.0,3.0,3.0,2.0,None,None,None,None,None,None,None,None,Yes,High,High,-
Accoount 2352,0,Standard / Low-Engagement Base,0,Normal,0.3606,-0.8012,1.0,2.0,0.0,3.0,2.0,0.0,2.0,0.0,1.0,2.0,3.0,0.0,None,None,None,None,None,None,None,None,-,Medium,High,Low
Accoount 2353,0,Standard / Low-Engagement Base,0,Normal,0.3313,-0.449,1.0,2.0,0.0,3.0,2.0,0.0,2.0,0.0,1.0,2.0,3.0,2.0,None,None,None,None,None,None,None,None,-,Medium,High,-
Accoount 2354,1,High-Volume Competitive Accounts,0,Normal,-2.157,-1.6105,1.0,2.0,0.0,3.0,2.0,0.0,2.0,0.0,1.0,0.0,1.0,2.0,None,None,None,None,None,None,None,None,-,Low,Unknown,-
Accoount 2355,0,Standard / Low-Engagement Base,0,Normal,0.3313,-0.449,1.0,2.0,0.0,3.0,2.0,0.0,2.0,0.0,1.0,2.0,3.0,2.0,None,None,None,None,None,None,None,None,-,Medium,High,-
Accoount 2356,0,Standard / Low-Engagement Base,0,Normal,1.0117,0.0513,1.0,2.0,0.0,3.0,2.0,0.0,2.0,0.0,1.0,3.0,3.0,2.0,None,None,None,None,None,None,None,None,-,High,High,-
Accoount 2357,1,High-Volume Competitive Accounts,0,Normal,-1.0003,-1.8018,1.0,2.0,0.0,3.0,2.0,0.0,2.0,0.0,1.0,0.0,3.0,0.0,None,None,None,None,None,None,None,None,-,Low,High,Low
Accoount 2358,0,Standard / Low-Engagement Base,0,Normal,1.0117,0.0513,1.0,2.0,0.0,3.0,2.0,0.0,2.0,0.0,1.0,3.0,3.0,2.0,None,None,None,None,None,None,None,None,-,High,High,-
Accoount 2359,2,Lean High-Margin Accounts,0,Normal,-0.2032,-0.8816,1.0,2.0,0.0,3.0,2.0,0.0,2.0,0.0,1.0,2.0,2.0,0.0,None,None,None,None,None,None,None,None,-,Medium,Medium,Low
Accoount 2360,1,High-Volume Competitive Accounts,0,Normal,-2.157,-1.6105,1.0,2.0,0.0,3.0,2.0,0.0,2.0,0.0,1.0,0.0,1.0,2.0,None,None,None,None,None,None,None,None,-,Low,Unknown,-
Accoount 2361,1,High-Volume Competitive Accounts,0,Normal,-2.157,-1.6105,1.0,2.0,0.0,3.0,2.0,0.0,2.0,0.0,1.0,0.0,1.0,2.0,None,None,None,None,None,None,None,None,-,Low,Unknown,-
Accoount 2362,0,Standard / Low-Engagement Base,0,Normal,1.0117,0.0513,1.0,2.0,0.0,3.0,2.0,0.0,2.0,0.0,1.0,3.0,3.0,2.0,None,None,None,None,None,None,None,None,-,-,-,-
Accoount 2363,2,Lean High-Margin Accounts,0,Normal,-0.7669,-0.9621,1.0,2.0,0.0,3.0,2.0,0.0,2.0,0.0,1.0,2.0,1.0,0.0,None,None,None,None,None,None,None,None,Yes,Medium,Unknown,Low
Accoount 2364,1,High-Volume Competitive Accounts,0,Normal,-2.157,-1.6105,1.0,2.0,0.0,3.0,2.0,0.0,2.0,0.0,1.0,0.0,1.0,2.0,None,None,None,None,None,None,None,None,-,Low,Unknown,-
Accoount 2365,0,Standard / Low-Engagement Base,0,Normal,1.0117,0.0513,1.0,2.0,0.0,3.0,2.0,0.0,2.0,0.0,1.0,3.0,3.0,2.0,None,None,None,None,None,None,None,None,Yes,High,High,-
Accoount 2366,0,Standard / Low-Engagement Base,0,Normal,1.0117,0.0513,1.0,2.0,0.0,3.0,2.0,0.0,2.0,0.0,1.0,3.0,3.0,2.0,None,None,None,None,None,None,None,None,Yes,High,High,-
Accoount 2367,0,Standard / Low-Engagement Base,0,Normal,1.0117,0.0513,1.0,2.0,0.0,3.0,2.0,0.0,2.0,0.0,1.0,3.0,3.0,2.0,None,None,None,None,None,None,None,None,Yes,High,High,-
Accoount 2368,0,Standard / Low-Engagement Base,0,Normal,1.0117,0.0513,1.0,2.0,0.0,3.0,2.0,0.0,2.0,0.0,1.0,3.0,3.0,2.0,None,None,None,None,None,None,None,None,-,High,High,-
Accoount 2369,0,Standard / Low-Engagement Base,0,Normal,0.3313,-0.449,1.0,2.0,0.0,3.0,2.0,0.0,2.0,0.0,1.0,2.0,3.0,2.0,None,None,None,None,None,None,None,None,Yes,Medium,High,-
Accoount 2370,0,Standard / Low-Engagement Base,0,Normal,1.0117,0.0513,1.0,2.0,0.0,3.0,2.0,0.0,2.0,0.0,1.0,3.0,3.0,2.0,None,None,None,None,None,None,None,None,-,-,-,-
Accoount 2371,0,Standard / Low-Engagement Base,0,Normal,1.0117,0.0513,1.0,2.0,0.0,3.0,2.0,0.0,2.0,0.0,1.0,3.0,3.0,2.0,None,None,None,None,None,None,None,None,Yes,High,High,-
Accoount 2372,0,Standard / Low-Engagement Base,0,Normal,1.0117,0.0513,1.0,2.0,0.0,3.0,2.0,0.0,2.0,0.0,1.0,3.0,3.0,2.0,None,None,None,None,None,None,None,None,Yes,High,High,-
Accoount 2373,0,Standard / Low-Engagement Base,0,Normal,1.0117,0.0513,1.0,2.0,0.0,3.0,2.0,0.0,2.0,0.0,1.0,3.0,3.0,2.0,None,None,None,None,None,None,None,None,Yes,High,High,-
Accoount 2374,0,Standard / Low-Engagement Base,0,Normal,1.0117,0.0513,1.0,2.0,0.0,3.0,2.0,0.0,2.0,0.0,1.0,3.0,3.0,2.0,None,None,None,None,None,None,None,None,Yes,High,High,-
Accoount 2375,1,High-Volume Competitive Accounts,0,Normal,-2.157,-1.6105,1.0,2.0,0.0,3.0,2.0,0.0,2.0,0.0,1.0,0.0,1.0,2.0,None,None,None,None,None,None,None,None,-,Low,Unknown,-
Accoount 2376,0,Standard / Low-Engagement Base,0,Normal,1.0117,0.0513,1.0,2.0,0.0,3.0,2.0,0.0,2.0,0.0,1.0,3.0,3.0,2.0,None,None,None,None,None,None,None,None,-,-,-,-
Accoount 2377,0,Standard / Low-Engagement Base,0,Normal,1.0117,0.0513,1.0,2.0,0.0,3.0,2.0,0.0,2.0,0.0,1.0,3.0,3.0,2.0,None,None,None,None,None,None,None,None,-,-,-,-
Accoount 2378,0,Standard / Low-Engagement Base,0,Normal,1.0117,0.0513,1.0,2.0,0.0,3.0,2.0,0.0,2.0,0.0,1.0,3.0,3.0,2.0,None,None,None,None,None,None,None,None,-,-,-,-
Accoount 2379,0,Standard / Low-Engagement Base,0,Normal,1.0117,0.0513,1.0,2.0,0.0,3.0,2.0,0.0,2.0,0.0,1.0,3.0,3.0,2.0,None,None,None,None,None,None,None,None,Yes,High,High,-
Accoount 2380,0,Standard / Low-Engagement Base,0,Normal,1.0117,0.0513,1.0,2.0,0.0,3.0,2.0,0.0,2.0,0.0,1.0,3.0,3.0,2.0,None,None,None,None,None,None,None,None,Yes,High,High,-
Accoount 2381,0,Standard / Low-Engagement Base,0,Normal,1.0117,0.0513,1.0,2.0,0.0,3.0,2.0,0.0,2.0,0.0,1.0,3.0,3.0,2.0,None,None,None,None,None,None,None,None,-,-,-,-
Accoount 2382,0,Standard / Low-Engagement Base,0,Normal,1.0117,0.0513,1.0,2.0,0.0,3.0,2.0,0.0,2.0,0.0,1.0,3.0,3.0,2.0,None,None,None,None,None,None,None,None,Yes,High,High,-
Accoount 2383,0,Standard / Low-Engagement Base,0,Normal,1.0117,0.0513,1.0,2.0,0.0,3.0,2.0,0.0,2.0,0.0,1.0,3.0,3.0,2.0,None,None,None,None,None,None,None,None,-,High,High,-
Accoount 2384,0,Standard / Low-Engagement Base,0,Normal,1.0117,0.0513,1.0,2.0,0.0,3.0,2.0,0.0,2.0,0.0,1.0,3.0,3.0,2.0,None,None,None,None,None,None,None,None,-,-,-,-
Accoount 2385,0,Standard / Low-Engagement Base,0,Normal,0.3313,-0.449,1.0,2.0,0.0,3.0,2.0,0.0,2.0,0.0,1.0,2.0,3.0,2.0,None,None,None,None,None,None,None,None,-,Medium,High,-
Accoount 2386,1,High-Volume Competitive Accounts,0,Normal,-2.157,-1.6105,1.0,2.0,0.0,3.0,2.0,0.0,2.0,0.0,1.0,0.0,1.0,2.0,None,None,None,None,None,None,None,None,-,Low,Unknown,-
Accoount 2387,1,High-Volume Competitive Accounts,0,Normal,-2.157,-1.6105,1.0,2.0,0.0,3.0,2.0,0.0,2.0,0.0,1.0,0.0,1.0,2.0,None,None,None,None,None,None,None,None,-,Low,Unknown,-
Accoount 2388,1,High-Volume Competitive Accounts,0,Normal,-1.0003,-1.8018,1.0,2.0,0.0,3.0,2.0,0.0,2.0,0.0,1.0,0.0,3.0,0.0,None,None,None,None,None,None,None,None,-,Low,High,Low
Accoount 2389,1,High-Volume Competitive Accounts,0,Normal,-2.7207,-1.6909,1.0,2.0,0.0,3.0,2.0,0.0,2.0,0.0,1.0,0.0,0.0,2.0,None,None,None,None,None,None,None,None,-,Low,Low,-
Accoount 2390,2,Lean High-Margin Accounts,0,Normal,-0.2325,-0.5294,1.0,2.0,0.0,3.0,2.0,0.0,2.0,0.0,1.0,2.0,2.0,2.0,None,None,None,None,None,None,None,None,-,Medium,Medium,-
Accoount 2391,1,High-Volume Competitive Accounts,0,Normal,-2.157,-1.6105,1.0,2.0,0.0,3.0,2.0,0.0,2.0,0.0,1.0,0.0,1.0,2.0,None,None,None,None,None,None,None,None,-,Low,Unknown,-
Accoount 2392,1,High-Volume Competitive Accounts,0,Normal,-2.157,-1.6105,1.0,2.0,0.0,3.0,2.0,0.0,2.0,0.0,1.0,0.0,1.0,2.0,None,None,None,None,None,None,None,None,-,Low,Unknown,-
Accoount 2393,1,High-Volume Competitive Accounts,0,Normal,-1.0296,-1.4496,1.0,2.0,0.0,3.0,2.0,0.0,2.0,0.0,1.0,0.0,3.0,2.0,None,None,None,None,None,None,None,None,-,Low,High,-
Accoount 2394,0,Standard / Low-Engagement Base,0,Normal,0.3313,-0.449,1.0,2.0,0.0,3.0,2.0,0.0,2.0,0.0,1.0,2.0,3.0,2.0,None,None,None,None,None,None,None,None,-,Medium,High,-
Accoount 2395,1,High-Volume Competitive Accounts,0,Normal,-1.564,-1.8823,1.0,2.0,0.0,3.0,2.0,0.0,2.0,0.0,1.0,0.0,2.0,0.0,None,None,None,None,None,None,None,None,-,Low,Medium,Low
Accoount 2396,2,Lean High-Margin Accounts,0,Normal,-0.2325,-0.5294,1.0,2.0,0.0,3.0,2.0,0.0,2.0,0.0,1.0,2.0,2.0,2.0,None,None,None,None,None,None,None,None,-,Medium,Medium,-
Accoount 2397,0,Standard / Low-Engagement Base,0,Normal,0.3606,-0.8012,1.0,2.0,0.0,3.0,2.0,0.0,2.0,0.0,1.0,2.0,3.0,0.0,None,None,None,None,None,None,None,None,-,Medium,High,Low
Accoount 2398,1,High-Volume Competitive Accounts,0,Normal,-2.1277,-1.9627,1.0,2.0,0.0,3.0,2.0,0.0,2.0,0.0,1.0,0.0,1.0,0.0,None,None,None,None,None,None,None,None,-,Low,Unknown,Low
Accoount 2399,0,Standard / Low-Engagement Base,0,Normal,0.3313,-0.449,1.0,2.0,0.0,3.0,2.0,0.0,2.0,0.0,1.0,2.0,3.0,2.0,None,None,None,None,None,None,None,None,-,Medium,High,-
Accoount 2400,1,High-Volume Competitive Accounts,0,Normal,-2.157,-1.6105,1.0,2.0,0.0,3.0,2.0,0.0,2.0,0.0,1.0,0.0,1.0,2.0,None,None,None,None,None,None,None,None,Yes,Low,Unknown,-
Accoount 2401,0,Standard / Low-Engagement Base,0,Normal,0.3313,-0.449,1.0,2.0,0.0,3.0,2.0,0.0,2.0,0.0,1.0,2.0,3.0,2.0,None,None,None,None,None,None,None,None,Yes,Medium,High,-
Accoount 2402,0,Standard / Low-Engagement Base,0,Normal,1.0117,0.0513,1.0,2.0,0.0,3.0,2.0,0.0,2.0,0.0,1.0,3.0,3.0,2.0,None,None,None,None,None,None,None,None,-,-,-,-
Accoount 2403,0,Standard / Low-Engagement Base,0,Normal,1.0117,0.0513,1.0,2.0,0.0,3.0,2.0,0.0,2.0,0.0,1.0,3.0,3.0,2.0,None,None,None,None,None,None,None,None,Yes,High,High,-
Accoount 2404,1,High-Volume Competitive Accounts,0,Normal,-2.1277,-1.9627,1.0,2.0,0.0,3.0,2.0,0.0,2.0,0.0,1.0,0.0,1.0,0.0,None,None,None,None,None,None,None,None,-,Low,Unknown,Low
Accoount 2405,0,Standard / Low-Engagement Base,0,Normal,1.0117,0.0513,1.0,2.0,0.0,3.0,2.0,0.0,2.0,0.0,1.0,3.0,3.0,2.0,None,None,None,None,None,None,None,None,-,-,-,-
Accoount 2406,0,Standard / Low-Engagement Base,0,Normal,1.0117,0.0513,1.0,2.0,0.0,3.0,2.0,0.0,2.0,0.0,1.0,3.0,3.0,2.0,Unknown,None,None,None,Medium,Low,Medium,None,Yes,High,High,-
Accoount 2407,0,Standard / Low-Engagement Base,0,Normal,1.0117,0.0513,1.0,2.0,0.0,3.0,2.0,0.0,2.0,0.0,1.0,3.0,3.0,2.0,None,None,None,None,None,None,None,None,Yes,High,High,-
Accoount 2408,0,Standard / Low-Engagement Base,0,Normal,1.0117,0.0513,1.0,2.0,0.0,3.0,2.0,0.0,2.0,0.0,1.0,3.0,3.0,2.0,None,None,None,None,None,None,None,None,Yes,High,High,-
Accoount 2409,1,High-Volume Competitive Accounts,0,Normal,-1.0296,-1.4496,1.0,2.0,0.0,3.0,2.0,0.0,2.0,0.0,1.0,0.0,3.0,2.0,None,None,None,None,None,None,None,None,-,Low,High,-
Accoount 2410,1,High-Volume Competitive Accounts,0,Normal,-2.157,-1.6105,1.0,2.0,0.0,3.0,2.0,0.0,2.0,0.0,1.0,0.0,1.0,2.0,None,None,None,None,None,None,None,None,-,Low,Unknown,-
Accoount 2411,0,Standard / Low-Engagement Base,0,Normal,1.0117,0.0513,1.0,2.0,0.0,3.0,2.0,0.0,2.0,0.0,1.0,3.0,3.0,2.0,None,None,None,None,None,None,None,None,Yes,High,High,-
Accoount 2412,0,Standard / Low-Engagement Base,0,Normal,1.0117,0.0513,1.0,2.0,0.0,3.0,2.0,0.0,2.0,0.0,1.0,3.0,3.0,2.0,None,None,None,None,None,None,None,None,-,-,-,-
Accoount 2413,0,Standard / Low-Engagement Base,0,Normal,1.0117,0.0513,1.0,2.0,0.0,3.0,2.0,0.0,2.0,0.0,1.0,3.0,3.0,2.0,None,None,None,None,None,None,None,None,-,-,-,-
Accoount 2414,0,Standard / Low-Engagement Base,0,Normal,1.0117,0.0513,1.0,2.0,0.0,3.0,2.0,0.0,2.0,0.0,1.0,3.0,3.0,2.0,None,None,None,None,None,None,None,None,Yes,High,High,-
Accoount 2415,0,Standard / Low-Engagement Base,0,Normal,1.0117,0.0513,1.0,2.0,0.0,3.0,2.0,0.0,2.0,0.0,1.0,3.0,3.0,2.0,None,None,None,None,None,None,None,None,Yes,High,High,-
Accoount 2416,0,Standard / Low-Engagement Base,0,Normal,1.0117,0.0513,1.0,2.0,0.0,3.0,2.0,0.0,2.0,0.0,1.0,3.0,3.0,2.0,None,None,None,None,None,None,None,None,-,-,-,-
Accoount 2417,0,Standard / Low-Engagement Base,0,Normal,1.0117,0.0513,1.0,2.0,0.0,3.0,2.0,0.0,2.0,0.0,1.0,3.0,3.0,2.0,None,None,None,None,None,None,None,None,-,-,-,-
Accoount 2418,1,High-Volume Competitive Accounts,0,Normal,-2.157,-1.6105,1.0,2.0,0.0,3.0,2.0,0.0,2.0,0.0,1.0,0.0,1.0,2.0,None,None,None,None,None,None,None,None,-,Low,Unknown,-
Accoount 2419,0,Standard / Low-Engagement Base,0,Normal,1.0117,0.0513,1.0,2.0,0.0,3.0,2.0,0.0,2.0,0.0,1.0,3.0,3.0,2.0,None,None,None,None,None,None,None,None,-,-,-,-
Accoount 2420,0,Standard / Low-Engagement Base,0,Normal,1.0117,0.0513,1.0,2.0,0.0,3.0,2.0,0.0,2.0,0.0,1.0,3.0,3.0,2.0,None,None,None,None,None,None,None,None,Yes,High,High,-
Accoount 2421,0,Standard / Low-Engagement Base,0,Normal,1.0117,0.0513,1.0,2.0,0.0,3.0,2.0,0.0,2.0,0.0,1.0,3.0,3.0,2.0,None,None,None,None,None,None,None,None,-,-,-,-
Accoount 2422,0,Standard / Low-Engagement Base,0,Normal,1.0117,0.0513,1.0,2.0,0.0,3.0,2.0,0.0,2.0,0.0,1.0,3.0,3.0,2.0,None,None,None,None,None,None,None,None,Yes,High,High,-
Accoount 2423,0,Standard / Low-Engagement Base,0,Normal,1.0117,0.0513,1.0,2.0,0.0,3.0,2.0,0.0,2.0,0.0,1.0,3.0,3.0,2.0,None,None,None,None,None,None,None,None,Yes,High,High,-
Accoount 2424,0,Standard / Low-Engagement Base,0,Normal,1.0117,0.0513,1.0,2.0,0.0,3.0,2.0,0.0,2.0,0.0,1.0,3.0,3.0,2.0,None,None,None,None,None,None,None,None,-,-,-,-
Accoount 2425,0,Standard / Low-Engagement Base,0,Normal,1.0117,0.0513,1.0,2.0,0.0,3.0,2.0,0.0,2.0,0.0,1.0,3.0,3.0,2.0,None,None,None,None,None,None,None,None,-,-,-,-
Accoount 2426,0,Standard / Low-Engagement Base,0,Normal,1.0117,0.0513,1.0,2.0,0.0,3.0,2.0,0.0,2.0,0.0,1.0,3.0,3.0,2.0,None,None,None,None,None,None,None,None,Yes,High,High,-
Accoount 2427,1,High-Volume Competitive Accounts,0,Normal,-2.7207,-1.6909,1.0,2.0,0.0,3.0,2.0,0.0,2.0,0.0,1.0,0.0,0.0,2.0,None,None,None,None,None,None,None,None,-,Low,Low,-
Accoount 2428,1,High-Volume Competitive Accounts,0,Normal,-2.157,-1.6105,1.0,2.0,0.0,3.0,2.0,0.0,2.0,0.0,1.0,0.0,1.0,2.0,None,None,None,None,None,None,None,None,Yes,Low,Unknown,-
Accoount 2429,1,High-Volume Competitive Accounts,0,Normal,-2.157,-1.6105,1.0,2.0,0.0,3.0,2.0,0.0,2.0,0.0,1.0,0.0,1.0,2.0,None,None,None,None,None,None,None,None,-,Low,Unknown,-
Accoount 2430,1,High-Volume Competitive Accounts,0,Normal,-2.1277,-1.9627,1.0,2.0,0.0,3.0,2.0,0.0,2.0,0.0,1.0,0.0,1.0,0.0,None,None,None,None,None,None,None,None,-,Low,Unknown,Low
Accoount 2431,0,Standard / Low-Engagement Base,0,Normal,0.3606,-0.8012,1.0,2.0,0.0,3.0,2.0,0.0,2.0,0.0,1.0,2.0,3.0,0.0,None,None,None,None,None,None,None,None,-,Medium,High,Low
Accoount 2432,1,High-Volume Competitive Accounts,0,Normal,-1.0003,-1.8018,1.0,2.0,0.0,3.0,2.0,0.0,2.0,0.0,1.0,0.0,3.0,0.0,None,None,None,None,None,None,None,None,-,Low,High,Low
Accoount 2433,2,Lean High-Margin Accounts,0,Normal,-0.2032,-0.8816,1.0,2.0,0.0,3.0,2.0,0.0,2.0,0.0,1.0,2.0,2.0,0.0,None,None,None,None,None,None,None,None,-,Medium,Medium,Low
Accoount 2434,2,Lean High-Margin Accounts,0,Normal,-0.2032,-0.8816,1.0,2.0,0.0,3.0,2.0,0.0,2.0,0.0,1.0,2.0,2.0,0.0,None,None,None,None,None,None,None,None,-,Medium,Medium,Low
Accoount 2435,2,Lean High-Margin Accounts,0,Normal,-0.2325,-0.5294,1.0,2.0,0.0,3.0,2.0,0.0,2.0,0.0,1.0,2.0,2.0,2.0,None,None,None,None,None,None,None,None,-,Medium,Medium,-
Accoount 2436,2,Lean High-Margin Accounts,0,Normal,-0.7669,-0.9621,1.0,2.0,0.0,3.0,2.0,0.0,2.0,0.0,1.0,2.0,1.0,0.0,None,None,None,None,None,None,None,None,-,Medium,Unknown,Low
Accoount 2437,0,Standard / Low-Engagement Base,0,Normal,1.0117,0.0513,1.0,2.0,0.0,3.0,2.0,0.0,2.0,0.0,1.0,3.0,3.0,2.0,None,None,None,None,None,None,None,None,-,-,-,-
Accoount 2438,0,Standard / Low-Engagement Base,0,Normal,0.3313,-0.449,1.0,2.0,0.0,3.0,2.0,0.0,2.0,0.0,1.0,2.0,3.0,2.0,None,None,None,None,None,None,None,None,-,Medium,High,-
Accoount 2439,0,Standard / Low-Engagement Base,0,Normal,1.0117,0.0513,1.0,2.0,0.0,3.0,2.0,0.0,2.0,0.0,1.0,3.0,3.0,2.0,None,None,None,None,None,None,None,None,Yes,High,High,-
Accoount 2440,1,High-Volume Competitive Accounts,0,Normal,-2.157,-1.6105,1.0,2.0,0.0,3.0,2.0,0.0,2.0,0.0,1.0,0.0,1.0,2.0,None,None,None,None,None,None,None,None,-,Low,Unknown,-
Accoount 2441,2,Lean High-Margin Accounts,0,Normal,0.448,-0.0291,1.0,2.0,0.0,3.0,2.0,0.0,2.0,0.0,1.0,3.0,2.0,2.0,None,None,None,None,None,None,None,None,Yes,High,Medium,-
Accoount 2442,2,Lean High-Margin Accounts,0,Normal,0.448,-0.0291,1.0,2.0,0.0,3.0,2.0,0.0,2.0,0.0,1.0,3.0,2.0,2.0,None,None,None,None,None,None,None,None,-,High,Medium,-
Accoount 2443,1,High-Volume Competitive Accounts,0,Normal,-2.157,-1.6105,1.0,2.0,0.0,3.0,2.0,0.0,2.0,0.0,1.0,0.0,1.0,2.0,None,None,None,None,Medium,Low,Medium,None,-,Low,Unknown,-
Accoount 2444,2,Lean High-Margin Accounts,0,Normal,-0.2325,-0.5294,1.0,2.0,0.0,3.0,2.0,0.0,2.0,0.0,1.0,2.0,2.0,2.0,None,None,None,None,Medium,Low,Medium,None,-,Medium,Medium,-
Accoount 2445,0,Standard / Low-Engagement Base,0,Normal,1.0117,0.0513,1.0,2.0,0.0,3.0,2.0,0.0,2.0,0.0,1.0,3.0,3.0,2.0,None,None,None,None,None,None,None,None,-,-,-,-
Accoount 2446,2,Lean High-Margin Accounts,0,Normal,-0.7962,-0.6099,1.0,2.0,0.0,3.0,2.0,0.0,2.0,0.0,1.0,2.0,1.0,2.0,None,None,None,None,None,None,None,None,-,Medium,Unknown,-
Accoount 2447,0,Standard / Low-Engagement Base,0,Normal,1.0117,0.0513,1.0,2.0,0.0,3.0,2.0,0.0,2.0,0.0,1.0,3.0,3.0,2.0,None,None,None,None,None,None,None,None,-,-,-,-
Accoount 2448,0,Standard / Low-Engagement Base,0,Normal,1.0117,0.0513,1.0,2.0,0.0,3.0,2.0,0.0,2.0,0.0,1.0,3.0,3.0,2.0,None,None,None,None,None,None,None,None,Yes,High,High,-
Accoount 2449,1,High-Volume Competitive Accounts,0,Normal,-2.157,-1.6105,1.0,2.0,0.0,3.0,2.0,0.0,2.0,0.0,1.0,0.0,1.0,2.0,None,None,None,None,None,None,None,None,-,Low,Unknown,-
Accoount 2450,0,Standard / Low-Engagement Base,0,Normal,1.0117,0.0513,1.0,2.0,0.0,3.0,2.0,0.0,2.0,0.0,1.0,3.0,3.0,2.0,None,None,None,None,None,None,None,None,Yes,High,High,-
Accoount 2451,0,Standard / Low-Engagement Base,0,Normal,1.0117,0.0513,1.0,2.0,0.0,3.0,2.0,0.0,2.0,0.0,1.0,3.0,3.0,2.0,None,None,None,None,None,None,None,None,Yes,High,High,-
Accoount 2452,0,Standard / Low-Engagement Base,0,Normal,1.0117,0.0513,1.0,2.0,0.0,3.0,2.0,0.0,2.0,0.0,1.0,3.0,3.0,2.0,None,None,None,None,None,None,None,None,-,-,-,-
Accoount 2453,0,Standard / Low-Engagement Base,0,Normal,1.0117,0.0513,1.0,2.0,0.0,3.0,2.0,0.0,2.0,0.0,1.0,3.0,3.0,2.0,None,None,None,None,None,None,None,None,-,-,-,-
Accoount 2454,2,Lean High-Margin Accounts,0,Normal,-0.7962,-0.6099,1.0,2.0,0.0,3.0,2.0,0.0,2.0,0.0,1.0,2.0,1.0,2.0,None,None,None,None,None,None,None,None,-,Medium,Unknown,-
Accoount 2455,0,Standard / Low-Engagement Base,0,Normal,1.0117,0.0513,1.0,2.0,0.0,3.0,2.0,0.0,2.0,0.0,1.0,3.0,3.0,2.0,None,None,None,None,None,None,None,None,-,-,-,-
Accoount 2456,2,Lean High-Margin Accounts,0,Normal,0.448,-0.0291,1.0,2.0,0.0,3.0,2.0,0.0,2.0,0.0,1.0,3.0,2.0,2.0,None,None,None,None,None,None,None,None,-,High,Medium,-
Accoount 2457,2,Lean High-Margin Accounts,0,Normal,-0.2325,-0.5294,1.0,2.0,0.0,3.0,2.0,0.0,2.0,0.0,1.0,2.0,2.0,2.0,None,None,None,None,None,None,None,None,Yes,Medium,Medium,-
Accoount 2458,0,Standard / Low-Engagement Base,0,Normal,1.0117,0.0513,1.0,2.0,0.0,3.0,2.0,0.0,2.0,0.0,1.0,3.0,3.0,2.0,None,None,None,None,None,None,None,None,-,-,-,-
Accoount 2459,0,Standard / Low-Engagement Base,0,Normal,1.0117,0.0513,1.0,2.0,0.0,3.0,2.0,0.0,2.0,0.0,1.0,3.0,3.0,2.0,None,None,None,None,None,None,None,None,Yes,High,High,-
Accoount 2460,0,Standard / Low-Engagement Base,0,Normal,1.0117,0.0513,1.0,2.0,0.0,3.0,2.0,0.0,2.0,0.0,1.0,3.0,3.0,2.0,None,None,None,None,None,None,None,None,-,-,-,-
Accoount 2461,2,Lean High-Margin Accounts,0,Normal,-0.2325,-0.5294,1.0,2.0,0.0,3.0,2.0,0.0,2.0,0.0,1.0,2.0,2.0,2.0,None,None,None,None,None,None,None,None,-,Medium,Medium,-
Accoount 2462,0,Standard / Low-Engagement Base,0,Normal,0.3606,-0.8012,1.0,2.0,0.0,3.0,2.0,0.0,2.0,0.0,1.0,2.0,3.0,0.0,None,None,None,None,None,None,None,None,-,Medium,High,Low
Accoount 2463,1,High-Volume Competitive Accounts,0,Normal,-1.5933,-1.5301,1.0,2.0,0.0,3.0,2.0,0.0,2.0,0.0,1.0,0.0,2.0,2.0,None,None,None,None,None,None,None,None,-,Low,Medium,-
Accoount 2464,0,Standard / Low-Engagement Base,0,Normal,0.3313,-0.449,1.0,2.0,0.0,3.0,2.0,0.0,2.0,0.0,1.0,2.0,3.0,2.0,None,None,None,None,None,None,None,None,-,Medium,High,-
Accoount 2465,0,Standard / Low-Engagement Base,0,Normal,1.0117,0.0513,1.0,2.0,0.0,3.0,2.0,0.0,2.0,0.0,1.0,3.0,3.0,2.0,None,None,None,None,None,None,None,None,-,High,High,-
Accoount 2466,1,High-Volume Competitive Accounts,0,Normal,-1.0003,-1.8018,1.0,2.0,0.0,3.0,2.0,0.0,2.0,0.0,1.0,0.0,3.0,0.0,None,None,None,None,None,None,None,None,-,Low,High,Low
Accoount 2467,2,Lean High-Margin Accounts,0,Normal,-0.2325,-0.5294,1.0,2.0,0.0,3.0,2.0,0.0,2.0,0.0,1.0,2.0,2.0,2.0,None,None,None,None,None,None,None,None,Yes,Medium,Medium,-
Accoount 2468,1,High-Volume Competitive Accounts,0,Normal,-1.5933,-1.5301,1.0,2.0,0.0,3.0,2.0,0.0,2.0,0.0,1.0,0.0,2.0,2.0,None,None,None,None,None,None,None,None,-,Low,Medium,-
Accoount 2469,0,Standard / Low-Engagement Base,0,Normal,0.3313,-0.449,1.0,2.0,0.0,3.0,2.0,0.0,2.0,0.0,1.0,2.0,3.0,2.0,None,None,None,None,None,None,None,None,-,Medium,High,-
Accoount 2470,1,High-Volume Competitive Accounts,0,Normal,-2.157,-1.6105,1.0,2.0,0.0,3.0,2.0,0.0,2.0,0.0,1.0,0.0,1.0,2.0,None,None,None,None,None,None,None,None,-,Low,Unknown,-
Accoount 2471,0,Standard / Low-Engagement Base,0,Normal,0.3606,-0.8012,1.0,2.0,0.0,3.0,2.0,0.0,2.0,0.0,1.0,2.0,3.0,0.0,None,None,None,None,None,None,None,None,-,Medium,High,Low
Accoount 2472,2,Lean High-Margin Accounts,0,Normal,-0.7669,-0.9621,1.0,2.0,0.0,3.0,2.0,0.0,2.0,0.0,1.0,2.0,1.0,0.0,None,None,None,None,None,None,None,None,-,Medium,Unknown,Low
Accoount 2473,1,High-Volume Competitive Accounts,0,Normal,-2.157,-1.6105,1.0,2.0,0.0,3.0,2.0,0.0,2.0,0.0,1.0,0.0,1.0,2.0,None,None,None,None,None,None,None,None,Yes,Low,Unknown,-
Accoount 2474,2,Lean High-Margin Accounts,0,Normal,-0.6502,-0.5422,1.0,2.0,0.0,3.0,2.0,0.0,2.0,0.0,1.0,3.0,0.0,0.0,None,None,None,None,None,None,None,None,Yes,High,Low,Low
Accoount 2475,0,Standard / Low-Engagement Base,0,Normal,1.0117,0.0513,1.0,2.0,0.0,3.0,2.0,0.0,2.0,0.0,1.0,3.0,3.0,2.0,Unknown,None,None,None,None,None,None,None,Yes,High,High,-
Accoount 2476,0,Standard / Low-Engagement Base,0,Normal,1.0117,0.0513,1.0,2.0,0.0,3.0,2.0,0.0,2.0,0.0,1.0,3.0,3.0,2.0,None,None,None,None,None,None,None,None,Yes,High,High,-
Accoount 2477,2,Lean High-Margin Accounts,0,Normal,-0.7962,-0.6099,1.0,2.0,0.0,3.0,2.0,0.0,2.0,0.0,1.0,2.0,1.0,2.0,None,None,None,None,None,None,None,None,-,Medium,Unknown,-
Accoount 2478,1,High-Volume Competitive Accounts,0,Normal,-2.157,-1.6105,1.0,2.0,0.0,3.0,2.0,0.0,2.0,0.0,1.0,0.0,1.0,2.0,None,None,None,None,None,None,None,None,Yes,Low,Unknown,-
Accoount 2479,0,Standard / Low-Engagement Base,0,Normal,0.3606,-0.8012,1.0,2.0,0.0,3.0,2.0,0.0,2.0,0.0,1.0,2.0,3.0,0.0,None,None,None,None,None,None,None,None,-,Medium,High,Low
Accoount 2480,2,Lean High-Margin Accounts,0,Normal,-0.2325,-0.5294,1.0,2.0,0.0,3.0,2.0,0.0,2.0,0.0,1.0,2.0,2.0,2.0,None,None,None,None,None,None,None,None,-,Medium,Medium,-
Accoount 2481,1,High-Volume Competitive Accounts,0,Normal,-2.157,-1.6105,1.0,2.0,0.0,3.0,2.0,0.0,2.0,0.0,1.0,0.0,1.0,2.0,None,None,None,None,None,None,None,None,-,Low,Unknown,-
Accoount 2482,0,Standard / Low-Engagement Base,0,Normal,1.0117,0.0513,1.0,2.0,0.0,3.0,2.0,0.0,2.0,0.0,1.0,3.0,3.0,2.0,None,None,None,None,None,None,None,None,Yes,High,High,-
Accoount 2483,0,Standard / Low-Engagement Base,0,Normal,0.3606,-0.8012,1.0,2.0,0.0,3.0,2.0,0.0,2.0,0.0,1.0,2.0,3.0,0.0,None,None,None,None,None,None,None,None,-,Medium,High,Low
Accoount 2484,2,Lean High-Margin Accounts,0,Normal,-0.2325,-0.5294,1.0,2.0,0.0,3.0,2.0,0.0,2.0,0.0,1.0,2.0,2.0,2.0,None,None,None,None,None,None,None,None,Yes,Medium,Medium,-
Accoount 2485,2,Lean High-Margin Accounts,0,Normal,-0.2032,-0.8816,1.0,2.0,0.0,3.0,2.0,0.0,2.0,0.0,1.0,2.0,2.0,0.0,None,None,None,None,None,None,None,None,-,Medium,Medium,Low
Accoount 2486,0,Standard / Low-Engagement Base,0,Normal,0.3313,-0.449,1.0,2.0,0.0,3.0,2.0,0.0,2.0,0.0,1.0,2.0,3.0,2.0,None,None,None,None,None,None,None,None,-,Medium,High,-
Accoount 2487,0,Standard / Low-Engagement Base,0,Normal,0.3313,-0.449,1.0,2.0,0.0,3.0,2.0,0.0,2.0,0.0,1.0,2.0,3.0,2.0,None,None,None,None,None,None,None,None,-,Medium,High,-
Accoount 2488,0,Standard / Low-Engagement Base,0,Normal,1.0117,0.0513,1.0,2.0,0.0,3.0,2.0,0.0,2.0,0.0,1.0,3.0,3.0,2.0,None,None,None,None,None,None,None,None,-,-,-,-
Accoount 2489,1,High-Volume Competitive Accounts,0,Normal,-1.5933,-1.5301,1.0,2.0,0.0,3.0,2.0,0.0,2.0,0.0,1.0,0.0,2.0,2.0,None,None,None,None,None,None,None,None,-,Low,Medium,-
Accoount 2490,0,Standard / Low-Engagement Base,0,Normal,1.0117,0.0513,1.0,2.0,0.0,3.0,2.0,0.0,2.0,0.0,1.0,3.0,3.0,2.0,None,None,None,None,None,None,None,None,Yes,High,High,-
Accoount 2491,0,Standard / Low-Engagement Base,0,Normal,1.0117,0.0513,1.0,2.0,0.0,3.0,2.0,0.0,2.0,0.0,1.0,3.0,3.0,2.0,None,None,None,None,None,None,None,None,-,-,-,-
Accoount 2492,0,Standard / Low-Engagement Base,0,Normal,1.0117,0.0513,1.0,2.0,0.0,3.0,2.0,0.0,2.0,0.0,1.0,3.0,3.0,2.0,None,None,None,None,None,None,None,None,Yes,High,High,-
Accoount 2493,0,Standard / Low-Engagement Base,0,Normal,0.3313,-0.449,1.0,2.0,0.0,3.0,2.0,0.0,2.0,0.0,1.0,2.0,3.0,2.0,None,None,None,None,None,None,None,None,Yes,Medium,High,-
Accoount 2494,0,Standard / Low-Engagement Base,0,Normal,1.0117,0.0513,1.0,2.0,0.0,3.0,2.0,0.0,2.0,0.0,1.0,3.0,3.0,2.0,None,None,None,None,None,None,None,None,-,High,High,-
Accoount 2495,0,Standard / Low-Engagement Base,0,Normal,1.0117,0.0513,1.0,2.0,0.0,3.0,2.0,0.0,2.0,0.0,1.0,3.0,3.0,2.0,Unknown,None,None,None,Medium,Low,Medium,None,Yes,High,High,-
Accoount 2496,0,Standard / Low-Engagement Base,0,Normal,1.0117,0.0513,1.0,2.0,0.0,3.0,2.0,0.0,2.0,0.0,1.0,3.0,3.0,2.0,None,None,None,None,None,None,None,None,Yes,High,High,-
Accoount 2497,2,Lean High-Margin Accounts,0,Normal,-0.2325,-0.5294,1.0,2.0,0.0,3.0,2.0,0.0,2.0,0.0,1.0,2.0,2.0,2.0,None,None,None,None,None,None,None,None,-,Medium,Medium,-
Accoount 2498,0,Standard / Low-Engagement Base,0,Normal,1.0117,0.0513,1.0,2.0,0.0,3.0,2.0,0.0,2.0,0.0,1.0,3.0,3.0,2.0,None,None,None,None,None,None,None,None,-,-,-,-
Accoount 2499,0,Standard / Low-Engagement Base,0,Normal,1.0117,0.0513,1.0,2.0,0.0,3.0,2.0,0.0,2.0,0.0,1.0,3.0,3.0,2.0,None,None,None,None,None,None,None,None,Yes,High,High,-
Accoount 2500,0,Standard / Low-Engagement Base,0,Normal,1.0117,0.0513,1.0,2.0,0.0,3.0,2.0,0.0,2.0,0.0,1.0,3.0,3.0,2.0,None,None,None,None,None,None,None,None,-,-,-,-
Accoount 2501,0,Standard / Low-Engagement Base,0,Normal,1.0117,0.0513,1.0,2.0,0.0,3.0,2.0,0.0,2.0,0.0,1.0,3.0,3.0,2.0,None,None,None,None,None,None,None,None,Yes,High,High,-
Accoount 2502,0,Standard / Low-Engagement Base,0,Normal,1.0117,0.0513,1.0,2.0,0.0,3.0,2.0,0.0,2.0,0.0,1.0,3.0,3.0,2.0,None,None,None,None,None,None,None,None,Yes,High,High,-
Accoount 2503,0,Standard / Low-Engagement Base,0,Normal,0.3313,-0.449,1.0,2.0,0.0,3.0,2.0,0.0,2.0,0.0,1.0,2.0,3.0,2.0,None,None,None,None,None,None,None,None,-,Medium,High,-
Accoount 2504,0,Standard / Low-Engagement Base,0,Normal,0.3313,-0.449,1.0,2.0,0.0,3.0,2.0,0.0,2.0,0.0,1.0,2.0,3.0,2.0,None,None,None,None,None,None,None,None,-,Medium,High,-
Accoount 2505,1,High-Volume Competitive Accounts,0,Normal,-1.0296,-1.4496,1.0,2.0,0.0,3.0,2.0,0.0,2.0,0.0,1.0,0.0,3.0,2.0,None,None,None,None,None,None,None,None,-,Low,High,-
Accoount 2506,1,High-Volume Competitive Accounts,0,Normal,-2.157,-1.6105,1.0,2.0,0.0,3.0,2.0,0.0,2.0,0.0,1.0,0.0,1.0,2.0,None,None,None,None,None,None,None,None,-,Low,Unknown,-
Accoount 2507,2,Lean High-Margin Accounts,0,Normal,0.448,-0.0291,1.0,2.0,0.0,3.0,2.0,0.0,2.0,0.0,1.0,3.0,2.0,2.0,None,None,None,None,None,None,None,None,-,High,Medium,-
Accoount 2508,2,Lean High-Margin Accounts,0,Normal,0.448,-0.0291,1.0,2.0,0.0,3.0,2.0,0.0,2.0,0.0,1.0,3.0,2.0,2.0,None,None,None,None,None,None,None,None,-,High,Medium,-
Accoount 2509,0,Standard / Low-Engagement Base,0,Normal,1.0117,0.0513,1.0,2.0,0.0,3.0,2.0,0.0,2.0,0.0,1.0,3.0,3.0,2.0,None,None,None,None,None,None,None,None,Yes,High,High,-
Accoount 2510,2,Lean High-Margin Accounts,0,Normal,0.448,-0.0291,1.0,2.0,0.0,3.0,2.0,0.0,2.0,0.0,1.0,3.0,2.0,2.0,Unknown,None,None,None,None,None,None,None,Yes,High,Medium,-
Accoount 2511,0,Standard / Low-Engagement Base,0,Normal,1.0117,0.0513,1.0,2.0,0.0,3.0,2.0,0.0,2.0,0.0,1.0,3.0,3.0,2.0,None,None,None,None,None,None,None,None,Yes,High,High,-
Accoount 2512,1,High-Volume Competitive Accounts,0,Normal,-2.7207,-1.6909,1.0,2.0,0.0,3.0,2.0,0.0,2.0,0.0,1.0,0.0,0.0,2.0,None,None,None,None,None,None,None,None,-,Low,Low,-
Accoount 2513,1,High-Volume Competitive Accounts,0,Normal,-1.0296,-1.4496,1.0,2.0,0.0,3.0,2.0,0.0,2.0,0.0,1.0,0.0,3.0,2.0,None,None,None,None,None,None,None,None,-,Low,High,-
Accoount 2514,0,Standard / Low-Engagement Base,0,Normal,1.0117,0.0513,1.0,2.0,0.0,3.0,2.0,0.0,2.0,0.0,1.0,3.0,3.0,2.0,None,None,None,None,None,None,None,None,Yes,High,High,-
Accoount 2515,0,Standard / Low-Engagement Base,0,Normal,1.0117,0.0513,1.0,2.0,0.0,3.0,2.0,0.0,2.0,0.0,1.0,3.0,3.0,2.0,Unknown,None,None,None,Medium,Low,Medium,None,Yes,High,High,-
Accoount 2516,0,Standard / Low-Engagement Base,0,Normal,1.0117,0.0513,1.0,2.0,0.0,3.0,2.0,0.0,2.0,0.0,1.0,3.0,3.0,2.0,None,None,None,None,None,None,None,None,Yes,High,High,-
Accoount 2517,0,Standard / Low-Engagement Base,0,Normal,0.3606,-0.8012,1.0,2.0,0.0,3.0,2.0,0.0,2.0,0.0,1.0,2.0,3.0,0.0,None,None,None,None,None,None,None,None,-,Medium,High,Low
Accoount 2518,2,Lean High-Margin Accounts,0,Normal,-0.6795,-0.19,1.0,2.0,0.0,3.0,2.0,0.0,2.0,0.0,1.0,3.0,0.0,2.0,None,None,None,None,None,None,None,None,Yes,High,Low,-
Accoount 2519,0,Standard / Low-Engagement Base,0,Normal,1.0117,0.0513,1.0,2.0,0.0,3.0,2.0,0.0,2.0,0.0,1.0,3.0,3.0,2.0,None,None,None,None,None,None,None,None,Yes,High,High,-
Accoount 2520,0,Standard / Low-Engagement Base,0,Normal,1.0117,0.0513,1.0,2.0,0.0,3.0,2.0,0.0,2.0,0.0,1.0,3.0,3.0,2.0,None,None,None,None,None,None,None,None,Yes,High,High,-
Accoount 2521,1,High-Volume Competitive Accounts,0,Normal,-1.0296,-1.4496,1.0,2.0,0.0,3.0,2.0,0.0,2.0,0.0,1.0,0.0,3.0,2.0,None,None,None,None,None,None,None,None,Yes,Low,High,-
Accoount 2522,1,High-Volume Competitive Accounts,0,Normal,-2.1277,-1.9627,1.0,2.0,0.0,3.0,2.0,0.0,2.0,0.0,1.0,0.0,1.0,0.0,None,None,None,None,None,None,None,None,-,Low,Unknown,Low
Accoount 2523,1,High-Volume Competitive Accounts,0,Normal,-2.157,-1.6105,1.0,2.0,0.0,3.0,2.0,0.0,2.0,0.0,1.0,0.0,1.0,2.0,None,None,None,None,None,None,None,None,-,Low,Unknown,-
Accoount 2524,1,High-Volume Competitive Accounts,0,Normal,-2.157,-1.6105,1.0,2.0,0.0,3.0,2.0,0.0,2.0,0.0,1.0,0.0,1.0,2.0,None,None,None,None,None,None,None,None,-,Low,Unknown,-
Accoount 2525,1,High-Volume Competitive Accounts,0,Normal,-2.157,-1.6105,1.0,2.0,0.0,3.0,2.0,0.0,2.0,0.0,1.0,0.0,1.0,2.0,None,None,None,None,None,None,None,None,-,Low,Unknown,-
Accoount 2526,0,Standard / Low-Engagement Base,0,Normal,1.041,-0.3009,1.0,2.0,0.0,3.0,2.0,0.0,2.0,0.0,1.0,3.0,3.0,0.0,None,None,None,None,None,None,None,None,Yes,High,High,Low
Accoount 2527,0,Standard / Low-Engagement Base,0,Normal,1.0117,0.0513,1.0,2.0,0.0,3.0,2.0,0.0,2.0,0.0,1.0,3.0,3.0,2.0,None,None,None,None,None,None,None,None,Yes,High,High,-
Accoount 2528,2,Lean High-Margin Accounts,0,Normal,-0.6795,-0.19,1.0,2.0,0.0,3.0,2.0,0.0,2.0,0.0,1.0,3.0,0.0,2.0,None,None,None,None,None,None,None,None,Yes,High,Low,-
Accoount 2529,3,High-Growth Potential Early Adopters,0,Normal,-0.3277,1.45,1.0,2.0,0.0,3.0,3.0,2.0,3.0,0.0,1.0,3.0,2.0,2.0,Unknown,None,None,None,High,Medium,High,None,-,High,Medium,-
Accoount 2530,1,High-Volume Competitive Accounts,0,Normal,-2.9326,-0.1314,1.0,2.0,0.0,3.0,3.0,2.0,3.0,0.0,1.0,0.0,1.0,2.0,Unknown,None,None,None,High,Medium,High,None,-,Low,Unknown,-
Accoount 2531,1,High-Volume Competitive Accounts,0,Normal,-1.781,-2.5317,1.0,2.0,0.0,3.0,3.0,0.0,0.0,0.0,1.0,0.0,1.0,2.0,None,None,None,None,High,Low,Low,None,-,Low,Unknown,-
Accoount 2532,3,High-Growth Potential Early Adopters,0,Normal,-1.3025,1.206,3.0,2.0,0.0,3.0,3.0,2.0,3.0,0.0,1.0,2.0,2.0,2.0,Highly Seasonal,Trend Follower,Low,High,High,Medium,High,Minimal Change,-,Medium,Medium,Medium
Accoount 2533,1,High-Volume Competitive Accounts,0,Normal,-1.6715,-1.3704,1.0,2.0,0.0,3.0,0.0,0.0,2.0,0.0,1.0,0.0,2.0,2.0,None,None,None,None,Low,Low,Medium,None,-,Low,Medium,-
Accoount 2534,0,Standard / Low-Engagement Base,0,Normal,0.1841,-0.3208,2.0,2.0,0.0,3.0,2.0,0.0,2.0,0.0,1.0,2.0,3.0,2.0,Potentially Seasonal,Trend Follower,Low,High,Medium,Low,Medium,Minimal Change,-,Medium,High,Medium
Accoount 2535,1,High-Volume Competitive Accounts,1,Outlier,-3.1731,0.242,1.0,2.0,0.0,3.0,0.0,2.0,3.0,3.0,1.0,0.0,1.0,2.0,Unknown,None,Low,High,Low,Medium,High,Concerning,-,Low,Unknown,-
Accoount 2536,3,High-Growth Potential Early Adopters,0,Normal,-2.6414,3.5814,2.0,3.0,2.0,3.0,2.0,3.0,4.0,0.0,1.0,3.0,0.0,3.0,Potentially Seasonal,Early Adopter,Medium,High,Medium,High,Very High,Minimal Change,Yes,High,Low,High
Accoount 2537,0,Standard / Low-Engagement Base,0,Normal,0.3313,-0.449,1.0,2.0,0.0,3.0,2.0,0.0,2.0,0.0,1.0,2.0,3.0,2.0,None,None,None,None,None,None,None,None,Yes,Medium,High,-
Accoount 2538,0,Standard / Low-Engagement Base,0,Normal,1.0117,0.0513,1.0,2.0,0.0,3.0,2.0,0.0,2.0,0.0,1.0,3.0,3.0,2.0,None,None,None,None,None,None,None,None,-,-,-,-
Accoount 2539,1,High-Volume Competitive Accounts,0,Normal,-2.157,-1.6105,1.0,2.0,0.0,3.0,2.0,0.0,2.0,0.0,1.0,0.0,1.0,2.0,None,None,None,None,None,None,None,None,-,Low,Unknown,-
Accoount 2540,2,Lean High-Margin Accounts,0,Normal,-0.2325,-0.5294,1.0,2.0,0.0,3.0,2.0,0.0,2.0,0.0,1.0,2.0,2.0,2.0,Unknown,None,None,None,None,None,None,None,-,Medium,Medium,-
Accoount 2541,3,High-Growth Potential Early Adopters,0,Normal,-4.007,1.5488,3.0,3.0,3.0,3.0,2.0,2.0,3.0,0.0,1.0,0.0,1.0,2.0,Highly Seasonal,Early Adopter,High,High,Medium,Medium,High,Minimal Change,Yes,Low,Unknown,Medium
Accoount 2542,1,High-Volume Competitive Accounts,0,Normal,-2.9718,-0.0516,1.0,2.0,0.0,3.0,2.0,2.0,3.0,0.0,1.0,0.0,1.0,2.0,Unknown,None,None,None,Medium,Medium,High,None,-,Low,Unknown,-
Accoount 2543,3,High-Growth Potential Early Adopters,0,Normal,-3.4268,0.7198,1.0,2.0,2.0,3.0,3.0,2.0,3.0,0.0,1.0,0.0,1.0,2.0,Unknown,None,Medium,High,High,Medium,High,Minimal Change,-,Low,Unknown,Medium
Accoount 2544,3,High-Growth Potential Early Adopters,1,Outlier,-0.4705,2.6448,1.0,2.0,0.0,0.0,2.0,3.0,4.0,3.0,1.0,3.0,3.0,2.0,Unknown,None,Low,Low,Medium,High,Very High,Concerning,Yes,High,High,-
Accoount 2545,3,High-Growth Potential Early Adopters,0,Normal,-0.15,2.3333,0.0,2.0,2.0,3.0,2.0,2.0,3.0,0.0,1.0,3.0,3.0,2.0,Non Seasonal,Trend Follower,Medium,High,Medium,Medium,High,Minimal Change,Yes,High,High,Medium
Accoount 2546,3,High-Growth Potential Early Adopters,0,Normal,-0.514,1.658,2.0,2.0,0.0,3.0,2.0,2.0,3.0,0.0,1.0,3.0,2.0,2.0,Potentially Seasonal,None,Low,High,Medium,Medium,High,Minimal Change,-,High,Medium,Medium
Accoount 2547,0,Standard / Low-Engagement Base,0,Normal,1.2405,-0.7417,2.0,2.0,0.0,3.0,3.0,0.0,0.0,0.0,1.0,3.0,3.0,2.0,Potentially Seasonal,None,Low,High,High,Low,Low,Minimal Change,Yes,High,High,Medium
Accoount 2548,0,Standard / Low-Engagement Base,0,Normal,1.0117,0.0513,1.0,2.0,0.0,3.0,2.0,0.0,2.0,0.0,1.0,3.0,3.0,2.0,None,None,None,None,None,None,None,None,-,-,-,-
Accoount 2549,0,Standard / Low-Engagement Base,0,Normal,0.1841,-0.3208,2.0,2.0,0.0,3.0,2.0,0.0,2.0,0.0,1.0,2.0,3.0,2.0,Potentially Seasonal,None,None,None,None,None,None,Minimal Change,-,Medium,High,-
Accoount 2550,0,Standard / Low-Engagement Base,0,Normal,1.0117,0.0513,1.0,2.0,0.0,3.0,2.0,0.0,2.0,0.0,1.0,3.0,3.0,2.0,Unknown,None,Low,High,None,None,None,None,Yes,High,High,-
Accoount 2551,0,Standard / Low-Engagement Base,0,Normal,1.0117,0.0513,1.0,2.0,0.0,3.0,2.0,0.0,2.0,0.0,1.0,3.0,3.0,2.0,None,None,None,None,None,None,None,None,Yes,High,High,-
Accoount 2552,0,Standard / Low-Engagement Base,0,Normal,0.3313,-0.449,1.0,2.0,0.0,3.0,2.0,0.0,2.0,0.0,1.0,2.0,3.0,2.0,None,None,None,None,None,None,None,None,-,Medium,High,-
Accoount 2553,0,Standard / Low-Engagement Base,0,Normal,0.355,1.0726,2.0,0.0,2.0,3.0,2.0,0.0,2.0,0.0,1.0,3.0,3.0,3.0,Potentially Seasonal,Late Adopter,Medium,High,Medium,Low,Medium,Minimal Change,Yes,High,High,High
Accoount 2554,3,High-Growth Potential Early Adopters,0,Normal,-2.1057,0.9,0.0,2.0,0.0,3.0,0.0,2.0,3.0,0.0,1.0,2.0,0.0,2.0,Non Seasonal,None,Low,High,Low,Medium,High,Minimal Change,Yes,Medium,Low,Medium
Accoount 2555,1,High-Volume Competitive Accounts,0,Normal,-1.5933,-1.5301,1.0,2.0,0.0,3.0,2.0,0.0,2.0,0.0,1.0,0.0,2.0,2.0,None,None,None,None,None,None,None,None,-,Low,Medium,-
Accoount 2556,1,High-Volume Competitive Accounts,0,Normal,-2.157,-1.6105,1.0,2.0,0.0,3.0,2.0,0.0,2.0,0.0,1.0,0.0,1.0,2.0,Unknown,None,Low,High,Medium,Low,Medium,Minimal Change,Yes,Low,Unknown,-
Accoount 2557,2,Lean High-Margin Accounts,0,Normal,-0.2325,-0.5294,1.0,2.0,0.0,3.0,2.0,0.0,2.0,0.0,1.0,2.0,2.0,2.0,None,None,None,None,None,None,None,None,-,Medium,Medium,-
Accoount 2558,1,High-Volume Competitive Accounts,0,Normal,-1.9165,-2.7855,2.0,2.0,0.0,2.0,3.0,0.0,0.0,0.0,1.0,0.0,1.0,0.0,Potentially Seasonal,Trend Follower,Low,Medium,High,Low,Low,Minimal Change,-,Low,Unknown,Low
Accoount 2559,1,High-Volume Competitive Accounts,0,Normal,-1.1776,-1.4558,2.0,0.0,0.0,3.0,2.0,0.0,2.0,0.0,1.0,0.0,3.0,2.0,Potentially Seasonal,Late Adopter,Low,High,Medium,Low,Medium,Minimal Change,-,Low,High,Medium
Accoount 2560,3,High-Growth Potential Early Adopters,0,Normal,-3.0052,3.5871,2.0,3.0,3.0,3.0,2.0,3.0,4.0,0.0,1.0,2.0,1.0,3.0,Potentially Seasonal,Early Adopter,High,High,Medium,High,Very High,Minimal Change,Yes,Medium,Unknown,High
Accoount 2561,2,Lean High-Margin Accounts,0,Normal,-0.3976,-0.4981,2.0,1.0,0.0,2.0,2.0,0.0,2.0,0.0,1.0,2.0,2.0,2.0,Potentially Seasonal,Unknown,Low,Medium,None,None,None,Minimal Change,-,Medium,Medium,-
Accoount 2562,3,High-Growth Potential Early Adopters,0,Normal,-1.1973,4.2483,2.0,3.0,3.0,3.0,2.0,3.0,4.0,0.0,1.0,3.0,3.0,3.0,Potentially Seasonal,Early Adopter,High,High,Medium,High,Very High,Minimal Change,Yes,High,High,High
Accoount 2563,0,Standard / Low-Engagement Base,0,Normal,1.0117,0.0513,1.0,2.0,0.0,3.0,2.0,0.0,2.0,0.0,1.0,3.0,3.0,2.0,None,None,None,None,None,None,None,None,Yes,High,High,-
Accoount 2564,0,Standard / Low-Engagement Base,0,Normal,1.0117,0.0513,1.0,2.0,0.0,3.0,2.0,0.0,2.0,0.0,1.0,3.0,3.0,2.0,Unknown,None,Low,High,None,None,None,None,Yes,High,High,-
Accoount 2565,0,Standard / Low-Engagement Base,0,Normal,1.0117,0.0513,1.0,2.0,0.0,3.0,2.0,0.0,2.0,0.0,1.0,3.0,3.0,2.0,None,None,None,None,None,None,None,None,Yes,High,High,-
Accoount 2566,0,Standard / Low-Engagement Base,0,Normal,0.7866,0.4063,2.0,3.0,0.0,3.0,0.0,0.0,2.0,0.0,1.0,3.0,3.0,2.0,Potentially Seasonal,Early Adopter,Low,High,Low,Low,Medium,Minimal Change,Yes,High,High,Medium
Accoount 2567,1,High-Volume Competitive Accounts,0,Normal,-1.6715,-1.3704,1.0,2.0,0.0,3.0,0.0,0.0,2.0,0.0,1.0,0.0,2.0,2.0,Unknown,None,None,None,Low,Low,Medium,None,-,Low,Medium,Medium
Accoount 2568,1,High-Volume Competitive Accounts,0,Normal,-2.7991,-0.7654,2.0,0.0,2.0,3.0,2.0,0.0,2.0,0.0,1.0,0.0,1.0,2.0,Potentially Seasonal,Late Adopter,Medium,High,Medium,Low,Medium,Minimal Change,-,Low,Unknown,Medium
Accoount 2569,1,High-Volume Competitive Accounts,0,Normal,-2.9718,-0.0516,1.0,2.0,0.0,3.0,2.0,2.0,3.0,0.0,1.0,0.0,1.0,2.0,Unknown,None,Low,High,Medium,Medium,High,Minimal Change,Yes,Low,Unknown,Medium
Accoount 2570,2,Lean High-Margin Accounts,0,Normal,-0.3107,-0.3698,1.0,2.0,0.0,3.0,0.0,0.0,2.0,0.0,1.0,2.0,2.0,2.0,Unknown,None,Low,High,Low,Low,Medium,Minimal Change,Yes,Medium,Medium,-
Accoount 2571,2,Lean High-Margin Accounts,0,Normal,0.6768,-0.8221,2.0,2.0,0.0,3.0,3.0,0.0,0.0,0.0,1.0,3.0,2.0,2.0,Potentially Seasonal,None,Low,High,High,Low,Low,Minimal Change,Yes,High,Medium,-
Accoount 2572,1,High-Volume Competitive Accounts,0,Normal,-1.6715,-1.3704,1.0,2.0,0.0,3.0,0.0,0.0,2.0,0.0,1.0,0.0,2.0,2.0,Unknown,None,Low,High,Low,Low,Medium,None,-,Low,Medium,Medium
Accoount 2573,0,Standard / Low-Engagement Base,0,Normal,1.0117,0.0513,1.0,2.0,0.0,3.0,2.0,0.0,2.0,0.0,1.0,3.0,3.0,2.0,None,None,None,None,None,None,None,None,-,-,-,-
Accoount 2574,0,Standard / Low-Engagement Base,0,Normal,1.0117,0.0513,1.0,2.0,0.0,3.0,2.0,0.0,2.0,0.0,1.0,3.0,3.0,2.0,None,None,None,None,None,None,None,None,Yes,High,High,-
Accoount 2575,3,High-Growth Potential Early Adopters,0,Normal,-1.7962,2.1244,3.0,3.0,2.0,3.0,3.0,2.0,3.0,0.0,1.0,2.0,2.0,2.0,Highly Seasonal,Early Adopter,Medium,High,High,Medium,High,Minimal Change,-,Medium,Medium,Medium
Accoount 2576,0,Standard / Low-Engagement Base,0,Normal,1.0117,0.0513,1.0,2.0,0.0,3.0,2.0,0.0,2.0,0.0,1.0,3.0,3.0,2.0,Unknown,None,None,None,None,None,None,None,Yes,High,High,Medium
Accoount 2577,0,Standard / Low-Engagement Base,0,Normal,1.0117,0.0513,1.0,2.0,0.0,3.0,2.0,0.0,2.0,0.0,1.0,3.0,3.0,2.0,None,None,None,None,None,None,None,None,-,-,-,-
Accoount 2578,0,Standard / Low-Engagement Base,0,Normal,1.0117,0.0513,1.0,2.0,0.0,3.0,2.0,0.0,2.0,0.0,1.0,3.0,3.0,2.0,None,None,None,None,None,None,None,None,Yes,High,High,-
Accoount 2579,3,High-Growth Potential Early Adopters,1,Outlier,-2.4719,4.2156,3.0,3.0,3.0,3.0,2.0,3.0,4.0,0.0,1.0,3.0,1.0,3.0,Highly Seasonal,Early Adopter,High,High,Medium,High,Very High,Minimal Change,Yes,High,Unknown,High
Accoount 2580,3,High-Growth Potential Early Adopters,1,Outlier,-0.538,2.7911,2.0,0.0,2.0,3.0,0.0,2.0,3.0,0.0,1.0,3.0,3.0,3.0,Potentially Seasonal,Late Adopter,Medium,High,Low,Medium,High,Minimal Change,Yes,High,High,High
Accoount 2581,1,High-Volume Competitive Accounts,0,Normal,-1.2173,-2.4513,1.0,2.0,0.0,3.0,3.0,0.0,0.0,0.0,1.0,0.0,2.0,2.0,Unknown,None,Low,High,High,Low,Low,Minimal Change,-,Low,Medium,Medium
Accoount 2582,0,Standard / Low-Engagement Base,0,Normal,-0.458,0.5243,3.0,0.0,2.0,3.0,2.0,0.0,2.0,0.0,1.0,2.0,3.0,2.0,Highly Seasonal,Late Adopter,Medium,High,Medium,Low,Medium,Minimal Change,-,Medium,High,Medium
Accoount 2583,1,High-Volume Competitive Accounts,0,Normal,-1.7814,-2.5989,1.0,1.0,0.0,3.0,3.0,0.0,0.0,0.0,1.0,0.0,1.0,2.0,Unknown,Unknown,Low,High,High,Low,Low,Minimal Change,Yes,Low,Unknown,Medium
Accoount 2584,0,Standard / Low-Engagement Base,0,Normal,1.0117,0.0513,1.0,2.0,0.0,3.0,2.0,0.0,2.0,0.0,1.0,3.0,3.0,2.0,None,None,None,None,None,None,None,None,Yes,High,High,-
Accoount 2585,0,Standard / Low-Engagement Base,0,Normal,1.0117,0.0513,1.0,2.0,0.0,3.0,2.0,0.0,2.0,0.0,1.0,3.0,3.0,2.0,Unknown,None,None,None,None,None,None,None,Yes,High,High,-
Accoount 2586,0,Standard / Low-Engagement Base,0,Normal,0.7413,0.3135,2.0,2.0,0.0,3.0,2.0,0.0,2.0,3.0,1.0,3.0,3.0,2.0,Potentially Seasonal,None,Low,High,Medium,Low,Medium,Concerning,Yes,High,High,Medium
Accoount 2587,0,Standard / Low-Engagement Base,0,Normal,1.0117,0.0513,1.0,2.0,0.0,3.0,2.0,0.0,2.0,0.0,1.0,3.0,3.0,2.0,None,None,None,None,None,None,None,None,Yes,High,High,-
Accoount 2588,0,Standard / Low-Engagement Base,0,Normal,1.0117,0.0513,1.0,2.0,0.0,3.0,2.0,0.0,2.0,0.0,1.0,3.0,3.0,2.0,None,None,None,None,None,None,None,None,Yes,High,High,-
Accoount 2589,1,High-Volume Competitive Accounts,0,Normal,-1.5933,-1.5301,1.0,2.0,0.0,3.0,2.0,0.0,2.0,0.0,1.0,0.0,2.0,2.0,None,None,None,None,None,None,None,None,-,Low,Medium,-
Accoount 2590,0,Standard / Low-Engagement Base,0,Normal,0.7173,0.3077,3.0,2.0,0.0,3.0,2.0,0.0,2.0,0.0,1.0,3.0,3.0,2.0,Highly Seasonal,Trend Follower,Low,High,Medium,Low,Medium,Minimal Change,Yes,High,High,Medium
Accoount 2591,0,Standard / Low-Engagement Base,0,Normal,0.8649,0.2467,2.0,3.0,0.0,3.0,2.0,0.0,2.0,0.0,1.0,3.0,3.0,2.0,Potentially Seasonal,Early Adopter,Low,High,Medium,Low,Medium,Minimal Change,Yes,High,High,Medium
Accoount 2592,3,High-Growth Potential Early Adopters,0,Normal,-3.7607,0.9888,3.0,1.0,2.0,3.0,2.0,2.0,3.0,0.0,1.0,0.0,1.0,2.0,Highly Seasonal,Unknown,Medium,High,Medium,Medium,High,Minimal Change,-,Low,Unknown,Medium
Accoount 2593,3,High-Growth Potential Early Adopters,0,Normal,-0.4586,2.8329,2.0,3.0,2.0,3.0,2.0,2.0,3.0,0.0,1.0,3.0,3.0,3.0,Potentially Seasonal,Early Adopter,Medium,High,Medium,Medium,High,Minimal Change,Yes,High,High,High
Accoount 2594,2,Lean High-Margin Accounts,0,Normal,-0.8734,0.5172,2.0,3.0,2.0,3.0,2.0,0.0,2.0,0.0,1.0,2.0,2.0,2.0,Potentially Seasonal,Early Adopter,Medium,High,None,None,None,Minimal Change,-,Medium,Medium,Medium
Accoount 2595,3,High-Growth Potential Early Adopters,0,Normal,-2.6268,3.4053,2.0,3.0,2.0,3.0,2.0,3.0,4.0,0.0,1.0,3.0,0.0,2.0,Potentially Seasonal,Early Adopter,Medium,High,Medium,High,Very High,Minimal Change,Yes,High,Low,Medium
Accoount 2596,0,Standard / Low-Engagement Base,0,Normal,0.8641,0.1124,2.0,1.0,0.0,3.0,2.0,0.0,2.0,0.0,1.0,3.0,3.0,2.0,Potentially Seasonal,Unknown,Low,High,Medium,Low,Medium,Minimal Change,-,High,High,Medium
Accoount 2597,1,High-Volume Competitive Accounts,0,Normal,-1.0296,-1.4496,1.0,2.0,0.0,3.0,2.0,0.0,2.0,0.0,1.0,0.0,3.0,2.0,Unknown,None,Low,High,Medium,Low,Medium,None,-,Low,High,-
Accoount 2598,1,High-Volume Competitive Accounts,0,Normal,-2.3046,-1.5495,2.0,1.0,0.0,3.0,2.0,0.0,2.0,0.0,1.0,0.0,1.0,2.0,Potentially Seasonal,Unknown,Low,High,None,None,None,Minimal Change,-,Low,Unknown,-
Accoount 2599,3,High-Growth Potential Early Adopters,0,Normal,-0.6608,1.8533,3.0,3.0,0.0,3.0,2.0,2.0,3.0,0.0,1.0,3.0,2.0,2.0,Highly Seasonal,Early Adopter,Low,High,Medium,Medium,High,Minimal Change,Yes,High,Medium,Medium
Accoount 2600,3,High-Growth Potential Early Adopters,1,Outlier,-2.7235,3.6707,2.0,3.0,2.0,3.0,2.0,3.0,4.0,2.0,1.0,3.0,0.0,3.0,Potentially Seasonal,Early Adopter,Medium,High,Medium,High,Very High,Encouraging,Yes,High,Low,High
Accoount 2601,2,Lean High-Margin Accounts,0,Normal,-0.6795,-0.19,1.0,2.0,0.0,3.0,2.0,0.0,2.0,0.0,1.0,3.0,0.0,2.0,None,None,None,None,None,None,None,None,Yes,High,Low,-
Accoount 2602,2,Lean High-Margin Accounts,0,Normal,-0.193,1.0175,2.0,3.0,2.0,3.0,2.0,0.0,2.0,0.0,1.0,3.0,2.0,2.0,Potentially Seasonal,Early Adopter,Medium,High,None,None,None,Minimal Change,Yes,High,Medium,Medium
Accoount 2603,2,Lean High-Margin Accounts,0,Normal,-0.7962,-0.6099,1.0,2.0,0.0,3.0,2.0,0.0,2.0,0.0,1.0,2.0,1.0,2.0,None,None,None,None,None,None,None,None,Yes,Medium,Unknown,-
Accoount 2604,2,Lean High-Margin Accounts,0,Normal,-0.2325,-0.5294,1.0,2.0,0.0,3.0,2.0,0.0,2.0,0.0,1.0,2.0,2.0,2.0,None,None,None,None,None,None,None,None,-,Medium,Medium,-
Accoount 2605,0,Standard / Low-Engagement Base,0,Normal,0.3313,-0.449,1.0,2.0,0.0,3.0,2.0,0.0,2.0,0.0,1.0,2.0,3.0,2.0,None,None,None,None,None,None,None,None,-,Medium,High,Medium
Accoount 2606,0,Standard / Low-Engagement Base,0,Normal,0.7862,0.3392,2.0,2.0,0.0,3.0,0.0,0.0,2.0,0.0,1.0,3.0,3.0,2.0,Potentially Seasonal,None,Low,High,Low,Low,Medium,Minimal Change,Yes,High,High,Medium
Accoount 2607,2,Lean High-Margin Accounts,0,Normal,-0.2325,-0.5294,1.0,2.0,0.0,3.0,2.0,0.0,2.0,0.0,1.0,2.0,2.0,2.0,Unknown,None,Low,High,Medium,Low,Medium,Minimal Change,Yes,Medium,Medium,Medium
Accoount 2608,0,Standard / Low-Engagement Base,0,Normal,1.0117,0.0513,1.0,2.0,0.0,3.0,2.0,0.0,2.0,0.0,1.0,3.0,3.0,2.0,Unknown,None,Low,High,Medium,Low,Medium,Minimal Change,Yes,High,High,Medium
Accoount 2609,0,Standard / Low-Engagement Base,0,Normal,0.4121,-1.2481,3.0,0.0,0.0,3.0,3.0,0.0,0.0,0.0,1.0,2.0,3.0,2.0,Highly Seasonal,Late Adopter,Low,High,High,Low,Low,Minimal Change,-,Medium,High,Medium
Accoount 2610,0,Standard / Low-Engagement Base,0,Normal,1.0933,-0.6135,3.0,2.0,0.0,3.0,3.0,0.0,0.0,0.0,1.0,3.0,3.0,2.0,Highly Seasonal,None,Low,High,High,Low,Low,Minimal Change,Yes,High,High,Medium
Accoount 2611,1,High-Volume Competitive Accounts,0,Normal,-1.3645,-2.3231,2.0,2.0,0.0,3.0,3.0,0.0,0.0,0.0,1.0,0.0,2.0,2.0,Potentially Seasonal,None,Low,High,High,Low,Low,Minimal Change,-,Low,Medium,Medium
Accoount 2612,3,High-Growth Potential Early Adopters,0,Normal,-1.1244,2.1565,2.0,3.0,2.0,3.0,2.0,2.0,3.0,0.0,1.0,2.0,3.0,2.0,Potentially Seasonal,Early Adopter,Medium,High,Medium,Medium,High,Minimal Change,-,Medium,High,Medium
Accoount 2613,0,Standard / Low-Engagement Base,0,Normal,1.0117,0.0513,1.0,2.0,0.0,3.0,2.0,0.0,2.0,0.0,1.0,3.0,3.0,2.0,None,None,None,None,None,None,None,None,Yes,High,High,-
Accoount 2614,1,High-Volume Competitive Accounts,0,Normal,-2.157,-1.6105,1.0,2.0,0.0,3.0,2.0,0.0,2.0,0.0,1.0,0.0,1.0,2.0,Unknown,None,Low,High,Medium,Low,Medium,Minimal Change,-,Low,Unknown,-
Accoount 2615,0,Standard / Low-Engagement Base,0,Normal,1.0117,0.0513,1.0,2.0,0.0,3.0,2.0,0.0,2.0,0.0,1.0,3.0,3.0,2.0,None,None,None,None,None,None,None,None,Yes,High,High,-
Accoount 2616,3,High-Growth Potential Early Adopters,0,Normal,-2.8914,2.9793,3.0,1.0,2.0,3.0,2.0,3.0,4.0,0.0,1.0,2.0,1.0,2.0,Highly Seasonal,Unknown,Medium,High,Medium,High,Very High,Minimal Change,-,Medium,Unknown,Medium
Accoount 2617,0,Standard / Low-Engagement Base,0,Normal,1.0117,0.0513,1.0,2.0,0.0,3.0,2.0,0.0,2.0,0.0,1.0,3.0,3.0,2.0,Unknown,None,Low,High,None,None,None,None,Yes,High,High,-
Accoount 2618,2,Lean High-Margin Accounts,0,Normal,0.448,-0.0291,1.0,2.0,0.0,3.0,2.0,0.0,2.0,0.0,1.0,3.0,2.0,2.0,None,None,None,None,None,None,None,None,-,High,Medium,-
Accoount 2619,3,High-Growth Potential Early Adopters,0,Normal,-1.0056,2.6478,2.0,2.0,0.0,3.0,2.0,3.0,4.0,0.0,1.0,3.0,2.0,2.0,Potentially Seasonal,Trend Follower,Low,High,Medium,High,Very High,Minimal Change,Yes,High,Medium,Medium
Accoount 2620,2,Lean High-Margin Accounts,0,Normal,0.448,-0.0291,1.0,2.0,0.0,3.0,2.0,0.0,2.0,0.0,1.0,3.0,2.0,2.0,None,None,None,None,None,None,None,None,Yes,High,Medium,-
Accoount 2621,1,High-Volume Competitive Accounts,0,Normal,-1.5933,-1.5301,1.0,2.0,0.0,3.0,2.0,0.0,2.0,0.0,1.0,0.0,2.0,2.0,Unknown,None,None,None,Medium,Low,Medium,None,-,Low,Medium,-
Accoount 2622,0,Standard / Low-Engagement Base,0,Normal,1.0117,0.0513,1.0,2.0,0.0,3.0,2.0,0.0,2.0,0.0,1.0,3.0,3.0,2.0,None,None,None,None,None,None,None,None,Yes,High,High,-
Accoount 2623,3,High-Growth Potential Early Adopters,0,Normal,-1.8354,2.2042,3.0,3.0,2.0,3.0,2.0,2.0,3.0,0.0,1.0,2.0,2.0,2.0,Highly Seasonal,Early Adopter,Medium,High,Medium,Medium,High,Minimal Change,-,Medium,Medium,Medium
Accoount 2624,0,Standard / Low-Engagement Base,0,Normal,0.1966,1.5431,1.0,1.0,0.0,3.0,2.0,2.0,3.0,0.0,1.0,3.0,3.0,2.0,Unknown,Unknown,Low,High,Medium,Medium,High,Minimal Change,Yes,High,High,Medium
Accoount 2625,0,Standard / Low-Engagement Base,0,Normal,1.0117,0.0513,1.0,2.0,0.0,3.0,2.0,0.0,2.0,0.0,1.0,3.0,3.0,2.0,None,None,None,None,None,None,None,None,Yes,High,High,-
Accoount 2626,0,Standard / Low-Engagement Base,0,Normal,0.7169,0.2406,3.0,1.0,0.0,3.0,2.0,0.0,2.0,0.0,1.0,3.0,3.0,2.0,Highly Seasonal,Unknown,Low,High,None,None,None,Minimal Change,Yes,High,High,Medium
Accoount 2627,1,High-Volume Competitive Accounts,0,Normal,-1.9988,-2.255,0.0,0.0,0.0,2.0,2.0,0.0,2.0,0.0,1.0,0.0,1.0,0.0,Non Seasonal,Late Adopter,Low,Medium,None,None,None,Minimal Change,-,Low,Unknown,Low
Accoount 2628,2,Lean High-Margin Accounts,0,Normal,-0.3797,-0.4012,2.0,2.0,0.0,3.0,2.0,0.0,2.0,0.0,1.0,2.0,2.0,2.0,Potentially Seasonal,None,Low,High,Medium,Low,Medium,None,-,Medium,Medium,-
Accoount 2629,1,High-Volume Competitive Accounts,0,Normal,-1.5929,-1.4629,1.0,3.0,0.0,3.0,2.0,0.0,2.0,0.0,1.0,0.0,2.0,2.0,Unknown,Early Adopter,Low,High,Medium,Low,Medium,Minimal Change,-,Low,Medium,Medium
Accoount 2630,0,Standard / Low-Engagement Base,0,Normal,1.0117,0.0513,1.0,2.0,0.0,3.0,2.0,0.0,2.0,0.0,1.0,3.0,3.0,2.0,Unknown,None,Low,High,None,None,None,Minimal Change,Yes,High,High,-
Accoount 2631,0,Standard / Low-Engagement Base,0,Normal,1.0117,0.0513,1.0,2.0,0.0,3.0,2.0,0.0,2.0,0.0,1.0,3.0,3.0,2.0,None,None,None,None,None,None,None,None,Yes,High,High,-
Accoount 2632,1,High-Volume Competitive Accounts,0,Normal,-2.157,-1.6105,1.0,2.0,0.0,3.0,2.0,0.0,2.0,0.0,1.0,0.0,1.0,2.0,Unknown,Trend Follower,Low,High,Medium,Low,Medium,Minimal Change,Yes,Low,Unknown,Medium
Accoount 2633,2,Lean High-Margin Accounts,0,Normal,-1.2877,1.202,0.0,3.0,3.0,3.0,2.0,0.0,2.0,0.0,1.0,3.0,0.0,3.0,Non Seasonal,Early Adopter,High,High,None,None,None,Minimal Change,Yes,High,Low,High
Accoount 2634,0,Standard / Low-Engagement Base,0,Normal,0.9334,0.211,1.0,2.0,0.0,3.0,0.0,0.0,2.0,0.0,1.0,3.0,3.0,2.0,Unknown,None,None,None,Low,Low,Medium,None,Yes,High,High,-
Accoount 2635,3,High-Growth Potential Early Adopters,0,Normal,-0.9029,3.9919,0.0,3.0,3.0,3.0,2.0,3.0,4.0,0.0,1.0,3.0,3.0,3.0,Non Seasonal,Early Adopter,High,High,Medium,High,Very High,Minimal Change,Yes,High,High,High
Accoount 2636,3,High-Growth Potential Early Adopters,0,Normal,-1.8783,2.2137,3.0,3.0,2.0,3.0,3.0,2.0,3.0,2.0,1.0,2.0,2.0,2.0,Highly Seasonal,Early Adopter,Medium,High,High,Medium,High,Encouraging,-,Medium,Medium,Medium
Accoount 2637,0,Standard / Low-Engagement Base,0,Normal,0.3313,-0.449,1.0,2.0,0.0,3.0,2.0,0.0,2.0,0.0,1.0,2.0,3.0,2.0,None,None,None,None,None,None,None,None,Yes,Medium,High,-
Accoount 2638,0,Standard / Low-Engagement Base,0,Normal,1.0117,0.0513,1.0,2.0,0.0,3.0,2.0,0.0,2.0,0.0,1.0,3.0,3.0,2.0,Unknown,None,None,None,None,None,None,None,-,-,-,-
Accoount 2639,0,Standard / Low-Engagement Base,0,Normal,1.1585,-0.144,0.0,1.0,0.0,3.0,2.0,0.0,2.0,0.0,1.0,3.0,3.0,2.0,Non Seasonal,Unknown,None,None,None,None,None,Minimal Change,-,-,-,-
Accoount 2640,0,Standard / Low-Engagement Base,0,Normal,1.0117,0.0513,1.0,2.0,0.0,3.0,2.0,0.0,2.0,0.0,1.0,3.0,3.0,2.0,None,None,None,None,None,None,None,None,Yes,High,High,-
Accoount 2641,0,Standard / Low-Engagement Base,0,Normal,1.0117,0.0513,1.0,2.0,0.0,3.0,2.0,0.0,2.0,0.0,1.0,3.0,3.0,2.0,Unknown,None,Low,High,Medium,Low,Medium,Minimal Change,Yes,High,High,Medium
Accoount 2642,3,High-Growth Potential Early Adopters,0,Normal,-0.9506,3.7555,2.0,2.0,2.0,3.0,2.0,3.0,4.0,0.0,1.0,3.0,3.0,3.0,Potentially Seasonal,Trend Follower,Medium,High,Medium,High,Very High,Minimal Change,Yes,High,High,High
Accoount 2643,0,Standard / Low-Engagement Base,0,Normal,0.7069,-1.4373,1.0,1.0,0.0,3.0,3.0,0.0,0.0,0.0,1.0,2.0,3.0,2.0,Unknown,Unknown,Low,High,High,Low,Low,Minimal Change,Yes,Medium,High,Medium
Accoount 2644,0,Standard / Low-Engagement Base,0,Normal,0.2235,1.2261,3.0,3.0,2.0,3.0,2.0,0.0,2.0,0.0,1.0,3.0,3.0,2.0,Highly Seasonal,Early Adopter,Medium,High,Medium,Low,Medium,Minimal Change,Yes,High,High,Medium
Accoount 2645,0,Standard / Low-Engagement Base,0,Normal,1.0117,0.0513,1.0,2.0,0.0,3.0,2.0,0.0,2.0,0.0,1.0,3.0,3.0,2.0,None,None,None,None,None,None,None,None,Yes,High,High,-
Accoount 2646,2,Lean High-Margin Accounts,0,Normal,-0.6795,-0.19,1.0,2.0,0.0,3.0,2.0,0.0,2.0,0.0,1.0,3.0,0.0,2.0,Unknown,None,None,None,None,None,None,None,Yes,High,Low,-
Accoount 2647,1,High-Volume Competitive Accounts,0,Normal,-1.7405,-1.4019,2.0,2.0,0.0,3.0,2.0,0.0,2.0,0.0,1.0,0.0,2.0,2.0,Potentially Seasonal,None,None,None,None,None,None,Minimal Change,-,Low,Medium,-
Accoount 2648,2,Lean High-Margin Accounts,0,Normal,-0.9957,-0.5037,2.0,3.0,0.0,0.0,2.0,0.0,2.0,0.0,1.0,2.0,1.0,2.0,Potentially Seasonal,Early Adopter,Low,Low,None,None,None,Minimal Change,-,Medium,Unknown,Medium
Accoount 2649,2,Lean High-Margin Accounts,0,Normal,-0.2325,-0.5294,1.0,2.0,0.0,3.0,2.0,0.0,2.0,0.0,1.0,2.0,2.0,2.0,Unknown,None,Low,High,None,None,None,Minimal Change,Yes,Medium,Medium,Medium
Accoount 2650,0,Standard / Low-Engagement Base,0,Normal,1.0117,0.0513,1.0,2.0,0.0,3.0,2.0,0.0,2.0,0.0,1.0,3.0,3.0,2.0,None,None,None,None,None,None,None,None,Yes,High,High,-
Accoount 2651,1,High-Volume Competitive Accounts,0,Normal,-2.157,-1.6105,1.0,2.0,0.0,3.0,2.0,0.0,2.0,0.0,1.0,0.0,1.0,2.0,None,None,None,None,None,None,None,None,-,Low,Unknown,-
Accoount 2652,0,Standard / Low-Engagement Base,0,Normal,1.0117,0.0513,1.0,2.0,0.0,3.0,2.0,0.0,2.0,0.0,1.0,3.0,3.0,2.0,None,None,None,None,None,None,None,None,Yes,High,High,-
Accoount 2653,3,High-Growth Potential Early Adopters,0,Normal,-1.7614,4.1007,2.0,2.0,3.0,3.0,2.0,3.0,4.0,0.0,1.0,3.0,2.0,3.0,Potentially Seasonal,Trend Follower,High,High,Medium,High,Very High,Minimal Change,-,High,Medium,High
Accoount 2654,3,High-Growth Potential Early Adopters,0,Normal,-0.975,2.9217,0.0,3.0,3.0,3.0,2.0,2.0,3.0,0.0,1.0,3.0,2.0,3.0,Non Seasonal,Early Adopter,High,High,Medium,Medium,High,Minimal Change,-,High,Medium,High
Accoount 2655,2,Lean High-Margin Accounts,0,Normal,-0.0216,-1.4193,2.0,1.0,0.0,2.0,3.0,0.0,0.0,0.0,1.0,2.0,2.0,2.0,Potentially Seasonal,Unknown,Low,Medium,High,Low,Low,Minimal Change,-,Medium,Medium,-
Accoount 2656,1,High-Volume Competitive Accounts,0,Normal,-1.1772,-1.3886,2.0,1.0,0.0,3.0,2.0,0.0,2.0,0.0,1.0,0.0,3.0,2.0,Potentially Seasonal,Unknown,Low,High,Medium,Low,Medium,Minimal Change,-,Low,High,Medium
Accoount 2657,2,Lean High-Margin Accounts,0,Normal,-0.2325,-0.5294,1.0,2.0,0.0,3.0,2.0,0.0,2.0,0.0,1.0,2.0,2.0,2.0,None,None,None,None,None,None,None,None,-,Medium,Medium,-
Accoount 2658,0,Standard / Low-Engagement Base,0,Normal,1.0117,0.0513,1.0,2.0,0.0,3.0,2.0,0.0,2.0,0.0,1.0,3.0,3.0,2.0,None,None,None,None,None,None,None,None,Yes,High,High,-
Accoount 2659,0,Standard / Low-Engagement Base,0,Normal,1.0117,0.0513,1.0,2.0,0.0,3.0,2.0,0.0,2.0,0.0,1.0,3.0,3.0,2.0,Unknown,None,None,None,None,None,None,None,Yes,High,High,-
Accoount 2660,0,Standard / Low-Engagement Base,0,Normal,1.0117,0.0513,1.0,2.0,0.0,3.0,2.0,0.0,2.0,0.0,1.0,3.0,3.0,2.0,None,None,None,None,None,None,None,None,Yes,High,High,-
Accoount 2661,0,Standard / Low-Engagement Base,0,Normal,1.0117,0.0513,1.0,2.0,0.0,3.0,2.0,0.0,2.0,0.0,1.0,3.0,3.0,2.0,None,None,None,None,None,None,None,None,Yes,High,High,-
Accoount 2662,2,Lean High-Margin Accounts,0,Normal,0.448,-0.0291,1.0,2.0,0.0,3.0,2.0,0.0,2.0,0.0,1.0,3.0,2.0,2.0,None,None,None,None,None,None,None,None,Yes,High,Medium,-
Accoount 2663,0,Standard / Low-Engagement Base,0,Normal,0.3313,-0.449,1.0,2.0,0.0,3.0,2.0,0.0,2.0,0.0,1.0,2.0,3.0,2.0,None,None,None,None,None,None,None,None,-,Medium,High,-
Accoount 2664,2,Lean High-Margin Accounts,0,Normal,-0.2325,-0.5294,1.0,2.0,0.0,3.0,2.0,0.0,2.0,0.0,1.0,2.0,2.0,2.0,Unknown,None,None,None,None,None,None,None,-,Medium,Medium,-
Accoount 2665,3,High-Growth Potential Early Adopters,0,Normal,-1.1252,2.0222,2.0,1.0,2.0,3.0,2.0,2.0,3.0,0.0,1.0,2.0,3.0,2.0,Potentially Seasonal,Unknown,Medium,High,Medium,Medium,High,Minimal Change,-,Medium,High,Medium
Accoount 2666,3,High-Growth Potential Early Adopters,0,Normal,-2.3384,0.9605,1.0,2.0,2.0,3.0,2.0,2.0,3.0,0.0,1.0,0.0,3.0,2.0,Unknown,None,Medium,High,Medium,Medium,High,Minimal Change,-,Low,High,-
Accoount 2667,0,Standard / Low-Engagement Base,0,Normal,1.0117,0.0513,1.0,2.0,0.0,3.0,2.0,0.0,2.0,0.0,1.0,3.0,3.0,2.0,None,None,None,None,None,None,None,None,Yes,High,High,-
Accoount 2668,0,Standard / Low-Engagement Base,0,Normal,1.0117,0.0513,1.0,2.0,0.0,3.0,2.0,0.0,2.0,0.0,1.0,3.0,3.0,2.0,Unknown,None,None,None,None,None,None,None,Yes,High,High,-
Accoount 2669,3,High-Growth Potential Early Adopters,0,Normal,-1.8031,3.1324,3.0,2.0,3.0,3.0,3.0,3.0,3.0,0.0,1.0,2.0,3.0,2.0,Highly Seasonal,Trend Follower,High,High,High,High,High,Minimal Change,-,Medium,High,Medium
Accoount 2670,0,Standard / Low-Engagement Base,0,Normal,0.3313,-0.449,1.0,2.0,0.0,3.0,2.0,0.0,2.0,0.0,1.0,2.0,3.0,2.0,Unknown,None,None,None,None,None,None,None,-,Medium,High,-
Accoount 2671,2,Lean High-Margin Accounts,0,Normal,0.448,-0.0291,1.0,2.0,0.0,3.0,2.0,0.0,2.0,0.0,1.0,3.0,2.0,2.0,Unknown,None,None,None,None,None,None,None,Yes,High,Medium,-
Accoount 2672,0,Standard / Low-Engagement Base,0,Normal,1.0117,0.0513,1.0,2.0,0.0,3.0,2.0,0.0,2.0,0.0,1.0,3.0,3.0,2.0,None,None,None,None,None,None,None,None,Yes,High,High,-
Accoount 2673,0,Standard / Low-Engagement Base,0,Normal,1.041,-0.3009,1.0,2.0,0.0,3.0,2.0,0.0,2.0,0.0,1.0,3.0,3.0,0.0,Unknown,None,Low,High,None,None,None,Minimal Change,Yes,High,High,Low
Accoount 2674,0,Standard / Low-Engagement Base,0,Normal,-0.1958,0.211,2.0,2.0,3.0,3.0,3.0,0.0,0.0,0.0,1.0,2.0,3.0,3.0,Potentially Seasonal,Trend Follower,High,High,High,Low,Low,Minimal Change,-,Medium,High,High
Accoount 2675,1,High-Volume Competitive Accounts,0,Normal,-1.781,-2.5317,1.0,2.0,0.0,3.0,3.0,0.0,0.0,0.0,1.0,0.0,1.0,2.0,Unknown,None,Low,High,High,Low,Low,Minimal Change,-,Low,Unknown,-
Accoount 2676,3,High-Growth Potential Early Adopters,0,Normal,-0.8142,3.2397,3.0,2.0,3.0,3.0,3.0,2.0,3.0,0.0,1.0,3.0,3.0,3.0,Highly Seasonal,Trend Follower,High,High,High,Medium,High,Minimal Change,Yes,High,High,High
Accoount 2677,2,Lean High-Margin Accounts,0,Normal,-0.3793,-0.3341,2.0,3.0,0.0,3.0,2.0,0.0,2.0,0.0,1.0,2.0,2.0,2.0,Potentially Seasonal,Early Adopter,Low,High,None,None,None,Minimal Change,-,Medium,Medium,-
Accoount 2678,1,High-Volume Competitive Accounts,0,Normal,-2.3532,-1.6749,2.0,2.0,0.0,3.0,0.0,0.0,2.0,0.0,1.0,0.0,1.0,0.0,Potentially Seasonal,Trend Follower,None,None,Low,Low,Medium,Minimal Change,Yes,Low,Unknown,Low
Accoount 2679,0,Standard / Low-Engagement Base,0,Normal,1.0117,0.0513,1.0,2.0,0.0,3.0,2.0,0.0,2.0,0.0,1.0,3.0,3.0,2.0,None,None,None,None,None,None,None,None,Yes,High,High,-
Accoount 2680,0,Standard / Low-Engagement Base,0,Normal,0.3313,-0.449,1.0,2.0,0.0,3.0,2.0,0.0,2.0,0.0,1.0,2.0,3.0,2.0,None,None,None,None,None,None,None,None,-,Medium,High,-
Accoount 2681,0,Standard / Low-Engagement Base,0,Normal,0.8122,0.1575,2.0,3.0,0.0,0.0,2.0,0.0,2.0,0.0,1.0,3.0,3.0,2.0,Potentially Seasonal,Early Adopter,Low,Low,None,None,None,Minimal Change,-,-,-,Medium
Accoount 2682,0,Standard / Low-Engagement Base,0,Normal,0.3313,-0.449,1.0,2.0,0.0,3.0,2.0,0.0,2.0,0.0,1.0,2.0,3.0,2.0,None,None,None,None,None,None,None,None,Yes,Medium,High,-
Accoount 2683,0,Standard / Low-Engagement Base,0,Normal,0.3704,1.0308,2.0,2.0,2.0,3.0,2.0,0.0,2.0,0.0,1.0,3.0,3.0,2.0,Potentially Seasonal,None,Medium,High,Medium,Low,Medium,Minimal Change,Yes,High,High,Medium
Accoount 2684,3,High-Growth Potential Early Adopters,1,Outlier,-0.7021,3.0238,3.0,2.0,2.0,2.0,0.0,2.0,3.0,0.0,1.0,3.0,3.0,3.0,Highly Seasonal,Trend Follower,Medium,Medium,Low,Medium,High,Minimal Change,Yes,High,High,High
Accoount 2685,3,High-Growth Potential Early Adopters,0,Normal,-0.444,2.6568,2.0,3.0,2.0,3.0,2.0,2.0,3.0,0.0,1.0,3.0,3.0,2.0,Potentially Seasonal,Early Adopter,Medium,High,Medium,Medium,High,Minimal Change,Yes,High,High,Medium
Accoount 2686,3,High-Growth Potential Early Adopters,0,Normal,-1.2448,3.1677,0.0,2.0,3.0,3.0,3.0,3.0,3.0,0.0,1.0,3.0,2.0,2.0,Non Seasonal,Trend Follower,High,High,High,High,High,Minimal Change,-,High,Medium,Medium
Accoount 2687,0,Standard / Low-Engagement Base,0,Normal,1.0117,0.0513,1.0,2.0,0.0,3.0,2.0,0.0,2.0,0.0,1.0,3.0,3.0,2.0,Unknown,None,Low,High,Medium,Low,Medium,Minimal Change,Yes,High,High,Medium
Accoount 2688,3,High-Growth Potential Early Adopters,0,Normal,-0.1642,2.5765,0.0,3.0,2.0,3.0,2.0,2.0,3.0,0.0,1.0,3.0,3.0,3.0,Non Seasonal,Early Adopter,Medium,High,Medium,Medium,High,Minimal Change,Yes,High,High,High
Accoount 2689,2,Lean High-Margin Accounts,0,Normal,-0.0856,-0.7248,0.0,1.0,0.0,3.0,2.0,0.0,2.0,0.0,1.0,2.0,2.0,2.0,Non Seasonal,Unknown,Low,High,Medium,Low,Medium,Minimal Change,-,Medium,Medium,Medium
Accoount 2690,0,Standard / Low-Engagement Base,0,Normal,1.0117,0.0513,1.0,2.0,0.0,3.0,2.0,0.0,2.0,0.0,1.0,3.0,3.0,2.0,Unknown,None,None,None,None,None,None,None,Yes,High,High,-
Accoount 2691,2,Lean High-Margin Accounts,0,Normal,-0.7962,-0.6099,1.0,2.0,0.0,3.0,2.0,0.0,2.0,0.0,1.0,2.0,1.0,2.0,None,None,None,None,None,None,None,None,-,Medium,Unknown,-
Accoount 2692,0,Standard / Low-Engagement Base,0,Normal,1.0117,0.0513,1.0,2.0,0.0,3.0,2.0,0.0,2.0,0.0,1.0,3.0,3.0,2.0,Unknown,None,None,None,None,None,None,None,Yes,High,High,-
Accoount 2693,1,High-Volume Competitive Accounts,0,Normal,-2.7207,-1.6909,1.0,2.0,0.0,3.0,2.0,0.0,2.0,0.0,1.0,0.0,0.0,2.0,None,None,None,None,None,None,None,None,Yes,Low,Low,-
Accoount 2694,3,High-Growth Potential Early Adopters,1,Outlier,-2.9211,3.1534,2.0,2.0,3.0,3.0,3.0,3.0,3.0,3.0,1.0,2.0,1.0,3.0,Potentially Seasonal,None,High,High,High,High,High,Concerning,Yes,Medium,Unknown,High
Accoount 2695,0,Standard / Low-Engagement Base,0,Normal,1.0117,0.0513,1.0,2.0,0.0,3.0,2.0,0.0,2.0,0.0,1.0,3.0,3.0,2.0,Unknown,None,Low,High,None,None,None,Minimal Change,Yes,High,High,-
Accoount 2696,0,Standard / Low-Engagement Base,0,Normal,1.0117,0.0513,1.0,2.0,0.0,3.0,2.0,0.0,2.0,0.0,1.0,3.0,3.0,2.0,Unknown,None,Low,High,None,None,None,Minimal Change,Yes,High,High,-
Accoount 2697,1,High-Volume Competitive Accounts,0,Normal,-2.157,-1.6105,1.0,2.0,0.0,3.0,2.0,0.0,2.0,0.0,1.0,0.0,1.0,2.0,None,None,None,None,None,None,None,None,-,Low,Unknown,-
Accoount 2698,3,High-Growth Potential Early Adopters,0,Normal,0.1183,1.7027,1.0,1.0,0.0,3.0,0.0,2.0,3.0,0.0,1.0,3.0,3.0,2.0,Unknown,Unknown,Low,High,Low,Medium,High,Minimal Change,Yes,High,High,Medium
Accoount 2699,0,Standard / Low-Engagement Base,0,Normal,0.8645,0.1795,2.0,2.0,0.0,3.0,2.0,0.0,2.0,0.0,1.0,3.0,3.0,2.0,Potentially Seasonal,None,Low,High,None,None,None,None,Yes,High,High,Medium
Accoount 2700,1,High-Volume Competitive Accounts,0,Normal,-2.157,-1.6105,1.0,2.0,0.0,3.0,2.0,0.0,2.0,0.0,1.0,0.0,1.0,2.0,Unknown,None,Low,High,Medium,Low,Medium,Minimal Change,-,Low,Unknown,-
Accoount 2701,1,High-Volume Competitive Accounts,0,Normal,-1.5933,-1.5301,1.0,2.0,0.0,3.0,2.0,0.0,2.0,0.0,1.0,0.0,2.0,2.0,None,None,None,None,Medium,Low,Medium,None,Yes,Low,Medium,-
Accoount 2702,3,High-Growth Potential Early Adopters,1,Outlier,-1.9298,1.0858,2.0,3.0,0.0,3.0,0.0,2.0,3.0,3.0,1.0,2.0,1.0,0.0,Potentially Seasonal,Early Adopter,None,None,Low,Medium,High,Concerning,Yes,Medium,Unknown,Low
Accoount 2703,1,High-Volume Competitive Accounts,0,Normal,-3.1186,0.1437,2.0,3.0,0.0,3.0,2.0,2.0,3.0,0.0,1.0,0.0,1.0,2.0,Potentially Seasonal,Early Adopter,Low,High,Medium,Medium,High,Minimal Change,-,Low,Unknown,Medium
Accoount 2704,2,Lean High-Margin Accounts,0,Normal,0.448,-0.0291,1.0,2.0,0.0,3.0,2.0,0.0,2.0,0.0,1.0,3.0,2.0,2.0,None,None,None,None,None,None,None,None,-,High,Medium,-
Accoount 2705,3,High-Growth Potential Early Adopters,0,Normal,-1.8419,1.9576,0.0,0.0,2.0,3.0,2.0,2.0,3.0,0.0,1.0,3.0,0.0,2.0,Non Seasonal,Late Adopter,Medium,High,Medium,Medium,High,Minimal Change,Yes,High,Low,Medium
Accoount 2706,0,Standard / Low-Engagement Base,0,Normal,0.3313,-0.449,1.0,2.0,0.0,3.0,2.0,0.0,2.0,0.0,1.0,2.0,3.0,2.0,Unknown,None,Low,High,Medium,Low,Medium,Minimal Change,-,Medium,High,-
Accoount 2707,2,Lean High-Margin Accounts,0,Normal,-0.6795,-0.19,1.0,2.0,0.0,3.0,2.0,0.0,2.0,0.0,1.0,3.0,0.0,2.0,Unknown,None,None,None,None,None,None,None,Yes,High,Low,-
Accoount 2708,3,High-Growth Potential Early Adopters,0,Normal,-0.2192,1.4688,0.0,3.0,0.0,3.0,2.0,2.0,3.0,0.0,1.0,3.0,2.0,2.0,Non Seasonal,Early Adopter,Low,High,Medium,Medium,High,Minimal Change,-,High,Medium,Medium
Accoount 2709,0,Standard / Low-Engagement Base,0,Normal,1.0117,0.0513,1.0,2.0,0.0,3.0,2.0,0.0,2.0,0.0,1.0,3.0,3.0,2.0,Unknown,None,Low,High,None,None,None,Minimal Change,-,High,High,-
Accoount 2710,0,Standard / Low-Engagement Base,0,Normal,0.0365,-0.2598,3.0,1.0,0.0,3.0,2.0,0.0,2.0,0.0,1.0,2.0,3.0,2.0,Highly Seasonal,Unknown,Low,High,Medium,Low,Medium,Minimal Change,-,Medium,High,Medium
Accoount 2711,3,High-Growth Potential Early Adopters,0,Normal,-3.7094,1.2604,2.0,3.0,2.0,3.0,2.0,2.0,3.0,2.0,1.0,0.0,1.0,3.0,Potentially Seasonal,Early Adopter,Medium,High,Medium,Medium,High,Encouraging,-,Low,Unknown,High
Accoount 2712,0,Standard / Low-Engagement Base,0,Normal,0.3309,-0.5161,1.0,1.0,0.0,3.0,2.0,0.0,2.0,0.0,1.0,2.0,3.0,2.0,Unknown,Unknown,Low,High,Medium,Low,Medium,Minimal Change,Yes,Medium,High,Medium
Accoount 2713,0,Standard / Low-Engagement Base,0,Normal,1.0121,0.1185,1.0,3.0,0.0,3.0,2.0,0.0,2.0,0.0,1.0,3.0,3.0,2.0,Unknown,Early Adopter,Low,High,Medium,Low,Medium,Minimal Change,Yes,High,High,Medium
Accoount 2714,0,Standard / Low-Engagement Base,0,Normal,1.0117,0.0513,1.0,2.0,0.0,3.0,2.0,0.0,2.0,0.0,1.0,3.0,3.0,2.0,None,None,None,None,None,None,None,None,Yes,High,High,-
Accoount 2715,0,Standard / Low-Engagement Base,0,Normal,0.8645,0.1795,2.0,2.0,0.0,3.0,2.0,0.0,2.0,0.0,1.0,3.0,3.0,2.0,Potentially Seasonal,None,Low,High,None,None,None,Minimal Change,Yes,High,High,Medium
Accoount 2716,0,Standard / Low-Engagement Base,0,Normal,1.0117,0.0513,1.0,2.0,0.0,3.0,2.0,0.0,2.0,0.0,1.0,3.0,3.0,2.0,None,None,None,None,None,None,None,None,Yes,High,High,-
Accoount 2717,2,Lean High-Margin Accounts,0,Normal,0.448,-0.0291,1.0,2.0,0.0,3.0,2.0,0.0,2.0,0.0,1.0,3.0,2.0,2.0,None,None,None,None,None,None,None,None,-,High,Medium,-
Accoount 2718,3,High-Growth Potential Early Adopters,0,Normal,-0.4891,1.8214,2.0,3.0,0.0,3.0,3.0,2.0,3.0,0.0,1.0,3.0,2.0,3.0,Potentially Seasonal,Early Adopter,Low,High,High,Medium,High,Minimal Change,Yes,High,Medium,High
Accoount 2719,0,Standard / Low-Engagement Base,0,Normal,1.0117,0.0513,1.0,2.0,0.0,3.0,2.0,0.0,2.0,0.0,1.0,3.0,3.0,2.0,None,None,None,None,None,None,None,None,Yes,High,High,-
Accoount 2720,3,High-Growth Potential Early Adopters,1,Outlier,-1.8431,4.2572,2.0,3.0,3.0,3.0,2.0,3.0,4.0,2.0,1.0,3.0,2.0,3.0,Potentially Seasonal,Early Adopter,High,High,Medium,High,Very High,Encouraging,Yes,High,Medium,High
Accoount 2721,1,High-Volume Competitive Accounts,0,Normal,-3.2018,0.0316,2.0,0.0,0.0,3.0,2.0,2.0,3.0,2.0,1.0,0.0,1.0,2.0,Potentially Seasonal,Late Adopter,Low,High,Medium,Medium,High,Encouraging,-,Low,Unknown,Medium
Accoount 2722,0,Standard / Low-Engagement Base,0,Normal,0.2659,1.6417,0.0,2.0,0.0,3.0,0.0,2.0,3.0,0.0,1.0,3.0,3.0,2.0,Non Seasonal,Trend Follower,Low,High,Low,Medium,High,Minimal Change,Yes,High,High,Medium
Accoount 2723,2,Lean High-Margin Accounts,0,Normal,0.448,-0.0291,1.0,2.0,0.0,3.0,2.0,0.0,2.0,0.0,1.0,3.0,2.0,2.0,Unknown,None,None,None,None,None,None,None,Yes,High,Medium,-
Accoount 2724,2,Lean High-Margin Accounts,0,Normal,-0.2325,-0.5294,1.0,2.0,0.0,3.0,2.0,0.0,2.0,0.0,1.0,2.0,2.0,2.0,None,None,None,None,None,None,None,None,-,Medium,Medium,-
Accoount 2725,1,High-Volume Competitive Accounts,0,Normal,-2.1566,-1.5433,1.0,3.0,0.0,3.0,2.0,0.0,2.0,0.0,1.0,0.0,1.0,2.0,Unknown,Early Adopter,Low,High,Medium,Low,Medium,Minimal Change,-,Low,Unknown,Medium
Accoount 2726,2,Lean High-Margin Accounts,0,Normal,0.9708,-1.1456,0.0,1.0,0.0,3.0,3.0,0.0,0.0,0.0,1.0,3.0,2.0,2.0,Non Seasonal,Unknown,Low,High,High,Low,Low,Minimal Change,Yes,High,Medium,Medium
Accoount 2727,1,High-Volume Competitive Accounts,0,Normal,-2.3046,-1.5495,2.0,1.0,0.0,3.0,2.0,0.0,2.0,0.0,1.0,0.0,1.0,2.0,Potentially Seasonal,Unknown,Low,High,Medium,Low,Medium,Minimal Change,-,Low,Unknown,Medium
Accoount 2728,0,Standard / Low-Engagement Base,0,Normal,1.0113,-0.0158,1.0,1.0,0.0,3.0,2.0,0.0,2.0,0.0,1.0,3.0,3.0,2.0,Unknown,Unknown,Low,High,Medium,Low,Medium,None,-,High,High,Medium
Accoount 2729,0,Standard / Low-Engagement Base,0,Normal,1.0117,0.0513,1.0,2.0,0.0,3.0,2.0,0.0,2.0,0.0,1.0,3.0,3.0,2.0,Unknown,None,Low,High,None,None,None,Minimal Change,Yes,High,High,Medium
Accoount 2730,0,Standard / Low-Engagement Base,0,Normal,1.0117,0.0513,1.0,2.0,0.0,3.0,2.0,0.0,2.0,0.0,1.0,3.0,3.0,2.0,None,None,None,None,None,None,None,None,Yes,High,High,-
Accoount 2731,1,High-Volume Competitive Accounts,0,Normal,-1.5933,-1.5301,1.0,2.0,0.0,3.0,2.0,0.0,2.0,0.0,1.0,0.0,2.0,2.0,Unknown,None,Low,High,Medium,Low,Medium,Minimal Change,-,Low,Medium,-
Accoount 2732,3,High-Growth Potential Early Adopters,0,Normal,-3.6109,0.9992,2.0,1.0,0.0,3.0,2.0,3.0,4.0,0.0,1.0,0.0,1.0,2.0,Potentially Seasonal,Unknown,Low,High,Medium,High,Very High,Minimal Change,-,Low,Unknown,Medium
Accoount 2733,0,Standard / Low-Engagement Base,0,Normal,1.0121,0.1185,1.0,3.0,0.0,3.0,2.0,0.0,2.0,0.0,1.0,3.0,3.0,2.0,Unknown,Early Adopter,Low,High,None,None,None,Minimal Change,Yes,High,High,Medium
Accoount 2734,0,Standard / Low-Engagement Base,0,Normal,1.0117,0.0513,1.0,2.0,0.0,3.0,2.0,0.0,2.0,0.0,1.0,3.0,3.0,2.0,None,None,None,None,None,None,None,None,Yes,High,High,-
Accoount 2735,3,High-Growth Potential Early Adopters,0,Normal,-3.7208,1.0433,3.0,3.0,2.0,3.0,3.0,2.0,3.0,0.0,1.0,0.0,1.0,2.0,Highly Seasonal,Early Adopter,Medium,High,High,Medium,High,Minimal Change,-,Low,Unknown,Medium
Accoount 2736,3,High-Growth Potential Early Adopters,0,Normal,-1.4758,1.909,0.0,3.0,2.0,3.0,2.0,2.0,3.0,2.0,1.0,2.0,2.0,2.0,Non Seasonal,Early Adopter,Medium,High,Medium,Medium,High,Encouraging,-,Medium,Medium,Medium
Accoount 2737,1,High-Volume Competitive Accounts,0,Normal,-2.9718,-0.0516,1.0,2.0,0.0,3.0,2.0,2.0,3.0,0.0,1.0,0.0,1.0,2.0,Unknown,None,Low,High,Medium,Medium,High,Minimal Change,-,Low,Unknown,Medium
Accoount 2738,1,High-Volume Competitive Accounts,0,Normal,-2.4522,-1.4884,3.0,0.0,0.0,3.0,2.0,0.0,2.0,0.0,1.0,0.0,1.0,2.0,Highly Seasonal,Late Adopter,Low,High,Medium,Low,Medium,Minimal Change,-,Low,Unknown,Medium
Accoount 2739,0,Standard / Low-Engagement Base,0,Normal,1.0117,0.0513,1.0,2.0,0.0,3.0,2.0,0.0,2.0,0.0,1.0,3.0,3.0,2.0,None,None,None,None,None,None,None,None,Yes,High,High,-
Accoount 2740,3,High-Growth Potential Early Adopters,1,Outlier,0.0211,1.655,1.0,2.0,0.0,0.0,2.0,2.0,3.0,3.0,1.0,3.0,3.0,2.0,Unknown,None,Low,Low,Medium,Medium,High,Concerning,Yes,High,High,-
Accoount 2741,0,Standard / Low-Engagement Base,0,Normal,0.0663,-0.3236,2.0,3.0,2.0,3.0,3.0,0.0,0.0,0.0,1.0,2.0,3.0,2.0,Potentially Seasonal,Early Adopter,Medium,High,High,Low,Low,Minimal Change,-,Medium,High,Medium
Accoount 2742,1,High-Volume Competitive Accounts,0,Normal,-1.1776,-1.4558,2.0,0.0,0.0,3.0,2.0,0.0,2.0,0.0,1.0,0.0,3.0,2.0,Potentially Seasonal,Late Adopter,None,None,None,None,None,Minimal Change,-,Low,High,-
Accoount 2743,0,Standard / Low-Engagement Base,0,Normal,1.0117,0.0513,1.0,2.0,0.0,3.0,2.0,0.0,2.0,0.0,1.0,3.0,3.0,2.0,Unknown,None,None,None,None,None,None,None,Yes,High,High,-
Accoount 2744,0,Standard / Low-Engagement Base,0,Normal,1.0117,0.0513,1.0,2.0,0.0,3.0,2.0,0.0,2.0,0.0,1.0,3.0,3.0,2.0,None,None,None,None,None,None,None,None,Yes,High,High,-
Accoount 2745,3,High-Growth Potential Early Adopters,0,Normal,-1.5001,3.4318,2.0,1.0,2.0,3.0,2.0,3.0,4.0,0.0,1.0,3.0,2.0,2.0,Potentially Seasonal,Unknown,Medium,High,Medium,High,Very High,Minimal Change,Yes,High,Medium,Medium
Accoount 2746,2,Lean High-Margin Accounts,0,Normal,-0.004,-1.3896,2.0,1.0,0.0,3.0,3.0,0.0,0.0,0.0,1.0,2.0,2.0,2.0,Potentially Seasonal,Unknown,Low,High,High,Low,Low,Minimal Change,Yes,Medium,Medium,Medium
Accoount 2747,2,Lean High-Margin Accounts,0,Normal,-0.086,-0.7919,0.0,0.0,0.0,3.0,2.0,0.0,2.0,0.0,1.0,2.0,2.0,2.0,Non Seasonal,Late Adopter,Low,High,Medium,Low,Medium,Minimal Change,Yes,Medium,Medium,Medium
Accoount 2748,0,Standard / Low-Engagement Base,0,Normal,1.0117,0.0513,1.0,2.0,0.0,3.0,2.0,0.0,2.0,0.0,1.0,3.0,3.0,2.0,Unknown,None,None,None,None,None,None,None,Yes,High,High,-
Accoount 2749,0,Standard / Low-Engagement Base,0,Normal,1.041,-0.3009,1.0,2.0,0.0,3.0,2.0,0.0,2.0,0.0,1.0,3.0,3.0,0.0,Unknown,None,Low,High,None,None,None,Minimal Change,Yes,High,High,Low
Accoount 2750,3,High-Growth Potential Early Adopters,0,Normal,-1.1729,1.0481,2.0,2.0,0.0,2.0,3.0,2.0,3.0,0.0,1.0,2.0,2.0,2.0,Potentially Seasonal,Trend Follower,Low,Medium,High,Medium,High,Minimal Change,-,Medium,Medium,Medium
Accoount 2751,0,Standard / Low-Engagement Base,0,Normal,1.041,-0.3009,1.0,2.0,0.0,3.0,2.0,0.0,2.0,0.0,1.0,3.0,3.0,0.0,Unknown,None,Low,High,None,None,None,Minimal Change,Yes,High,High,Low
Accoount 2752,3,High-Growth Potential Early Adopters,0,Normal,-1.761,4.1679,2.0,3.0,3.0,3.0,2.0,3.0,4.0,0.0,1.0,3.0,2.0,3.0,Potentially Seasonal,Early Adopter,High,High,Medium,High,Very High,Minimal Change,-,High,Medium,High
Accoount 2753,2,Lean High-Margin Accounts,0,Normal,0.448,-0.0291,1.0,2.0,0.0,3.0,2.0,0.0,2.0,0.0,1.0,3.0,2.0,2.0,None,None,None,None,None,None,None,None,Yes,High,Medium,-
Accoount 2754,3,High-Growth Potential Early Adopters,1,Outlier,-2.9689,3.2732,3.0,3.0,2.0,3.0,0.0,3.0,4.0,0.0,1.0,2.0,1.0,2.0,Highly Seasonal,Early Adopter,Medium,High,Low,High,Very High,Minimal Change,Yes,Medium,Unknown,Medium
Accoount 2755,3,High-Growth Potential Early Adopters,0,Normal,-0.5222,2.8165,2.0,3.0,2.0,3.0,0.0,2.0,3.0,0.0,1.0,3.0,3.0,2.0,Potentially Seasonal,Early Adopter,Medium,High,Low,Medium,High,Minimal Change,Yes,High,High,Medium
Accoount 2756,0,Standard / Low-Engagement Base,0,Normal,1.0117,0.0513,1.0,2.0,0.0,3.0,2.0,0.0,2.0,0.0,1.0,3.0,3.0,2.0,Unknown,None,Low,High,None,None,None,Minimal Change,Yes,High,High,Medium
Accoount 2757,3,High-Growth Potential Early Adopters,0,Normal,-1.2918,3.0656,2.0,3.0,2.0,3.0,3.0,3.0,3.0,0.0,1.0,3.0,2.0,2.0,Potentially Seasonal,Early Adopter,Medium,High,High,High,High,Minimal Change,Yes,High,Medium,Medium
Accoount 2758,1,High-Volume Competitive Accounts,0,Normal,-2.8683,-1.6299,2.0,1.0,0.0,3.0,2.0,0.0,2.0,0.0,1.0,0.0,0.0,2.0,Potentially Seasonal,Unknown,Low,High,Medium,Low,Medium,Minimal Change,-,Low,Low,Medium
Accoount 2759,0,Standard / Low-Engagement Base,0,Normal,1.041,-0.3009,1.0,2.0,0.0,3.0,2.0,0.0,2.0,0.0,1.0,3.0,3.0,0.0,Unknown,None,Low,High,None,None,None,Minimal Change,Yes,High,High,Low
Accoount 2760,3,High-Growth Potential Early Adopters,0,Normal,-0.3126,2.5032,1.0,0.0,2.0,3.0,2.0,2.0,3.0,0.0,1.0,3.0,3.0,3.0,Unknown,Late Adopter,Medium,High,Medium,Medium,High,Minimal Change,Yes,High,High,High
Accoount 2761,3,High-Growth Potential Early Adopters,1,Outlier,-2.7107,3.3307,0.0,3.0,3.0,3.0,2.0,3.0,4.0,0.0,1.0,2.0,1.0,3.0,Non Seasonal,Early Adopter,High,High,Medium,High,Very High,Minimal Change,-,Medium,Unknown,High
Accoount 2762,1,High-Volume Competitive Accounts,0,Normal,-2.439,-1.4822,2.0,2.0,0.0,0.0,2.0,0.0,2.0,2.0,1.0,0.0,1.0,2.0,Potentially Seasonal,None,Low,Low,None,None,None,Encouraging,-,Low,Unknown,-
Accoount 2763,0,Standard / Low-Engagement Base,0,Normal,1.0117,0.0513,1.0,2.0,0.0,3.0,2.0,0.0,2.0,0.0,1.0,3.0,3.0,2.0,None,None,None,None,None,None,None,None,Yes,High,High,-
Accoount 2764,3,High-Growth Potential Early Adopters,0,Normal,-2.3247,4.0874,2.0,3.0,3.0,3.0,2.0,3.0,4.0,0.0,1.0,3.0,1.0,3.0,Potentially Seasonal,Early Adopter,High,High,Medium,High,Very High,Minimal Change,Yes,High,Unknown,High
Accoount 2765,0,Standard / Low-Engagement Base,0,Normal,1.0117,0.0513,1.0,2.0,0.0,3.0,2.0,0.0,2.0,0.0,1.0,3.0,3.0,2.0,Unknown,None,Low,High,None,None,None,None,Yes,High,High,-
Accoount 2766,2,Lean High-Margin Accounts,0,Normal,-0.5273,-0.3402,3.0,1.0,0.0,3.0,2.0,0.0,2.0,0.0,1.0,2.0,2.0,2.0,Highly Seasonal,Unknown,Low,High,Medium,Low,Medium,Minimal Change,-,Medium,Medium,Medium
Accoount 2767,2,Lean High-Margin Accounts,0,Normal,-0.38,-0.4684,2.0,1.0,0.0,3.0,2.0,0.0,2.0,0.0,1.0,2.0,2.0,2.0,Potentially Seasonal,Unknown,Low,High,Medium,Low,Medium,Minimal Change,-,Medium,Medium,Medium
Accoount 2768,3,High-Growth Potential Early Adopters,1,Outlier,-1.1545,3.8463,3.0,3.0,3.0,2.0,3.0,3.0,3.0,0.0,1.0,3.0,3.0,3.0,Highly Seasonal,Early Adopter,High,Medium,High,High,High,Minimal Change,-,High,High,High
Accoount 2769,2,Lean High-Margin Accounts,0,Normal,-1.3599,-0.6903,1.0,2.0,0.0,3.0,2.0,0.0,2.0,0.0,1.0,2.0,0.0,2.0,None,None,None,None,None,None,None,None,-,Medium,Low,-
Accoount 2770,0,Standard / Low-Engagement Base,0,Normal,1.0117,0.0513,1.0,2.0,0.0,3.0,2.0,0.0,2.0,0.0,1.0,3.0,3.0,2.0,None,None,None,None,None,None,None,None,Yes,High,High,-
Accoount 2771,1,High-Volume Competitive Accounts,0,Normal,-3.1679,-0.116,2.0,2.0,0.0,3.0,0.0,2.0,3.0,0.0,1.0,0.0,1.0,0.0,Potentially Seasonal,Trend Follower,None,None,Low,Medium,High,Minimal Change,Yes,Low,Unknown,Low
Accoount 2772,0,Standard / Low-Engagement Base,0,Normal,1.0117,0.0513,1.0,2.0,0.0,3.0,2.0,0.0,2.0,0.0,1.0,3.0,3.0,2.0,Unknown,None,None,None,None,None,None,None,Yes,High,High,Medium
Accoount 2773,0,Standard / Low-Engagement Base,0,Normal,1.0117,0.0513,1.0,2.0,0.0,3.0,2.0,0.0,2.0,0.0,1.0,3.0,3.0,2.0,Unknown,None,None,None,None,None,None,None,Yes,High,High,-
Accoount 2774,2,Lean High-Margin Accounts,0,Normal,0.448,-0.0291,1.0,2.0,0.0,3.0,2.0,0.0,2.0,0.0,1.0,3.0,2.0,2.0,Unknown,None,None,None,None,None,None,None,Yes,High,Medium,-
Accoount 2775,2,Lean High-Margin Accounts,0,Normal,-0.1158,-0.1095,1.0,2.0,0.0,3.0,2.0,0.0,2.0,0.0,1.0,3.0,1.0,2.0,None,None,None,None,None,None,None,None,Yes,High,Unknown,-
Accoount 2776,0,Standard / Low-Engagement Base,0,Normal,1.0117,0.0513,1.0,2.0,0.0,3.0,2.0,0.0,2.0,0.0,1.0,3.0,3.0,2.0,None,None,None,None,None,None,None,None,Yes,High,High,-
Accoount 2777,1,High-Volume Competitive Accounts,0,Normal,-2.3042,-1.4823,2.0,2.0,0.0,3.0,2.0,0.0,2.0,0.0,1.0,0.0,1.0,2.0,Potentially Seasonal,None,Low,High,Medium,Low,Medium,Minimal Change,-,Low,Unknown,-
Accoount 2778,3,High-Growth Potential Early Adopters,0,Normal,-0.5234,2.615,2.0,0.0,2.0,3.0,0.0,2.0,3.0,0.0,1.0,3.0,3.0,2.0,Potentially Seasonal,Late Adopter,Medium,High,Low,Medium,High,Minimal Change,Yes,High,High,Medium
Accoount 2779,0,Standard / Low-Engagement Base,0,Normal,0.1837,-0.388,2.0,1.0,0.0,3.0,2.0,0.0,2.0,0.0,1.0,2.0,3.0,2.0,Potentially Seasonal,Unknown,Low,High,None,None,None,Minimal Change,-,Medium,High,Medium
Accoount 2780,0,Standard / Low-Engagement Base,0,Normal,0.9334,0.211,1.0,2.0,0.0,3.0,0.0,0.0,2.0,0.0,1.0,3.0,3.0,2.0,Unknown,None,Low,High,Low,Low,Medium,None,Yes,High,High,Medium
Accoount 2781,0,Standard / Low-Engagement Base,0,Normal,-0.3097,0.5976,2.0,3.0,2.0,3.0,2.0,0.0,2.0,0.0,1.0,2.0,3.0,2.0,Potentially Seasonal,Early Adopter,Medium,High,None,None,None,Minimal Change,-,Medium,High,Medium
Accoount 2782,0,Standard / Low-Engagement Base,0,Normal,1.0117,0.0513,1.0,2.0,0.0,3.0,2.0,0.0,2.0,0.0,1.0,3.0,3.0,2.0,Unknown,None,None,None,None,None,None,None,Yes,High,High,-
Accoount 2783,2,Lean High-Margin Accounts,0,Normal,0.448,-0.0291,1.0,2.0,0.0,3.0,2.0,0.0,2.0,0.0,1.0,3.0,2.0,2.0,None,None,None,None,None,None,None,None,Yes,High,Medium,-
Accoount 2784,0,Standard / Low-Engagement Base,0,Normal,1.0117,0.0513,1.0,2.0,0.0,3.0,2.0,0.0,2.0,0.0,1.0,3.0,3.0,2.0,Unknown,None,None,None,None,None,None,None,-,-,-,-
Accoount 2785,3,High-Growth Potential Early Adopters,0,Normal,-1.8415,2.0248,0.0,1.0,2.0,3.0,2.0,2.0,3.0,0.0,1.0,3.0,0.0,2.0,Non Seasonal,Unknown,Medium,High,Medium,Medium,High,Minimal Change,Yes,High,Low,Medium
Accoount 2786,0,Standard / Low-Engagement Base,0,Normal,1.0117,0.0513,1.0,2.0,0.0,3.0,2.0,0.0,2.0,0.0,1.0,3.0,3.0,2.0,Unknown,None,None,None,None,None,None,None,Yes,High,High,-
Accoount 2787,1,High-Volume Competitive Accounts,0,Normal,-3.2666,0.1376,3.0,1.0,0.0,3.0,2.0,2.0,3.0,0.0,1.0,0.0,1.0,2.0,Highly Seasonal,Unknown,Low,High,Medium,Medium,High,Minimal Change,-,Low,Unknown,Medium
Accoount 2788,0,Standard / Low-Engagement Base,0,Normal,0.9334,0.211,1.0,2.0,0.0,3.0,0.0,0.0,2.0,0.0,1.0,3.0,3.0,2.0,Unknown,None,Low,High,Low,Low,Medium,Minimal Change,Yes,High,High,-
Accoount 2789,0,Standard / Low-Engagement Base,0,Normal,1.0117,0.0513,1.0,2.0,0.0,3.0,2.0,0.0,2.0,0.0,1.0,3.0,3.0,2.0,None,None,None,None,None,None,None,None,Yes,High,High,-
Accoount 2790,1,High-Volume Competitive Accounts,0,Normal,-2.157,-1.6105,1.0,2.0,0.0,3.0,2.0,0.0,2.0,0.0,1.0,0.0,1.0,2.0,None,None,None,None,None,None,None,None,Yes,Low,Unknown,-
Accoount 2791,0,Standard / Low-Engagement Base,0,Normal,1.0117,0.0513,1.0,2.0,0.0,3.0,2.0,0.0,2.0,0.0,1.0,3.0,3.0,2.0,None,None,None,None,None,None,None,None,Yes,High,High,-
Accoount 2792,1,High-Volume Competitive Accounts,0,Normal,-2.6515,-0.8264,1.0,1.0,2.0,3.0,2.0,0.0,2.0,0.0,1.0,0.0,1.0,2.0,Unknown,Unknown,Medium,High,Medium,Low,Medium,Minimal Change,-,Low,Unknown,Medium
Accoount 2793,0,Standard / Low-Engagement Base,0,Normal,1.0117,0.0513,1.0,2.0,0.0,3.0,2.0,0.0,2.0,0.0,1.0,3.0,3.0,2.0,Unknown,None,Low,High,None,None,None,Minimal Change,Yes,High,High,-
Accoount 2794,2,Lean High-Margin Accounts,0,Normal,-0.2328,-0.5966,1.0,1.0,0.0,3.0,2.0,0.0,2.0,0.0,1.0,2.0,2.0,2.0,Unknown,Unknown,Low,High,None,None,None,Minimal Change,-,Medium,Medium,Medium
Accoount 2795,2,Lean High-Margin Accounts,0,Normal,-0.7962,-0.6099,1.0,2.0,0.0,3.0,2.0,0.0,2.0,0.0,1.0,2.0,1.0,2.0,None,None,None,None,None,None,None,None,Yes,Medium,Unknown,-
Accoount 2796,0,Standard / Low-Engagement Base,0,Normal,0.7173,0.3077,3.0,2.0,0.0,3.0,2.0,0.0,2.0,0.0,1.0,3.0,3.0,2.0,Highly Seasonal,Trend Follower,Low,High,Medium,Low,Medium,Minimal Change,Yes,High,High,Medium
Accoount 2797,0,Standard / Low-Engagement Base,0,Normal,1.0117,0.0513,1.0,2.0,0.0,3.0,2.0,0.0,2.0,0.0,1.0,3.0,3.0,2.0,None,None,None,None,None,None,None,None,Yes,High,High,-
Accoount 2798,1,High-Volume Competitive Accounts,0,Normal,-1.0296,-1.4496,1.0,2.0,0.0,3.0,2.0,0.0,2.0,0.0,1.0,0.0,3.0,2.0,None,None,None,None,None,None,None,None,-,Low,High,-
Accoount 2799,2,Lean High-Margin Accounts,0,Normal,-0.0044,-1.4567,2.0,0.0,0.0,3.0,3.0,0.0,0.0,0.0,1.0,2.0,2.0,2.0,Potentially Seasonal,Late Adopter,Low,High,High,Low,Low,Minimal Change,-,Medium,Medium,Medium
Accoount 2800,3,High-Growth Potential Early Adopters,0,Normal,-1.641,1.5643,2.0,3.0,0.0,3.0,2.0,2.0,3.0,0.0,1.0,3.0,0.0,2.0,Potentially Seasonal,Early Adopter,Low,High,Medium,Medium,High,Minimal Change,Yes,High,Low,Medium
Accoount 2801,3,High-Growth Potential Early Adopters,0,Normal,-0.375,2.6883,1.0,3.0,2.0,3.0,0.0,2.0,3.0,0.0,1.0,3.0,3.0,2.0,Unknown,Early Adopter,Medium,High,Low,Medium,High,Minimal Change,Yes,High,High,Medium
Accoount 2802,2,Lean High-Margin Accounts,0,Normal,-0.1379,-0.7468,0.0,2.0,0.0,0.0,2.0,0.0,2.0,0.0,1.0,2.0,2.0,2.0,Non Seasonal,Trend Follower,Low,Low,None,None,None,Minimal Change,Yes,Medium,Medium,Medium
Accoount 2803,0,Standard / Low-Engagement Base,0,Normal,1.0117,0.0513,1.0,2.0,0.0,3.0,2.0,0.0,2.0,0.0,1.0,3.0,3.0,2.0,None,None,None,None,None,None,None,None,-,-,-,-
Accoount 2804,0,Standard / Low-Engagement Base,0,Normal,1.0117,0.0513,1.0,2.0,0.0,3.0,2.0,0.0,2.0,0.0,1.0,3.0,3.0,2.0,None,None,None,None,None,None,None,None,-,-,-,-
Accoount 2805,0,Standard / Low-Engagement Base,0,Normal,1.0117,0.0513,1.0,2.0,0.0,3.0,2.0,0.0,2.0,0.0,1.0,3.0,3.0,2.0,None,None,None,None,None,None,None,None,-,-,-,-
Accoount 2806,0,Standard / Low-Engagement Base,0,Normal,1.0117,0.0513,1.0,2.0,0.0,3.0,2.0,0.0,2.0,0.0,1.0,3.0,3.0,2.0,None,None,None,None,None,None,None,None,-,-,-,-
Accoount 2807,0,Standard / Low-Engagement Base,0,Normal,1.0117,0.0513,1.0,2.0,0.0,3.0,2.0,0.0,2.0,0.0,1.0,3.0,3.0,2.0,None,None,None,None,None,None,None,None,-,-,-,-
Accoount 2808,0,Standard / Low-Engagement Base,0,Normal,1.0117,0.0513,1.0,2.0,0.0,3.0,2.0,0.0,2.0,0.0,1.0,3.0,3.0,2.0,None,None,None,None,None,None,None,None,-,-,-,-
Accoount 2809,0,Standard / Low-Engagement Base,0,Normal,1.0117,0.0513,1.0,2.0,0.0,3.0,2.0,0.0,2.0,0.0,1.0,3.0,3.0,2.0,None,None,None,None,None,None,None,None,-,-,-,-
Accoount 2810,0,Standard / Low-Engagement Base,0,Normal,1.0117,0.0513,1.0,2.0,0.0,3.0,2.0,0.0,2.0,0.0,1.0,3.0,3.0,2.0,None,None,None,None,None,None,None,None,-,-,-,-
Accoount 2811,0,Standard / Low-Engagement Base,0,Normal,1.0117,0.0513,1.0,2.0,0.0,3.0,2.0,0.0,2.0,0.0,1.0,3.0,3.0,2.0,None,None,None,None,None,None,None,None,-,-,-,-
Accoount 2812,0,Standard / Low-Engagement Base,0,Normal,1.0117,0.0513,1.0,2.0,0.0,3.0,2.0,0.0,2.0,0.0,1.0,3.0,3.0,2.0,None,None,None,None,None,None,None,None,-,-,-,-
Accoount 2813,0,Standard / Low-Engagement Base,0,Normal,1.0117,0.0513,1.0,2.0,0.0,3.0,2.0,0.0,2.0,0.0,1.0,3.0,3.0,2.0,None,None,None,None,None,None,None,None,-,-,-,-
Accoount 2814,0,Standard / Low-Engagement Base,0,Normal,1.0117,0.0513,1.0,2.0,0.0,3.0,2.0,0.0,2.0,0.0,1.0,3.0,3.0,2.0,None,None,None,None,None,None,None,None,-,-,-,-
Accoount 2815,0,Standard / Low-Engagement Base,0,Normal,1.0117,0.0513,1.0,2.0,0.0,3.0,2.0,0.0,2.0,0.0,1.0,3.0,3.0,2.0,None,None,None,None,None,None,None,None,-,-,-,-
Accoount 2816,0,Standard / Low-Engagement Base,0,Normal,1.0117,0.0513,1.0,2.0,0.0,3.0,2.0,0.0,2.0,0.0,1.0,3.0,3.0,2.0,None,None,None,None,None,None,None,None,-,-,-,-
Accoount 2817,0,Standard / Low-Engagement Base,0,Normal,1.0117,0.0513,1.0,2.0,0.0,3.0,2.0,0.0,2.0,0.0,1.0,3.0,3.0,2.0,None,None,None,None,Medium,Low,Medium,None,-,-,-,-
Accoount 2818,0,Standard / Low-Engagement Base,0,Normal,1.0117,0.0513,1.0,2.0,0.0,3.0,2.0,0.0,2.0,0.0,1.0,3.0,3.0,2.0,None,None,None,None,None,None,None,None,-,-,-,-
Accoount 2819,0,Standard / Low-Engagement Base,0,Normal,1.0117,0.0513,1.0,2.0,0.0,3.0,2.0,0.0,2.0,0.0,1.0,3.0,3.0,2.0,None,None,None,None,None,None,None,None,-,-,-,-
Accoount 2820,0,Standard / Low-Engagement Base,0,Normal,1.0117,0.0513,1.0,2.0,0.0,3.0,2.0,0.0,2.0,0.0,1.0,3.0,3.0,2.0,None,None,None,None,None,None,None,None,-,-,-,-
Accoount 2821,0,Standard / Low-Engagement Base,0,Normal,1.0117,0.0513,1.0,2.0,0.0,3.0,2.0,0.0,2.0,0.0,1.0,3.0,3.0,2.0,None,None,None,None,None,None,None,None,-,-,-,-
Accoount 2822,0,Standard / Low-Engagement Base,0,Normal,1.0117,0.0513,1.0,2.0,0.0,3.0,2.0,0.0,2.0,0.0,1.0,3.0,3.0,2.0,None,None,None,None,None,None,None,None,-,-,-,-
Accoount 2823,0,Standard / Low-Engagement Base,0,Normal,1.0117,0.0513,1.0,2.0,0.0,3.0,2.0,0.0,2.0,0.0,1.0,3.0,3.0,2.0,None,None,None,None,Medium,Low,Medium,None,-,-,-,-
Accoount 2824,0,Standard / Low-Engagement Base,0,Normal,1.3877,-0.8699,1.0,2.0,0.0,3.0,3.0,0.0,0.0,0.0,1.0,3.0,3.0,2.0,None,None,None,None,High,Low,Low,None,-,-,-,-
Accoount 2825,0,Standard / Low-Engagement Base,0,Normal,0.9334,0.211,1.0,2.0,0.0,3.0,0.0,0.0,2.0,0.0,1.0,3.0,3.0,2.0,None,None,None,None,Low,Low,Medium,None,-,-,-,-
Accoount 2826,0,Standard / Low-Engagement Base,0,Normal,0.9334,0.211,1.0,2.0,0.0,3.0,0.0,0.0,2.0,0.0,1.0,3.0,3.0,2.0,None,None,None,None,Low,Low,Medium,None,-,-,-,-
Accoount 2827,0,Standard / Low-Engagement Base,0,Normal,0.9334,0.211,1.0,2.0,0.0,3.0,0.0,0.0,2.0,0.0,1.0,3.0,3.0,2.0,None,None,None,None,Low,Low,Medium,None,-,-,-,-
Accoount 2828,0,Standard / Low-Engagement Base,0,Normal,1.0117,0.0513,1.0,2.0,0.0,3.0,2.0,0.0,2.0,0.0,1.0,3.0,3.0,2.0,None,None,None,None,None,None,None,None,-,-,-,-
Accoount 2829,0,Standard / Low-Engagement Base,0,Normal,1.0117,0.0513,1.0,2.0,0.0,3.0,2.0,0.0,2.0,0.0,1.0,3.0,3.0,2.0,None,None,None,None,None,None,None,None,-,-,-,-
Accoount 2830,0,Standard / Low-Engagement Base,0,Normal,1.0117,0.0513,1.0,2.0,0.0,3.0,2.0,0.0,2.0,0.0,1.0,3.0,3.0,2.0,None,None,None,None,None,None,None,None,-,-,-,-
Accoount 2831,0,Standard / Low-Engagement Base,0,Normal,1.0117,0.0513,1.0,2.0,0.0,3.0,2.0,0.0,2.0,0.0,1.0,3.0,3.0,2.0,None,None,None,None,None,None,None,None,-,-,-,-
Accoount 2832,0,Standard / Low-Engagement Base,0,Normal,1.0117,0.0513,1.0,2.0,0.0,3.0,2.0,0.0,2.0,0.0,1.0,3.0,3.0,2.0,None,None,None,None,None,None,None,None,-,-,-,-
Accoount 2833,0,Standard / Low-Engagement Base,0,Normal,1.0117,0.0513,1.0,2.0,0.0,3.0,2.0,0.0,2.0,0.0,1.0,3.0,3.0,2.0,None,None,None,None,None,None,None,None,-,-,-,-
Accoount 2834,0,Standard / Low-Engagement Base,0,Normal,1.0117,0.0513,1.0,2.0,0.0,3.0,2.0,0.0,2.0,0.0,1.0,3.0,3.0,2.0,None,None,None,None,None,None,None,None,-,-,-,-
Accoount 2835,0,Standard / Low-Engagement Base,0,Normal,1.0117,0.0513,1.0,2.0,0.0,3.0,2.0,0.0,2.0,0.0,1.0,3.0,3.0,2.0,None,None,None,None,None,None,None,None,-,-,-,-
Accoount 2836,0,Standard / Low-Engagement Base,0,Normal,1.0117,0.0513,1.0,2.0,0.0,3.0,2.0,0.0,2.0,0.0,1.0,3.0,3.0,2.0,None,None,None,None,None,None,None,None,-,-,-,-
Accoount 2837,0,Standard / Low-Engagement Base,0,Normal,1.0117,0.0513,1.0,2.0,0.0,3.0,2.0,0.0,2.0,0.0,1.0,3.0,3.0,2.0,None,None,None,None,None,None,None,None,-,-,-,-
Accoount 2838,0,Standard / Low-Engagement Base,0,Normal,1.0117,0.0513,1.0,2.0,0.0,3.0,2.0,0.0,2.0,0.0,1.0,3.0,3.0,2.0,None,None,None,None,None,None,None,None,-,-,-,-
Accoount 2839,0,Standard / Low-Engagement Base,0,Normal,1.0117,0.0513,1.0,2.0,0.0,3.0,2.0,0.0,2.0,0.0,1.0,3.0,3.0,2.0,None,None,None,None,None,None,None,None,-,-,-,-
Accoount 2840,0,Standard / Low-Engagement Base,0,Normal,1.0117,0.0513,1.0,2.0,0.0,3.0,2.0,0.0,2.0,0.0,1.0,3.0,3.0,2.0,None,None,None,None,None,None,None,None,-,-,-,-
Accoount 2841,0,Standard / Low-Engagement Base,0,Normal,1.0117,0.0513,1.0,2.0,0.0,3.0,2.0,0.0,2.0,0.0,1.0,3.0,3.0,2.0,None,None,None,None,None,None,None,None,-,-,-,-
Accoount 2842,0,Standard / Low-Engagement Base,0,Normal,1.0117,0.0513,1.0,2.0,0.0,3.0,2.0,0.0,2.0,0.0,1.0,3.0,3.0,2.0,None,None,None,None,None,None,None,None,-,-,-,-
Accoount 2843,0,Standard / Low-Engagement Base,0,Normal,1.0117,0.0513,1.0,2.0,0.0,3.0,2.0,0.0,2.0,0.0,1.0,3.0,3.0,2.0,None,None,None,None,None,None,None,None,-,-,-,-
Accoount 2844,0,Standard / Low-Engagement Base,0,Normal,1.0117,0.0513,1.0,2.0,0.0,3.0,2.0,0.0,2.0,0.0,1.0,3.0,3.0,2.0,None,None,None,None,None,None,None,None,-,-,-,-
Accoount 2845,0,Standard / Low-Engagement Base,0,Normal,1.0117,0.0513,1.0,2.0,0.0,3.0,2.0,0.0,2.0,0.0,1.0,3.0,3.0,2.0,None,None,None,None,None,None,None,None,-,-,-,-
Accoount 2846,0,Standard / Low-Engagement Base,0,Normal,1.0117,0.0513,1.0,2.0,0.0,3.0,2.0,0.0,2.0,0.0,1.0,3.0,3.0,2.0,None,None,None,None,None,None,None,None,-,-,-,-
Accoount 2847,0,Standard / Low-Engagement Base,0,Normal,0.9334,0.211,1.0,2.0,0.0,3.0,0.0,0.0,2.0,0.0,1.0,3.0,3.0,2.0,None,None,None,None,Low,Low,Medium,None,-,-,-,-
Accoount 2848,0,Standard / Low-Engagement Base,0,Normal,1.0117,0.0513,1.0,2.0,0.0,3.0,2.0,0.0,2.0,0.0,1.0,3.0,3.0,2.0,None,None,None,None,None,None,None,None,-,-,-,-
Accoount 2849,0,Standard / Low-Engagement Base,0,Normal,1.0117,0.0513,1.0,2.0,0.0,3.0,2.0,0.0,2.0,0.0,1.0,3.0,3.0,2.0,None,None,None,None,Medium,Low,Medium,None,-,-,-,-
Accoount 2850,0,Standard / Low-Engagement Base,0,Normal,1.0117,0.0513,1.0,2.0,0.0,3.0,2.0,0.0,2.0,0.0,1.0,3.0,3.0,2.0,None,None,None,None,None,None,None,None,-,-,-,-
Accoount 2851,0,Standard / Low-Engagement Base,0,Normal,1.0117,0.0513,1.0,2.0,0.0,3.0,2.0,0.0,2.0,0.0,1.0,3.0,3.0,2.0,None,None,None,None,None,None,None,None,-,-,-,-
Accoount 2852,0,Standard / Low-Engagement Base,0,Normal,1.0117,0.0513,1.0,2.0,0.0,3.0,2.0,0.0,2.0,0.0,1.0,3.0,3.0,2.0,None,None,None,None,None,None,None,None,-,-,-,-
Accoount 2853,0,Standard / Low-Engagement Base,0,Normal,1.0117,0.0513,1.0,2.0,0.0,3.0,2.0,0.0,2.0,0.0,1.0,3.0,3.0,2.0,None,None,None,None,None,None,None,None,-,-,-,-
Accoount 2854,0,Standard / Low-Engagement Base,0,Normal,0.9334,0.211,1.0,2.0,0.0,3.0,0.0,0.0,2.0,0.0,1.0,3.0,3.0,2.0,None,None,None,None,Low,Low,Medium,None,-,-,-,-
Accoount 2855,0,Standard / Low-Engagement Base,0,Normal,0.1969,1.6102,1.0,2.0,0.0,3.0,2.0,2.0,3.0,0.0,1.0,3.0,3.0,2.0,None,None,None,None,Medium,Medium,High,None,-,-,-,-
Accoount 2856,0,Standard / Low-Engagement Base,0,Normal,1.0117,0.0513,1.0,2.0,0.0,3.0,2.0,0.0,2.0,0.0,1.0,3.0,3.0,2.0,None,None,None,None,None,None,None,None,-,-,-,-
Accoount 2857,0,Standard / Low-Engagement Base,0,Normal,1.0117,0.0513,1.0,2.0,0.0,3.0,2.0,0.0,2.0,0.0,1.0,3.0,3.0,2.0,None,None,None,None,None,None,None,None,-,-,-,-
Accoount 2858,0,Standard / Low-Engagement Base,0,Normal,1.0117,0.0513,1.0,2.0,0.0,3.0,2.0,0.0,2.0,0.0,1.0,3.0,3.0,2.0,None,None,None,None,None,None,None,None,-,-,-,-
Accoount 2859,0,Standard / Low-Engagement Base,0,Normal,1.0117,0.0513,1.0,2.0,0.0,3.0,2.0,0.0,2.0,0.0,1.0,3.0,3.0,2.0,None,None,None,None,None,None,None,None,-,-,-,-
Accoount 2860,0,Standard / Low-Engagement Base,0,Normal,1.0117,0.0513,1.0,2.0,0.0,3.0,2.0,0.0,2.0,0.0,1.0,3.0,3.0,2.0,None,None,None,None,None,None,None,None,-,-,-,-
Accoount 2861,0,Standard / Low-Engagement Base,0,Normal,1.0117,0.0513,1.0,2.0,0.0,3.0,2.0,0.0,2.0,0.0,1.0,3.0,3.0,2.0,None,None,None,None,None,None,None,None,-,-,-,-
Accoount 2862,0,Standard / Low-Engagement Base,0,Normal,1.0117,0.0513,1.0,2.0,0.0,3.0,2.0,0.0,2.0,0.0,1.0,3.0,3.0,2.0,None,None,None,None,None,None,None,None,-,-,-,-
Accoount 2863,0,Standard / Low-Engagement Base,0,Normal,1.0117,0.0513,1.0,2.0,0.0,3.0,2.0,0.0,2.0,0.0,1.0,3.0,3.0,2.0,None,None,None,None,None,None,None,None,-,-,-,-
Accoount 2864,0,Standard / Low-Engagement Base,0,Normal,1.0117,0.0513,1.0,2.0,0.0,3.0,2.0,0.0,2.0,0.0,1.0,3.0,3.0,2.0,None,None,None,None,None,None,None,None,-,-,-,-
Accoount 2865,0,Standard / Low-Engagement Base,0,Normal,1.0117,0.0513,1.0,2.0,0.0,3.0,2.0,0.0,2.0,0.0,1.0,3.0,3.0,2.0,None,None,None,None,None,None,None,None,-,-,-,-
Accoount 2866,0,Standard / Low-Engagement Base,0,Normal,1.0117,0.0513,1.0,2.0,0.0,3.0,2.0,0.0,2.0,0.0,1.0,3.0,3.0,2.0,None,None,None,None,None,None,None,None,-,-,-,-
Accoount 2867,0,Standard / Low-Engagement Base,0,Normal,1.0117,0.0513,1.0,2.0,0.0,3.0,2.0,0.0,2.0,0.0,1.0,3.0,3.0,2.0,None,None,None,None,None,None,None,None,-,-,-,-
Accoount 2868,3,High-Growth Potential Early Adopters,0,Normal,0.1187,1.7699,1.0,2.0,0.0,3.0,0.0,2.0,3.0,0.0,1.0,3.0,3.0,2.0,None,None,None,None,Low,Medium,High,None,-,-,-,-
Accoount 2869,0,Standard / Low-Engagement Base,0,Normal,1.0117,0.0513,1.0,2.0,0.0,3.0,2.0,0.0,2.0,0.0,1.0,3.0,3.0,2.0,None,None,None,None,Medium,Low,Medium,None,-,-,-,-
Accoount 2870,0,Standard / Low-Engagement Base,0,Normal,1.0117,0.0513,1.0,2.0,0.0,3.0,2.0,0.0,2.0,0.0,1.0,3.0,3.0,2.0,None,None,None,None,None,None,None,None,-,-,-,-
Accoount 2871,0,Standard / Low-Engagement Base,0,Normal,1.0117,0.0513,1.0,2.0,0.0,3.0,2.0,0.0,2.0,0.0,1.0,3.0,3.0,2.0,None,None,None,None,None,None,None,None,-,-,-,-
Accoount 2872,0,Standard / Low-Engagement Base,0,Normal,1.0117,0.0513,1.0,2.0,0.0,3.0,2.0,0.0,2.0,0.0,1.0,3.0,3.0,2.0,None,None,None,None,Medium,Low,Medium,None,-,-,-,-
Accoount 2873,0,Standard / Low-Engagement Base,0,Normal,0.1969,1.6102,1.0,2.0,0.0,3.0,2.0,2.0,3.0,0.0,1.0,3.0,3.0,2.0,None,None,None,None,Medium,Medium,High,None,-,-,-,-
Accoount 2874,0,Standard / Low-Engagement Base,0,Normal,1.0117,0.0513,1.0,2.0,0.0,3.0,2.0,0.0,2.0,0.0,1.0,3.0,3.0,2.0,None,None,None,None,None,None,None,None,-,-,-,-
Accoount 2875,0,Standard / Low-Engagement Base,0,Normal,1.0117,0.0513,1.0,2.0,0.0,3.0,2.0,0.0,2.0,0.0,1.0,3.0,3.0,2.0,None,None,None,None,None,None,None,None,-,-,-,-
Accoount 2876,0,Standard / Low-Engagement Base,0,Normal,1.0117,0.0513,1.0,2.0,0.0,3.0,2.0,0.0,2.0,0.0,1.0,3.0,3.0,2.0,None,None,None,None,None,None,None,None,-,-,-,-
Accoount 2877,0,Standard / Low-Engagement Base,0,Normal,1.0117,0.0513,1.0,2.0,0.0,3.0,2.0,0.0,2.0,0.0,1.0,3.0,3.0,2.0,None,None,None,None,None,None,None,None,-,-,-,-
Accoount 2878,0,Standard / Low-Engagement Base,0,Normal,1.0117,0.0513,1.0,2.0,0.0,3.0,2.0,0.0,2.0,0.0,1.0,3.0,3.0,2.0,None,None,None,None,None,None,None,None,-,-,-,-
Accoount 2879,0,Standard / Low-Engagement Base,0,Normal,1.0117,0.0513,1.0,2.0,0.0,3.0,2.0,0.0,2.0,0.0,1.0,3.0,3.0,2.0,None,None,None,None,None,None,None,None,-,-,-,-
Accoount 2880,0,Standard / Low-Engagement Base,0,Normal,1.0117,0.0513,1.0,2.0,0.0,3.0,2.0,0.0,2.0,0.0,1.0,3.0,3.0,2.0,None,None,None,None,None,None,None,None,-,-,-,-
Accoount 2881,0,Standard / Low-Engagement Base,0,Normal,1.0117,0.0513,1.0,2.0,0.0,3.0,2.0,0.0,2.0,0.0,1.0,3.0,3.0,2.0,None,None,None,None,None,None,None,None,-,-,-,-
Accoount 2882,0,Standard / Low-Engagement Base,0,Normal,1.0117,0.0513,1.0,2.0,0.0,3.0,2.0,0.0,2.0,0.0,1.0,3.0,3.0,2.0,None,None,None,None,None,None,None,None,-,-,-,-
Accoount 2883,0,Standard / Low-Engagement Base,0,Normal,1.0117,0.0513,1.0,2.0,0.0,3.0,2.0,0.0,2.0,0.0,1.0,3.0,3.0,2.0,None,None,None,None,None,None,None,None,-,-,-,-
Accoount 2884,0,Standard / Low-Engagement Base,0,Normal,1.0117,0.0513,1.0,2.0,0.0,3.0,2.0,0.0,2.0,0.0,1.0,3.0,3.0,2.0,None,None,None,None,None,None,None,None,-,-,-,-
Accoount 2885,0,Standard / Low-Engagement Base,0,Normal,1.0117,0.0513,1.0,2.0,0.0,3.0,2.0,0.0,2.0,0.0,1.0,3.0,3.0,2.0,None,None,None,None,None,None,None,None,-,-,-,-
Accoount 2886,0,Standard / Low-Engagement Base,0,Normal,1.0117,0.0513,1.0,2.0,0.0,3.0,2.0,0.0,2.0,0.0,1.0,3.0,3.0,2.0,None,None,None,None,None,None,None,None,-,-,-,-
Accoount 2887,0,Standard / Low-Engagement Base,0,Normal,1.0117,0.0513,1.0,2.0,0.0,3.0,2.0,0.0,2.0,0.0,1.0,3.0,3.0,2.0,None,None,None,None,None,None,None,None,-,-,-,-
Accoount 2888,0,Standard / Low-Engagement Base,0,Normal,1.0117,0.0513,1.0,2.0,0.0,3.0,2.0,0.0,2.0,0.0,1.0,3.0,3.0,2.0,None,None,None,None,None,None,None,None,-,-,-,-
Accoount 2889,0,Standard / Low-Engagement Base,0,Normal,1.0117,0.0513,1.0,2.0,0.0,3.0,2.0,0.0,2.0,0.0,1.0,3.0,3.0,2.0,None,None,None,None,None,None,None,None,-,-,-,-
Accoount 2890,0,Standard / Low-Engagement Base,0,Normal,1.0117,0.0513,1.0,2.0,0.0,3.0,2.0,0.0,2.0,0.0,1.0,3.0,3.0,2.0,None,None,None,None,None,None,None,None,-,-,-,-
Accoount 2891,0,Standard / Low-Engagement Base,0,Normal,0.9334,0.211,1.0,2.0,0.0,3.0,0.0,0.0,2.0,0.0,1.0,3.0,3.0,2.0,None,None,None,None,Low,Low,Medium,None,-,-,-,-
Accoount 2892,3,High-Growth Potential Early Adopters,0,Normal,-0.3729,2.7597,1.0,2.0,0.0,3.0,0.0,3.0,4.0,0.0,1.0,3.0,3.0,2.0,None,None,None,None,Low,High,Very High,None,-,-,-,-
Accoount 2893,0,Standard / Low-Engagement Base,0,Normal,0.1969,1.6102,1.0,2.0,0.0,3.0,2.0,2.0,3.0,0.0,1.0,3.0,3.0,2.0,None,None,None,None,Medium,Medium,High,None,-,-,-,-
Accoount 2894,0,Standard / Low-Engagement Base,0,Normal,1.0117,0.0513,1.0,2.0,0.0,3.0,2.0,0.0,2.0,0.0,1.0,3.0,3.0,2.0,None,None,None,None,None,None,None,None,-,-,-,-
Accoount 2895,0,Standard / Low-Engagement Base,0,Normal,1.0117,0.0513,1.0,2.0,0.0,3.0,2.0,0.0,2.0,0.0,1.0,3.0,3.0,2.0,None,None,None,None,None,None,None,None,-,-,-,-
Accoount 2896,0,Standard / Low-Engagement Base,0,Normal,1.0117,0.0513,1.0,2.0,0.0,3.0,2.0,0.0,2.0,0.0,1.0,3.0,3.0,2.0,None,None,None,None,None,None,None,None,-,-,-,-
Accoount 2897,0,Standard / Low-Engagement Base,0,Normal,1.0117,0.0513,1.0,2.0,0.0,3.0,2.0,0.0,2.0,0.0,1.0,3.0,3.0,2.0,None,None,None,None,None,None,None,None,-,-,-,-
Accoount 2898,0,Standard / Low-Engagement Base,0,Normal,1.0117,0.0513,1.0,2.0,0.0,3.0,2.0,0.0,2.0,0.0,1.0,3.0,3.0,2.0,None,None,None,None,None,None,None,None,-,-,-,-
Accoount 2899,0,Standard / Low-Engagement Base,0,Normal,1.0117,0.0513,1.0,2.0,0.0,3.0,2.0,0.0,2.0,0.0,1.0,3.0,3.0,2.0,None,None,None,None,None,None,None,None,-,-,-,-
Accoount 2900,0,Standard / Low-Engagement Base,0,Normal,1.0117,0.0513,1.0,2.0,0.0,3.0,2.0,0.0,2.0,0.0,1.0,3.0,3.0,2.0,None,None,None,None,None,None,None,None,-,-,-,-
Accoount 2901,3,High-Growth Potential Early Adopters,0,Normal,-0.3729,2.7597,1.0,2.0,0.0,3.0,0.0,3.0,4.0,0.0,1.0,3.0,3.0,2.0,None,None,None,None,Low,High,Very High,None,-,-,-,-
Accoount 2902,0,Standard / Low-Engagement Base,0,Normal,1.0117,0.0513,1.0,2.0,0.0,3.0,2.0,0.0,2.0,0.0,1.0,3.0,3.0,2.0,None,None,None,None,None,None,None,None,-,-,-,-
Accoount 2903,0,Standard / Low-Engagement Base,0,Normal,1.0117,0.0513,1.0,2.0,0.0,3.0,2.0,0.0,2.0,0.0,1.0,3.0,3.0,2.0,None,None,None,None,None,None,None,None,-,-,-,-
Accoount 2904,0,Standard / Low-Engagement Base,0,Normal,1.0117,0.0513,1.0,2.0,0.0,3.0,2.0,0.0,2.0,0.0,1.0,3.0,3.0,2.0,None,None,None,None,None,None,None,None,-,-,-,-
Accoount 2905,0,Standard / Low-Engagement Base,0,Normal,1.0117,0.0513,1.0,2.0,0.0,3.0,2.0,0.0,2.0,0.0,1.0,3.0,3.0,2.0,None,None,None,None,None,None,None,None,-,-,-,-
Accoount 2906,0,Standard / Low-Engagement Base,0,Normal,1.0117,0.0513,1.0,2.0,0.0,3.0,2.0,0.0,2.0,0.0,1.0,3.0,3.0,2.0,None,None,None,None,None,None,None,None,-,-,-,-
Accoount 2907,0,Standard / Low-Engagement Base,0,Normal,1.0117,0.0513,1.0,2.0,0.0,3.0,2.0,0.0,2.0,0.0,1.0,3.0,3.0,2.0,None,None,None,None,None,None,None,None,-,-,-,-
Accoount 2908,0,Standard / Low-Engagement Base,0,Normal,1.0117,0.0513,1.0,2.0,0.0,3.0,2.0,0.0,2.0,0.0,1.0,3.0,3.0,2.0,None,None,None,None,None,None,None,None,-,-,-,-
Accoount 2909,0,Standard / Low-Engagement Base,0,Normal,1.0117,0.0513,1.0,2.0,0.0,3.0,2.0,0.0,2.0,0.0,1.0,3.0,3.0,2.0,None,None,None,None,None,None,None,None,-,-,-,-
Accoount 2910,0,Standard / Low-Engagement Base,0,Normal,1.0117,0.0513,1.0,2.0,0.0,3.0,2.0,0.0,2.0,0.0,1.0,3.0,3.0,2.0,None,None,None,None,None,None,None,None,-,-,-,-
Accoount 2911,0,Standard / Low-Engagement Base,0,Normal,1.0117,0.0513,1.0,2.0,0.0,3.0,2.0,0.0,2.0,0.0,1.0,3.0,3.0,2.0,None,None,None,None,None,None,None,None,-,-,-,-
Accoount 2912,0,Standard / Low-Engagement Base,0,Normal,1.0117,0.0513,1.0,2.0,0.0,3.0,2.0,0.0,2.0,0.0,1.0,3.0,3.0,2.0,None,None,None,None,None,None,None,None,-,-,-,-
Accoount 2913,0,Standard / Low-Engagement Base,0,Normal,1.0117,0.0513,1.0,2.0,0.0,3.0,2.0,0.0,2.0,0.0,1.0,3.0,3.0,2.0,None,None,None,None,None,None,None,None,-,-,-,-
Accoount 2914,0,Standard / Low-Engagement Base,0,Normal,1.0117,0.0513,1.0,2.0,0.0,3.0,2.0,0.0,2.0,0.0,1.0,3.0,3.0,2.0,None,None,None,None,None,None,None,None,-,-,-,-
Accoount 2915,0,Standard / Low-Engagement Base,0,Normal,1.0117,0.0513,1.0,2.0,0.0,3.0,2.0,0.0,2.0,0.0,1.0,3.0,3.0,2.0,None,None,None,None,None,None,None,None,-,-,-,-
Accoount 2916,0,Standard / Low-Engagement Base,0,Normal,1.0117,0.0513,1.0,2.0,0.0,3.0,2.0,0.0,2.0,0.0,1.0,3.0,3.0,2.0,None,None,None,None,None,None,None,None,-,-,-,-
Accoount 2917,0,Standard / Low-Engagement Base,0,Normal,1.0117,0.0513,1.0,2.0,0.0,3.0,2.0,0.0,2.0,0.0,1.0,3.0,3.0,2.0,None,None,None,None,None,None,None,None,-,-,-,-
Accoount 2918,0,Standard / Low-Engagement Base,0,Normal,1.0117,0.0513,1.0,2.0,0.0,3.0,2.0,0.0,2.0,0.0,1.0,3.0,3.0,2.0,None,None,None,None,None,None,None,None,-,-,-,-
Accoount 2919,0,Standard / Low-Engagement Base,0,Normal,1.0117,0.0513,1.0,2.0,0.0,3.0,2.0,0.0,2.0,0.0,1.0,3.0,3.0,2.0,None,None,None,None,None,None,None,None,-,-,-,-
Accoount 2920,0,Standard / Low-Engagement Base,0,Normal,1.0117,0.0513,1.0,2.0,0.0,3.0,2.0,0.0,2.0,0.0,1.0,3.0,3.0,2.0,None,None,None,None,None,None,None,None,-,-,-,-
Accoount 2921,0,Standard / Low-Engagement Base,0,Normal,1.0117,0.0513,1.0,2.0,0.0,3.0,2.0,0.0,2.0,0.0,1.0,3.0,3.0,2.0,None,None,None,None,None,None,None,None,-,-,-,-
Accoount 2922,3,High-Growth Potential Early Adopters,0,Normal,0.1187,1.7699,1.0,2.0,0.0,3.0,0.0,2.0,3.0,0.0,1.0,3.0,3.0,2.0,None,None,None,None,Low,Medium,High,None,-,-,-,-
Accoount 2923,0,Standard / Low-Engagement Base,0,Normal,1.0117,0.0513,1.0,2.0,0.0,3.0,2.0,0.0,2.0,0.0,1.0,3.0,3.0,2.0,None,None,None,None,None,None,None,None,-,-,-,-
Accoount 2924,0,Standard / Low-Engagement Base,0,Normal,1.0117,0.0513,1.0,2.0,0.0,3.0,2.0,0.0,2.0,0.0,1.0,3.0,3.0,2.0,None,None,None,None,None,None,None,None,-,-,-,-
Accoount 2925,0,Standard / Low-Engagement Base,0,Normal,1.0117,0.0513,1.0,2.0,0.0,3.0,2.0,0.0,2.0,0.0,1.0,3.0,3.0,2.0,None,None,None,None,None,None,None,None,-,-,-,-
Accoount 2926,0,Standard / Low-Engagement Base,0,Normal,1.0117,0.0513,1.0,2.0,0.0,3.0,2.0,0.0,2.0,0.0,1.0,3.0,3.0,2.0,None,None,None,None,Medium,Low,Medium,None,-,-,-,-
Accoount 2927,0,Standard / Low-Engagement Base,0,Normal,1.0117,0.0513,1.0,2.0,0.0,3.0,2.0,0.0,2.0,0.0,1.0,3.0,3.0,2.0,None,None,None,None,None,None,None,None,-,-,-,-
Accoount 2928,0,Standard / Low-Engagement Base,0,Normal,1.0117,0.0513,1.0,2.0,0.0,3.0,2.0,0.0,2.0,0.0,1.0,3.0,3.0,2.0,None,None,None,None,None,None,None,None,-,-,-,-
Accoount 2929,0,Standard / Low-Engagement Base,0,Normal,1.0117,0.0513,1.0,2.0,0.0,3.0,2.0,0.0,2.0,0.0,1.0,3.0,3.0,2.0,None,None,None,None,None,None,None,None,-,-,-,-
Accoount 2930,0,Standard / Low-Engagement Base,0,Normal,1.0117,0.0513,1.0,2.0,0.0,3.0,2.0,0.0,2.0,0.0,1.0,3.0,3.0,2.0,None,None,None,None,None,None,None,None,-,-,-,-
Accoount 2931,0,Standard / Low-Engagement Base,0,Normal,1.0117,0.0513,1.0,2.0,0.0,3.0,2.0,0.0,2.0,0.0,1.0,3.0,3.0,2.0,None,None,None,None,None,None,None,None,-,-,-,-
Accoount 2932,0,Standard / Low-Engagement Base,0,Normal,1.0117,0.0513,1.0,2.0,0.0,3.0,2.0,0.0,2.0,0.0,1.0,3.0,3.0,2.0,None,None,None,None,None,None,None,None,-,-,-,-
Accoount 2933,0,Standard / Low-Engagement Base,0,Normal,1.0117,0.0513,1.0,2.0,0.0,3.0,2.0,0.0,2.0,0.0,1.0,3.0,3.0,2.0,None,None,None,None,None,None,None,None,-,-,-,-
Accoount 2934,0,Standard / Low-Engagement Base,0,Normal,1.0117,0.0513,1.0,2.0,0.0,3.0,2.0,0.0,2.0,0.0,1.0,3.0,3.0,2.0,None,None,None,None,None,None,None,None,-,-,-,-
Accoount 2935,0,Standard / Low-Engagement Base,0,Normal,1.0117,0.0513,1.0,2.0,0.0,3.0,2.0,0.0,2.0,0.0,1.0,3.0,3.0,2.0,None,None,None,None,None,None,None,None,-,-,-,-
Accoount 2936,0,Standard / Low-Engagement Base,0,Normal,1.0117,0.0513,1.0,2.0,0.0,3.0,2.0,0.0,2.0,0.0,1.0,3.0,3.0,2.0,None,None,None,None,None,None,None,None,-,-,-,-
Accoount 2937,0,Standard / Low-Engagement Base,0,Normal,1.0117,0.0513,1.0,2.0,0.0,3.0,2.0,0.0,2.0,0.0,1.0,3.0,3.0,2.0,None,None,None,None,None,None,None,None,-,-,-,-
Accoount 2938,0,Standard / Low-Engagement Base,0,Normal,1.0117,0.0513,1.0,2.0,0.0,3.0,2.0,0.0,2.0,0.0,1.0,3.0,3.0,2.0,None,None,None,None,None,None,None,None,-,-,-,-
Accoount 2939,0,Standard / Low-Engagement Base,0,Normal,1.0117,0.0513,1.0,2.0,0.0,3.0,2.0,0.0,2.0,0.0,1.0,3.0,3.0,2.0,None,None,None,None,None,None,None,None,-,-,-,-
Accoount 2940,0,Standard / Low-Engagement Base,0,Normal,1.0117,0.0513,1.0,2.0,0.0,3.0,2.0,0.0,2.0,0.0,1.0,3.0,3.0,2.0,None,None,None,None,None,None,None,None,-,-,-,-
Accoount 2941,0,Standard / Low-Engagement Base,0,Normal,1.0117,0.0513,1.0,2.0,0.0,3.0,2.0,0.0,2.0,0.0,1.0,3.0,3.0,2.0,None,None,None,None,None,None,None,None,-,-,-,-
Accoount 2942,0,Standard / Low-Engagement Base,0,Normal,1.0117,0.0513,1.0,2.0,0.0,3.0,2.0,0.0,2.0,0.0,1.0,3.0,3.0,2.0,None,None,None,None,None,None,None,None,-,-,-,-
Accoount 2943,0,Standard / Low-Engagement Base,0,Normal,1.0117,0.0513,1.0,2.0,0.0,3.0,2.0,0.0,2.0,0.0,1.0,3.0,3.0,2.0,None,None,None,None,None,None,None,None,-,-,-,-
Accoount 2944,0,Standard / Low-Engagement Base,0,Normal,1.0117,0.0513,1.0,2.0,0.0,3.0,2.0,0.0,2.0,0.0,1.0,3.0,3.0,2.0,None,None,None,None,None,None,None,None,-,-,-,-
Accoount 2945,0,Standard / Low-Engagement Base,0,Normal,1.0117,0.0513,1.0,2.0,0.0,3.0,2.0,0.0,2.0,0.0,1.0,3.0,3.0,2.0,None,None,None,None,None,None,None,None,-,-,-,-
Accoount 2946,0,Standard / Low-Engagement Base,0,Normal,1.0117,0.0513,1.0,2.0,0.0,3.0,2.0,0.0,2.0,0.0,1.0,3.0,3.0,2.0,None,None,None,None,None,None,None,None,-,-,-,-
Accoount 2947,0,Standard / Low-Engagement Base,0,Normal,1.0117,0.0513,1.0,2.0,0.0,3.0,2.0,0.0,2.0,0.0,1.0,3.0,3.0,2.0,None,None,None,None,None,None,None,None,-,-,-,-
Accoount 2948,0,Standard / Low-Engagement Base,0,Normal,1.0117,0.0513,1.0,2.0,0.0,3.0,2.0,0.0,2.0,0.0,1.0,3.0,3.0,2.0,None,None,None,None,None,None,None,None,-,-,-,-
Accoount 2949,0,Standard / Low-Engagement Base,0,Normal,1.0117,0.0513,1.0,2.0,0.0,3.0,2.0,0.0,2.0,0.0,1.0,3.0,3.0,2.0,None,None,None,None,None,None,None,None,-,-,-,-
Accoount 2950,0,Standard / Low-Engagement Base,0,Normal,1.0117,0.0513,1.0,2.0,0.0,3.0,2.0,0.0,2.0,0.0,1.0,3.0,3.0,2.0,None,None,None,None,None,None,None,None,-,-,-,-
Accoount 2951,0,Standard / Low-Engagement Base,0,Normal,1.0117,0.0513,1.0,2.0,0.0,3.0,2.0,0.0,2.0,0.0,1.0,3.0,3.0,2.0,None,None,None,None,None,None,None,None,-,-,-,-
Accoount 2952,0,Standard / Low-Engagement Base,0,Normal,1.0117,0.0513,1.0,2.0,0.0,3.0,2.0,0.0,2.0,0.0,1.0,3.0,3.0,2.0,None,None,None,None,None,None,None,None,-,-,-,-
Accoount 2953,0,Standard / Low-Engagement Base,0,Normal,1.0117,0.0513,1.0,2.0,0.0,3.0,2.0,0.0,2.0,0.0,1.0,3.0,3.0,2.0,None,None,None,None,None,None,None,None,-,-,-,-
Accoount 2954,0,Standard / Low-Engagement Base,0,Normal,1.0117,0.0513,1.0,2.0,0.0,3.0,2.0,0.0,2.0,0.0,1.0,3.0,3.0,2.0,None,None,None,None,None,None,None,None,-,-,-,-
Accoount 2955,0,Standard / Low-Engagement Base,0,Normal,1.0117,0.0513,1.0,2.0,0.0,3.0,2.0,0.0,2.0,0.0,1.0,3.0,3.0,2.0,None,None,None,None,None,None,None,None,-,-,-,-
Accoount 2956,0,Standard / Low-Engagement Base,0,Normal,1.0117,0.0513,1.0,2.0,0.0,3.0,2.0,0.0,2.0,0.0,1.0,3.0,3.0,2.0,None,None,None,None,None,None,None,None,-,-,-,-
Accoount 2957,0,Standard / Low-Engagement Base,0,Normal,1.0117,0.0513,1.0,2.0,0.0,3.0,2.0,0.0,2.0,0.0,1.0,3.0,3.0,2.0,None,None,None,None,None,None,None,None,-,-,-,-
Accoount 2958,0,Standard / Low-Engagement Base,0,Normal,1.0117,0.0513,1.0,2.0,0.0,3.0,2.0,0.0,2.0,0.0,1.0,3.0,3.0,2.0,None,None,None,None,None,None,None,None,-,-,-,-
Accoount 2959,0,Standard / Low-Engagement Base,0,Normal,1.0117,0.0513,1.0,2.0,0.0,3.0,2.0,0.0,2.0,0.0,1.0,3.0,3.0,2.0,None,None,None,None,None,None,None,None,-,-,-,-
Accoount 2960,0,Standard / Low-Engagement Base,0,Normal,1.0117,0.0513,1.0,2.0,0.0,3.0,2.0,0.0,2.0,0.0,1.0,3.0,3.0,2.0,None,None,None,None,None,None,None,None,-,-,-,-
Accoount 2961,0,Standard / Low-Engagement Base,0,Normal,1.0117,0.0513,1.0,2.0,0.0,3.0,2.0,0.0,2.0,0.0,1.0,3.0,3.0,2.0,None,None,None,None,None,None,None,None,-,-,-,-
Accoount 2962,0,Standard / Low-Engagement Base,0,Normal,1.0117,0.0513,1.0,2.0,0.0,3.0,2.0,0.0,2.0,0.0,1.0,3.0,3.0,2.0,None,None,None,None,None,None,None,None,-,-,-,-
Accoount 2963,0,Standard / Low-Engagement Base,0,Normal,1.0117,0.0513,1.0,2.0,0.0,3.0,2.0,0.0,2.0,0.0,1.0,3.0,3.0,2.0,None,None,None,None,None,None,None,None,-,-,-,-
Accoount 2964,0,Standard / Low-Engagement Base,0,Normal,1.0117,0.0513,1.0,2.0,0.0,3.0,2.0,0.0,2.0,0.0,1.0,3.0,3.0,2.0,None,None,None,None,None,None,None,None,-,-,-,-
Accoount 2965,0,Standard / Low-Engagement Base,0,Normal,1.0117,0.0513,1.0,2.0,0.0,3.0,2.0,0.0,2.0,0.0,1.0,3.0,3.0,2.0,None,None,None,None,None,None,None,None,-,-,-,-
Accoount 2966,0,Standard / Low-Engagement Base,0,Normal,1.0117,0.0513,1.0,2.0,0.0,3.0,2.0,0.0,2.0,0.0,1.0,3.0,3.0,2.0,None,None,None,None,None,None,None,None,-,-,-,-
Accoount 2967,0,Standard / Low-Engagement Base,0,Normal,1.0117,0.0513,1.0,2.0,0.0,3.0,2.0,0.0,2.0,0.0,1.0,3.0,3.0,2.0,None,None,None,None,None,None,None,None,-,-,-,-
Accoount 2968,0,Standard / Low-Engagement Base,0,Normal,1.0117,0.0513,1.0,2.0,0.0,3.0,2.0,0.0,2.0,0.0,1.0,3.0,3.0,2.0,None,None,None,None,None,None,None,None,-,-,-,-
Accoount 2969,0,Standard / Low-Engagement Base,0,Normal,1.0117,0.0513,1.0,2.0,0.0,3.0,2.0,0.0,2.0,0.0,1.0,3.0,3.0,2.0,None,None,None,None,None,None,None,None,-,-,-,-
Accoount 2970,0,Standard / Low-Engagement Base,0,Normal,1.0117,0.0513,1.0,2.0,0.0,3.0,2.0,0.0,2.0,0.0,1.0,3.0,3.0,2.0,None,None,None,None,None,None,None,None,-,-,-,-
Accoount 2971,0,Standard / Low-Engagement Base,0,Normal,1.0117,0.0513,1.0,2.0,0.0,3.0,2.0,0.0,2.0,0.0,1.0,3.0,3.0,2.0,None,None,None,None,None,None,None,None,-,-,-,-
Accoount 2972,0,Standard / Low-Engagement Base,0,Normal,1.0117,0.0513,1.0,2.0,0.0,3.0,2.0,0.0,2.0,0.0,1.0,3.0,3.0,2.0,None,None,None,None,None,None,None,None,-,-,-,-
Accoount 2973,0,Standard / Low-Engagement Base,0,Normal,1.0117,0.0513,1.0,2.0,0.0,3.0,2.0,0.0,2.0,0.0,1.0,3.0,3.0,2.0,None,None,None,None,None,None,None,None,-,-,-,-
Accoount 2974,0,Standard / Low-Engagement Base,0,Normal,1.0117,0.0513,1.0,2.0,0.0,3.0,2.0,0.0,2.0,0.0,1.0,3.0,3.0,2.0,None,None,None,None,None,None,None,None,-,-,-,-
Accoount 2975,0,Standard / Low-Engagement Base,0,Normal,1.0117,0.0513,1.0,2.0,0.0,3.0,2.0,0.0,2.0,0.0,1.0,3.0,3.0,2.0,None,None,None,None,None,None,None,None,-,-,-,-
Accoount 2976,0,Standard / Low-Engagement Base,0,Normal,1.0117,0.0513,1.0,2.0,0.0,3.0,2.0,0.0,2.0,0.0,1.0,3.0,3.0,2.0,None,None,None,None,None,None,None,None,-,-,-,-
Accoount 2977,0,Standard / Low-Engagement Base,0,Normal,1.0117,0.0513,1.0,2.0,0.0,3.0,2.0,0.0,2.0,0.0,1.0,3.0,3.0,2.0,None,None,None,None,None,None,None,None,-,-,-,-
Accoount 2978,0,Standard / Low-Engagement Base,0,Normal,1.0117,0.0513,1.0,2.0,0.0,3.0,2.0,0.0,2.0,0.0,1.0,3.0,3.0,2.0,None,None,None,None,None,None,None,None,-,-,-,-
Accoount 2979,0,Standard / Low-Engagement Base,0,Normal,1.0117,0.0513,1.0,2.0,0.0,3.0,2.0,0.0,2.0,0.0,1.0,3.0,3.0,2.0,None,None,None,None,None,None,None,None,-,-,-,-
Accoount 2980,0,Standard / Low-Engagement Base,0,Normal,1.0117,0.0513,1.0,2.0,0.0,3.0,2.0,0.0,2.0,0.0,1.0,3.0,3.0,2.0,None,None,None,None,None,None,None,None,-,-,-,-
Accoount 2981,0,Standard / Low-Engagement Base,0,Normal,1.0117,0.0513,1.0,2.0,0.0,3.0,2.0,0.0,2.0,0.0,1.0,3.0,3.0,2.0,None,None,None,None,None,None,None,None,-,-,-,-
Accoount 2982,0,Standard / Low-Engagement Base,0,Normal,1.0117,0.0513,1.0,2.0,0.0,3.0,2.0,0.0,2.0,0.0,1.0,3.0,3.0,2.0,None,None,None,None,None,None,None,None,-,-,-,-
Accoount 2983,0,Standard / Low-Engagement Base,0,Normal,1.0117,0.0513,1.0,2.0,0.0,3.0,2.0,0.0,2.0,0.0,1.0,3.0,3.0,2.0,None,None,None,None,None,None,None,None,-,-,-,-
Accoount 2984,0,Standard / Low-Engagement Base,0,Normal,1.0117,0.0513,1.0,2.0,0.0,3.0,2.0,0.0,2.0,0.0,1.0,3.0,3.0,2.0,None,None,None,None,None,None,None,None,-,-,-,-
Accoount 2985,0,Standard / Low-Engagement Base,0,Normal,1.0117,0.0513,1.0,2.0,0.0,3.0,2.0,0.0,2.0,0.0,1.0,3.0,3.0,2.0,None,None,None,None,None,None,None,None,-,-,-,-
Accoount 2986,0,Standard / Low-Engagement Base,0,Normal,1.0117,0.0513,1.0,2.0,0.0,3.0,2.0,0.0,2.0,0.0,1.0,3.0,3.0,2.0,None,None,None,None,None,None,None,None,-,-,-,-
Accoount 2987,3,High-Growth Potential Early Adopters,0,Normal,0.1187,1.7699,1.0,2.0,0.0,3.0,0.0,2.0,3.0,0.0,1.0,3.0,3.0,2.0,None,None,None,None,Low,Medium,High,None,-,-,-,-
Accoount 2988,0,Standard / Low-Engagement Base,0,Normal,1.0117,0.0513,1.0,2.0,0.0,3.0,2.0,0.0,2.0,0.0,1.0,3.0,3.0,2.0,None,None,None,None,None,None,None,None,-,-,-,-
Accoount 2989,0,Standard / Low-Engagement Base,0,Normal,1.0117,0.0513,1.0,2.0,0.0,3.0,2.0,0.0,2.0,0.0,1.0,3.0,3.0,2.0,None,None,None,None,None,None,None,None,-,-,-,-
Accoount 2990,0,Standard / Low-Engagement Base,0,Normal,1.0117,0.0513,1.0,2.0,0.0,3.0,2.0,0.0,2.0,0.0,1.0,3.0,3.0,2.0,None,None,None,None,None,None,None,None,-,-,-,-
Accoount 2991,0,Standard / Low-Engagement Base,0,Normal,1.0117,0.0513,1.0,2.0,0.0,3.0,2.0,0.0,2.0,0.0,1.0,3.0,3.0,2.0,None,None,None,None,None,None,None,None,-,-,-,-
Accoount 2992,0,Standard / Low-Engagement Base,0,Normal,1.0117,0.0513,1.0,2.0,0.0,3.0,2.0,0.0,2.0,0.0,1.0,3.0,3.0,2.0,None,None,None,None,None,None,None,None,-,-,-,-
Accoount 2993,0,Standard / Low-Engagement Base,0,Normal,1.0117,0.0513,1.0,2.0,0.0,3.0,2.0,0.0,2.0,0.0,1.0,3.0,3.0,2.0,Unknown,None,None,None,None,None,None,None,-,-,-,-
Accoount 2994,0,Standard / Low-Engagement Base,0,Normal,1.0117,0.0513,1.0,2.0,0.0,3.0,2.0,0.0,2.0,0.0,1.0,3.0,3.0,2.0,None,None,None,None,Medium,Low,Medium,None,-,-,-,-
Accoount 2995,1,High-Volume Competitive Accounts,0,Normal,-2.3042,-1.4823,2.0,2.0,0.0,3.0,2.0,0.0,2.0,0.0,1.0,0.0,1.0,2.0,Potentially Seasonal,Trend Follower,None,None,None,None,None,Minimal Change,-,Low,Unknown,-
Accoount 2996,1,High-Volume Competitive Accounts,0,Normal,-2.3042,-1.4823,2.0,2.0,0.0,3.0,2.0,0.0,2.0,0.0,1.0,0.0,1.0,2.0,Potentially Seasonal,None,None,None,None,None,None,Minimal Change,-,Low,Unknown,-
Accoount 2997,2,Lean High-Margin Accounts,0,Normal,-0.2325,-0.5294,1.0,2.0,0.0,3.0,2.0,0.0,2.0,0.0,1.0,2.0,2.0,2.0,Unknown,None,None,None,None,None,None,Minimal Change,Yes,Medium,Medium,-
Accoount 2998,1,High-Volume Competitive Accounts,0,Normal,-2.157,-1.6105,1.0,2.0,0.0,3.0,2.0,0.0,2.0,0.0,1.0,0.0,1.0,2.0,Unknown,None,None,None,None,None,None,None,-,Low,Unknown,-
Accoount 2999,2,Lean High-Margin Accounts,0,Normal,-0.3797,-0.4012,2.0,2.0,0.0,3.0,2.0,0.0,2.0,0.0,1.0,2.0,2.0,2.0,Potentially Seasonal,None,None,None,None,None,None,Minimal Change,Yes,Medium,Medium,-
Accoount 3000,2,Lean High-Margin Accounts,0,Normal,-0.3793,-0.3341,2.0,3.0,0.0,3.0,2.0,0.0,2.0,0.0,1.0,2.0,2.0,2.0,Potentially Seasonal,Early Adopter,None,None,None,None,None,Minimal Change,Yes,Medium,Medium,-
Accoount 3001,2,Lean High-Margin Accounts,0,Normal,-0.2325,-0.5294,1.0,2.0,0.0,3.0,2.0,0.0,2.0,0.0,1.0,2.0,2.0,2.0,Unknown,None,None,None,None,None,None,Minimal Change,-,Medium,Medium,-
Accoount 3002,0,Standard / Low-Engagement Base,0,Normal,0.1844,-0.2536,2.0,3.0,0.0,3.0,2.0,0.0,2.0,0.0,1.0,2.0,3.0,2.0,Potentially Seasonal,Early Adopter,None,None,None,None,None,Minimal Change,-,Medium,High,-
Accoount 3003,0,Standard / Low-Engagement Base,0,Normal,0.1833,-0.4551,2.0,0.0,0.0,3.0,2.0,0.0,2.0,0.0,1.0,2.0,3.0,2.0,Potentially Seasonal,Late Adopter,None,None,None,None,None,Minimal Change,-,Medium,High,-
Accoount 3004,1,High-Volume Competitive Accounts,0,Normal,-1.0296,-1.4496,1.0,2.0,0.0,3.0,2.0,0.0,2.0,0.0,1.0,0.0,3.0,2.0,Unknown,None,None,None,None,None,None,None,-,Low,High,-
Accoount 3005,1,High-Volume Competitive Accounts,0,Normal,-1.57,-1.6586,0.0,0.0,0.0,3.0,2.0,0.0,2.0,3.0,1.0,0.0,2.0,2.0,Non Seasonal,Late Adopter,None,None,None,None,None,Concerning,-,Low,Medium,-
Accoount 3006,0,Standard / Low-Engagement Base,0,Normal,0.1841,-0.3208,2.0,2.0,0.0,3.0,2.0,0.0,2.0,0.0,1.0,2.0,3.0,2.0,Potentially Seasonal,None,None,None,None,None,None,Minimal Change,-,Medium,High,-
Accoount 3007,0,Standard / Low-Engagement Base,0,Normal,0.3313,-0.449,1.0,2.0,0.0,3.0,2.0,0.0,2.0,0.0,1.0,2.0,3.0,2.0,Unknown,None,None,None,None,None,None,None,-,Medium,High,-
Accoount 3008,1,High-Volume Competitive Accounts,0,Normal,-1.0296,-1.4496,1.0,2.0,0.0,3.0,2.0,0.0,2.0,0.0,1.0,0.0,3.0,2.0,Unknown,None,None,None,None,None,None,None,-,Low,High,-
Accoount 3009,2,Lean High-Margin Accounts,0,Normal,-0.7962,-0.6099,1.0,2.0,0.0,3.0,2.0,0.0,2.0,0.0,1.0,2.0,1.0,2.0,Unknown,None,None,None,None,None,None,None,-,Medium,Unknown,-
Accoount 3010,0,Standard / Low-Engagement Base,0,Normal,1.0117,0.0513,1.0,2.0,0.0,3.0,2.0,0.0,2.0,0.0,1.0,3.0,3.0,2.0,Unknown,None,None,None,None,None,None,Minimal Change,Yes,High,High,-
Accoount 3011,1,High-Volume Competitive Accounts,0,Normal,-1.1768,-1.3214,2.0,2.0,0.0,3.0,2.0,0.0,2.0,0.0,1.0,0.0,3.0,2.0,Potentially Seasonal,Trend Follower,None,None,None,None,None,Minimal Change,-,Low,High,-
Accoount 3012,2,Lean High-Margin Accounts,0,Normal,0.448,-0.0291,1.0,2.0,0.0,3.0,2.0,0.0,2.0,0.0,1.0,3.0,2.0,2.0,Unknown,None,None,None,None,None,None,Minimal Change,-,High,Medium,-
Accoount 3013,1,High-Volume Competitive Accounts,0,Normal,-1.7172,-1.5304,1.0,0.0,0.0,3.0,2.0,0.0,2.0,3.0,1.0,0.0,2.0,2.0,Unknown,Late Adopter,None,None,None,None,None,Concerning,-,Low,Medium,-
Accoount 3014,0,Standard / Low-Engagement Base,0,Normal,0.2786,-0.5382,1.0,2.0,0.0,0.0,2.0,0.0,2.0,0.0,1.0,2.0,3.0,2.0,Unknown,None,Low,Low,None,None,None,None,Yes,Medium,High,-
Accoount 3015,0,Standard / Low-Engagement Base,0,Normal,1.0121,0.1185,1.0,3.0,0.0,3.0,2.0,0.0,2.0,0.0,1.0,3.0,3.0,2.0,Unknown,Early Adopter,None,None,None,None,None,Minimal Change,Yes,High,High,-
Accoount 3016,1,High-Volume Competitive Accounts,0,Normal,-2.1574,-1.6777,1.0,1.0,0.0,3.0,2.0,0.0,2.0,0.0,1.0,0.0,1.0,2.0,Unknown,Unknown,None,None,None,None,None,Minimal Change,-,Low,Unknown,-
Accoount 3017,0,Standard / Low-Engagement Base,0,Normal,1.0117,0.0513,1.0,2.0,0.0,3.0,2.0,0.0,2.0,0.0,1.0,3.0,3.0,2.0,Unknown,Trend Follower,None,None,None,None,None,None,Yes,High,High,-
Accoount 3018,1,High-Volume Competitive Accounts,0,Normal,-2.7207,-1.6909,1.0,2.0,0.0,3.0,2.0,0.0,2.0,0.0,1.0,0.0,0.0,2.0,Unknown,Trend Follower,None,None,None,None,None,None,-,Low,Low,-
Accoount 3019,0,Standard / Low-Engagement Base,0,Normal,0.3305,-0.5833,1.0,0.0,0.0,3.0,2.0,0.0,2.0,0.0,1.0,2.0,3.0,2.0,Unknown,Late Adopter,None,None,None,None,None,None,-,Medium,High,-
Accoount 3020,0,Standard / Low-Engagement Base,0,Normal,1.0117,0.0513,1.0,2.0,0.0,3.0,2.0,0.0,2.0,0.0,1.0,3.0,3.0,2.0,None,None,None,None,None,None,None,None,-,-,-,-
Accoount 3021,0,Standard / Low-Engagement Base,0,Normal,0.3313,-0.449,1.0,2.0,0.0,3.0,2.0,0.0,2.0,0.0,1.0,2.0,3.0,2.0,None,None,None,None,None,None,None,None,-,Medium,High,-
Accoount 3022,2,Lean High-Margin Accounts,0,Normal,-0.2325,-0.5294,1.0,2.0,0.0,3.0,2.0,0.0,2.0,0.0,1.0,2.0,2.0,2.0,None,None,None,None,None,None,None,None,-,Medium,Medium,-
Accoount 3023,0,Standard / Low-Engagement Base,0,Normal,1.0117,0.0513,1.0,2.0,0.0,3.0,2.0,0.0,2.0,0.0,1.0,3.0,3.0,2.0,None,None,None,None,None,None,None,None,-,-,-,-
Accoount 3024,0,Standard / Low-Engagement Base,0,Normal,1.0117,0.0513,1.0,2.0,0.0,3.0,2.0,0.0,2.0,0.0,1.0,3.0,3.0,2.0,None,None,None,None,None,None,None,None,-,-,-,-
Accoount 3025,0,Standard / Low-Engagement Base,0,Normal,1.0117,0.0513,1.0,2.0,0.0,3.0,2.0,0.0,2.0,0.0,1.0,3.0,3.0,2.0,None,None,None,None,None,None,None,None,-,-,-,-
Accoount 3026,2,Lean High-Margin Accounts,0,Normal,0.448,-0.0291,1.0,2.0,0.0,3.0,2.0,0.0,2.0,0.0,1.0,3.0,2.0,2.0,None,None,None,None,None,None,None,None,Yes,High,Medium,-
Accoount 3027,0,Standard / Low-Engagement Base,0,Normal,1.0117,0.0513,1.0,2.0,0.0,3.0,2.0,0.0,2.0,0.0,1.0,3.0,3.0,2.0,None,None,None,None,None,None,None,None,Yes,High,High,-
Accoount 3028,1,High-Volume Competitive Accounts,0,Normal,-2.157,-1.6105,1.0,2.0,0.0,3.0,2.0,0.0,2.0,0.0,1.0,0.0,1.0,2.0,None,None,None,None,None,None,None,None,-,Low,Unknown,-
Accoount 3029,0,Standard / Low-Engagement Base,0,Normal,1.0117,0.0513,1.0,2.0,0.0,3.0,2.0,0.0,2.0,0.0,1.0,3.0,3.0,2.0,None,None,None,None,None,None,None,None,-,-,-,-
Accoount 3030,0,Standard / Low-Engagement Base,0,Normal,1.0117,0.0513,1.0,2.0,0.0,3.0,2.0,0.0,2.0,0.0,1.0,3.0,3.0,2.0,None,None,None,None,None,None,None,None,Yes,High,High,-
